Property_ID,Title,City,Locality,Property_Type,Price_USD,Area_SqFt,Bedrooms,Bathrooms,Year_Built,Listing_Date,Status,Demand_Score,Customer_Rating,Price_Per_SqFt,Property_Age,Investment_Score
PROP-10000,3 BHK Villa for sale in Manhattan,New York,Manhattan,Villa,5173316.59,2943.0,3,2,2017.0,2024-01-31,Active,10,4.6,1757.84,9.0,8.3
PROP-10001,Residential plot of 3547 sqft in Brooklyn,New York,Brooklyn,Plot,3892878.45,3547.0,0,0,1994.0,2024-12-10,Pending,2,4.2,1097.51,32.0,4.9
PROP-10002,3 BHK Apartment for sale in Loop,Chicago,Loop,Apartment,816513.13,2198.0,3,3,1944.0,2024-02-16,Pending,2,4.7,371.48,82.0,5.0
PROP-10003,2 BHK Apartment for sale in South Austin,Austin,South Austin,Apartment,690926.29,1593.0,2,1,1979.0,2025-10-17,Active,6,4.7,433.73,47.0,6.8
PROP-10004,Commercial Space / Office in Pacific Heights,San Francisco,Pacific Heights,Commercial,43066159.08,22064.0,0,9,1969.0,2024-09-09,Sold,5,4.5,1951.87,57.0,6.3
PROP-10005,2 BHK Apartment for sale in Marina,San Francisco,Marina,Apartment,936895.86,813.0,2,3,1974.0,2025-01-29,Pending,9,4.6,1152.39,52.0,7.8
PROP-10006,Commercial Space / Office in Downtown,Austin,Downtown,Commercial,7615881.19,15867.0,0,2,2021.0,2024-09-26,Active,10,4.9,479.98,5.0,8.3
PROP-10007,Commercial Space / Office in Mission District,San Francisco,Mission District,Commercial,7481890.18,13053.0,0,7,2016.0,2024-11-10,Active,10,4.1,573.19,10.0,8.8
PROP-10008,Residential plot of 4470 sqft in Marina,San Francisco,Marina,Plot,5650593.75,4470.0,0,0,1991.5,2024-07-24,Pending,6,3.9,1264.11,34.5,6.1
PROP-10009,3 BHK Villa for sale in Downtown,Austin,Downtown,Villa,1201766.18,2381.0,3,3,1984.0,2024-12-04,Active,7,4.3,504.73,42.0,6.7
PROP-10010,4 BHK Apartment for sale in River North,Chicago,River North,Apartment,629890.95,1849.0,4,2,1974.0,2024-02-25,Sold,2,3.1,340.67,52.0,4.2
PROP-10011,Residential plot of 5092 sqft in Marina,San Francisco,Marina,Plot,6343752.51,5092.0,0,0,1991.5,2024-03-18,Sold,2,3.1,1245.83,34.5,4.0
PROP-10012,Commercial Space / Office in SOMA,San Francisco,SOMA,Commercial,9721873.45,8004.0,0,8,2017.0,2025-01-23,Pending,7,4.9,1214.63,9.0,7.4
PROP-10013,3 BHK Villa for sale in Little Havana,Miami,Little Havana,Villa,1491358.54,3583.0,3,2,2000.0,2025-08-21,Sold,3,3.1,416.23,26.0,4.8
PROP-10014,3 BHK Apartment for sale in Loop,Chicago,Loop,Apartment,499501.23,1358.0,3,2,1946.0,2024-11-17,Pending,3,4.3,367.82,80.0,5.2
PROP-10015,4 BHK Villa for sale in South Beach,Miami,South Beach,Villa,2654363.05,3972.0,5,4,1984.0,2025-01-13,Pending,10,4.6,668.27,42.0,8.1
PROP-10016,2 BHK Apartment for sale in Brooklyn,New York,Brooklyn,Apartment,2500232.25,2020.0,2,2,1956.0,2024-12-17,Sold,5,4.0,1237.74,70.0,5.9
PROP-10017,4 BHK Villa for sale in Manhattan,New York,Manhattan,Villa,7539133.36,3945.0,4,5,2015.0,2025-07-28,Active,5,4.1,1911.06,11.0,5.8
PROP-10018,5 BHK Villa for sale in Queens,New York,Queens,Villa,3407683.15,2642.0,5,5,2019.0,2024-08-30,Active,7,3.0,1289.81,7.0,5.9
PROP-10019,1 BHK Apartment for sale in Pacific Heights,San Francisco,Pacific Heights,Apartment,4367930.8,2286.0,1,2,1948.0,2025-04-16,Active,4,3.0,1910.73,78.0,5.0
PROP-10020,3 BHK Apartment for sale in Little Havana,Miami,Little Havana,Apartment,1255004.95,2296.0,3,1,1994.0,2024-09-28,Sold,7,3.7,546.6,32.0,6.3
PROP-10021,Commercial Space / Office in Pacific Heights,San Francisco,Pacific Heights,Commercial,40368912.86,18036.0,0,10,2003.0,2025-11-17,Pending,2,4.9,2238.24,23.0,5.2
PROP-10022,Residential plot of 5844 sqft in East Austin,Austin,East Austin,Plot,2138182.54,5844.0,0,0,1994.0,2024-07-15,Pending,3,4.2,365.88,32.0,5.2
PROP-10023,Residential plot of 8238 sqft in South Austin,Austin,South Austin,Plot,3642774.18,8238.0,0,0,1991.0,2024-08-06,Sold,3,4.3,442.19,35.0,5.3
PROP-10024,3 BHK Villa for sale in Brooklyn,New York,Brooklyn,Villa,4132270.42,3007.0,3,2,1995.0,2025-09-17,Active,8,3.8,1374.22,31.0,6.8
PROP-10025,3 BHK Villa for sale in Manhattan,New York,Manhattan,Villa,9957223.01,5605.0,3,3,1987.0,2025-04-20,Sold,10,4.8,1776.49,39.0,8.4
PROP-10026,Commercial Space / Office in Lincoln Park,Chicago,Lincoln Park,Commercial,5176046.19,9101.0,0,6,2009.0,2025-05-11,Pending,8,3.2,568.73,17.0,6.5
PROP-10027,Commercial Space / Office in SOMA,San Francisco,SOMA,Commercial,32942412.33,24147.0,0,5,1964.0,2024-12-04,Pending,3,3.4,1364.24,62.0,4.8
PROP-10028,4 BHK Apartment for sale in Little Havana,Miami,Little Havana,Apartment,572878.55,1111.0,4,2,1988.0,2025-07-13,Active,8,3.4,515.64,38.0,6.7
PROP-10029,1 BHK Apartment for sale in Marina,San Francisco,Marina,Apartment,1876375.78,1712.0,1,1,2002.0,2025-04-17,Pending,7,3.7,1096.01,24.0,6.6
PROP-10030,Commercial Space / Office in Hyde Park,Chicago,Hyde Park,Commercial,4993632.79,18675.0,0,2,1993.0,2025-10-27,Sold,1,4.5,267.4,33.0,4.7
PROP-10031,5 BHK Villa for sale in Marina,San Francisco,Marina,Villa,4507381.0,3899.0,5,3,2018.0,2024-04-27,Active,5,3.2,1156.04,8.0,5.4
PROP-10032,1 BHK Apartment for sale in Mission District,San Francisco,Mission District,Apartment,2705445.09,2241.0,1,3,2020.0,2025-06-29,Pending,2,4.0,1207.25,6.0,4.9
PROP-10033,6 BHK Villa for sale in Lincoln Park,Chicago,Lincoln Park,Villa,2312128.44,4012.0,6,5,2007.0,2025-08-29,Active,2,3.6,576.3,19.0,4.3
PROP-10034,Commercial Space / Office in Hyde Park,Chicago,Hyde Park,Commercial,3538721.5,12626.0,0,6,1981.0,2025-09-02,Pending,9,4.9,280.27,45.0,8.0
PROP-10035,2 BHK Apartment for sale in River North,Chicago,River North,Apartment,355997.84,1102.0,2,2,2008.0,2025-11-10,Pending,9,4.4,323.05,18.0,7.8
PROP-10036,2 BHK Apartment for sale in Brooklyn,New York,Brooklyn,Apartment,998629.56,892.0,2,3,1994.0,2025-08-26,Sold,10,4.1,1119.54,32.0,8.1
PROP-10037,Residential plot of 9042 sqft in Downtown,Austin,Downtown,Plot,3583790.0,9042.0,0,0,1988.0,2024-01-13,Pending,10,4.2,396.35,38.0,8.2
PROP-10038,2 BHK Apartment for sale in Bronx,New York,Bronx,Apartment,680831.0,810.0,2,3,1958.0,2024-09-11,Pending,10,4.6,840.53,68.0,8.4
PROP-10039,2 BHK Apartment for sale in Hyde Park,Chicago,Hyde Park,Apartment,436023.97,1781.0,2,2,2004.0,2024-09-02,Active,3,3.0,244.82,22.0,4.7
PROP-10040,Residential plot of 7965 sqft in Loop,Chicago,Loop,Plot,2465577.79,7965.0,0,0,1991.0,2024-08-18,Pending,3,3.1,309.55,35.0,4.7
PROP-10041,3 BHK Apartment for sale in Coral Gables,Miami,Coral Gables,Apartment,1947288.14,1910.0,3,3,1991.0,2025-05-27,Pending,2,4.2,1019.52,35.0,4.6
PROP-10042,4 BHK Apartment for sale in South Beach,Miami,South Beach,Apartment,1008665.62,1463.0,4,2,1943.0,2025-03-22,Pending,4,3.9,689.45,83.0,5.2
PROP-10043,3 BHK Apartment for sale in Hyde Park,Chicago,Hyde Park,Apartment,168461.44,680.0,3,2,1961.0,2025-02-17,Active,9,4.1,247.74,65.0,7.7
PROP-10044,Commercial Space / Office in South Austin,Austin,South Austin,Commercial,2327478.87,4978.0,0,2,2022.0,2024-09-02,Pending,9,4.4,467.55,4.0,7.7
PROP-10045,Residential plot of 8905 sqft in Marina,San Francisco,Marina,Plot,11410530.36,8905.0,0,0,1991.5,2024-09-06,Active,7,3.4,1281.36,34.5,6.1
PROP-10046,Residential plot of 1042 sqft in Queens,New York,Queens,Plot,1168938.56,1042.0,0,0,1988.0,2024-11-01,Sold,8,4.7,1121.82,38.0,7.6
PROP-10047,Residential plot of 4912 sqft in Little Havana,Miami,Little Havana,Plot,2408544.48,4912.0,0,0,1994.0,2024-08-27,Pending,1,3.6,490.34,32.0,4.0
PROP-10048,3 BHK Villa for sale in Marina,San Francisco,Marina,Villa,5100683.71,3970.0,3,5,1986.0,2025-04-12,Active,7,4.7,1284.81,40.0,6.9
PROP-10049,Commercial Space / Office in Loop,Chicago,Loop,Commercial,7631057.3,21538.0,0,9,2015.0,2025-09-24,Sold,5,5.0,354.31,11.0,6.5
PROP-10050,Residential plot of 1753 sqft in Bronx,New York,Bronx,Plot,1594213.09,1753.0,0,0,1993.0,2024-02-27,Pending,7,3.3,909.42,33.0,6.4
PROP-10051,Commercial Space / Office in SOMA,San Francisco,SOMA,Commercial,23947401.05,17307.0,0,4,1974.0,2024-09-17,Sold,3,4.8,1383.68,52.0,5.6
PROP-10052,Residential plot of 5949 sqft in East Austin,Austin,East Austin,Plot,1948389.33,5949.0,0,0,1994.0,2025-01-28,Active,4,3.8,327.52,32.0,5.5
PROP-10053,4 BHK Apartment for sale in Bronx,New York,Bronx,Apartment,2472913.53,2364.0,4,2,2019.0,2025-09-13,Active,4,4.2,1046.07,7.0,5.5
PROP-10054,2 BHK Apartment for sale in Queens,New York,Queens,Apartment,2274100.15,1999.0,2,1,1957.0,2025-03-01,Active,9,4.4,1137.62,69.0,7.8
PROP-10055,Commercial Space / Office in East Austin,Austin,East Austin,Commercial,2127189.1,5612.0,0,5,2015.0,2025-11-21,Sold,6,3.2,379.04,11.0,5.7
PROP-10056,1 BHK Apartment for sale in West Lake Hills,Austin,West Lake Hills,Apartment,937850.91,1465.0,1,3,1991.0,2025-09-16,Active,8,4.8,640.17,35.0,7.7
PROP-10057,6 BHK Villa for sale in Loop,Chicago,Loop,Villa,1070959.97,2911.0,6,5,2003.0,2025-07-07,Sold,3,4.8,367.9,23.0,5.5
PROP-10058,Commercial Space / Office in South Austin,Austin,South Austin,Commercial,6120761.11,12884.0,0,3,2022.0,2025-07-11,Sold,6,3.1,475.07,4.0,5.7
PROP-10059,3 BHK Apartment for sale in Brooklyn,New York,Brooklyn,Apartment,2751291.88,2111.0,3,1,1936.0,2024-07-29,Sold,4,4.2,1303.31,90.0,5.5
PROP-10060,Residential plot of 2801 sqft in South Austin,Austin,South Austin,Plot,1321351.0,2801.0,0,0,1991.0,2024-01-27,Pending,4,4.2,471.74,35.0,5.6
PROP-10061,Commercial Space / Office in Loop,Chicago,Loop,Commercial,3974032.48,12863.0,0,10,1997.0,2025-05-30,Sold,1,4.5,308.95,29.0,4.8
PROP-10062,Commercial Space / Office in Manhattan,New York,Manhattan,Commercial,44960908.0,23482.0,0,3,1991.0,2025-03-30,Active,8,4.2,1914.7,35.0,7.1
PROP-10063,Commercial Space / Office in West Lake Hills,Austin,West Lake Hills,Commercial,3001193.51,4249.0,0,3,2014.0,2025-07-18,Active,7,3.9,706.33,12.0,6.6
PROP-10064,Residential plot of 7132 sqft in Queens,New York,Queens,Plot,9723007.86,7132.0,0,0,1988.0,2025-04-30,Active,2,3.9,1363.29,38.0,4.5
PROP-10065,Commercial Space / Office in Queens,New York,Queens,Commercial,30774594.56,22801.0,0,8,2015.0,2024-02-22,Sold,5,3.7,1349.7,11.0,5.6
PROP-10066,Residential plot of 5564 sqft in Queens,New York,Queens,Plot,6825225.27,5564.0,0,0,1988.0,2025-03-15,Sold,10,4.6,1226.68,38.0,8.2
PROP-10067,Residential plot of 6751 sqft in Brooklyn,New York,Brooklyn,Plot,6900859.27,6751.0,0,0,1994.0,2024-05-26,Pending,2,3.3,1022.2,32.0,4.5
PROP-10068,Commercial Space / Office in Marina,San Francisco,Marina,Commercial,7354267.1,6157.0,0,7,1979.0,2025-08-04,Active,3,3.3,1194.46,47.0,4.5
PROP-10069,Residential plot of 9394 sqft in River North,Chicago,River North,Plot,2906981.0,9394.0,0,0,1986.0,2025-03-16,Sold,10,4.7,309.45,40.0,8.5
PROP-10070,5 BHK Villa for sale in Brooklyn,New York,Brooklyn,Villa,3981693.31,3893.0,5,4,1987.0,2025-03-16,Pending,9,4.2,1022.78,39.0,7.8
PROP-10071,Residential plot of 7626 sqft in Bronx,New York,Bronx,Plot,7781080.06,7626.0,0,0,1993.0,2025-03-03,Pending,1,4.9,1020.34,33.0,4.8
PROP-10072,4 BHK Apartment for sale in Downtown,Austin,Downtown,Apartment,606812.0,1392.0,4,3,1930.0,2024-11-13,Active,8,4.6,435.93,96.0,7.5
PROP-10073,2 BHK Apartment for sale in South Austin,Austin,South Austin,Apartment,412812.72,1024.0,2,1,1997.0,2025-11-02,Sold,8,3.9,403.14,29.0,7.2
PROP-10074,6 BHK Villa for sale in Coral Gables,Miami,Coral Gables,Villa,1997510.0,2359.0,6,5,2020.0,2024-10-08,Pending,9,4.5,846.76,6.0,7.8
PROP-10075,2 BHK Apartment for sale in Bronx,New York,Bronx,Apartment,2249988.52,2361.0,2,2,1997.0,2024-06-03,Pending,2,4.2,952.98,29.0,4.8
PROP-10076,Residential plot of 5634 sqft in River North,Chicago,River North,Plot,2010867.26,5634.0,0,0,1986.0,2024-12-12,Active,6,3.1,356.92,40.0,5.7
PROP-10077,3 BHK Apartment for sale in Brickell,Miami,Brickell,Apartment,1511121.64,2377.0,3,2,2003.0,2025-02-05,Sold,2,3.6,635.73,23.0,4.4
PROP-10078,Residential plot of 6940 sqft in South Beach,Miami,South Beach,Plot,3925235.49,5742.0,0,0,1990.0,2024-08-07,Pending,6,3.5,683.6,36.0,5.8
PROP-10079,4 BHK Villa for sale in Manhattan,New York,Manhattan,Villa,9669034.05,4886.0,4,3,1991.0,2025-10-01,Active,10,4.4,1978.93,35.0,8.0
PROP-10080,Commercial Space / Office in SOMA,San Francisco,SOMA,Commercial,19751332.2,13053.0,0,9,1989.0,2025-01-26,Pending,5,4.6,1513.16,37.0,6.1
PROP-10081,Residential plot of 3626 sqft in Downtown,Austin,Downtown,Plot,1520479.07,3626.0,0,0,1988.0,2025-06-09,Pending,4,4.9,419.33,38.0,6.2
PROP-10082,Commercial Space / Office in Bronx,New York,Bronx,Commercial,8061680.57,8725.0,0,8,1965.0,2024-01-29,Active,6,4.6,923.97,61.0,6.7
PROP-10083,3 BHK Apartment for sale in Marina,San Francisco,Marina,Apartment,611382.25,538.0,3,1,1939.0,2025-09-15,Active,5,3.5,1136.4,87.0,5.6
PROP-10084,3 BHK Villa for sale in Loop,Chicago,Loop,Villa,1900043.07,5316.0,3,4,1995.0,2024-07-10,Active,9,4.1,357.42,31.0,7.6
PROP-10085,Residential plot of 1266 sqft in Loop,Chicago,Loop,Plot,424103.49,1266.0,0,0,1991.0,2024-03-10,Sold,2,4.2,334.99,35.0,4.9
PROP-10086,Commercial Space / Office in Coral Gables,Miami,Coral Gables,Commercial,17390601.27,21700.0,0,4,2011.0,2025-04-13,Active,1,4.6,801.41,15.0,4.8
PROP-10087,3 BHK Apartment for sale in Little Havana,Miami,Little Havana,Apartment,494539.91,1085.0,3,1,2003.0,2024-05-07,Pending,7,4.5,455.8,23.0,7.1
PROP-10088,Commercial Space / Office in Coral Gables,Miami,Coral Gables,Commercial,12757628.86,15110.0,0,4,1994.0,2024-04-15,Sold,5,3.6,844.32,32.0,5.7
PROP-10089,Commercial Space / Office in Queens,New York,Queens,Commercial,27697741.59,21954.0,0,2,1964.0,2025-02-19,Sold,3,4.2,1261.63,62.0,5.2
PROP-10090,Residential plot of 1530 sqft in Brooklyn,New York,Brooklyn,Plot,1893886.0,1530.0,0,0,1994.0,2025-11-26,Pending,6,3.9,1237.83,32.0,6.2
PROP-10091,2 BHK Apartment for sale in East Austin,Austin,East Austin,Apartment,697676.04,2006.0,2,2,1986.0,2025-07-29,Pending,8,3.4,347.79,40.0,6.8
PROP-10092,Commercial Space / Office in Bronx,New York,Bronx,Commercial,21385385.33,23345.0,0,7,2002.0,2024-03-07,Pending,5,4.7,916.06,24.0,6.4
PROP-10093,6 BHK Villa for sale in Brickell,Miami,Brickell,Villa,2266047.21,3739.0,6,2,2003.0,2025-01-12,Sold,3,4.2,606.06,23.0,5.2
PROP-10094,Residential plot of 8372 sqft in Loop,Chicago,Loop,Plot,2900165.33,8372.0,0,0,1991.0,2025-06-13,Sold,10,5.0,346.41,35.0,8.5
PROP-10095,4 BHK Villa for sale in Brooklyn,New York,Brooklyn,Villa,5963276.11,4443.0,4,4,2013.0,2024-03-21,Sold,9,4.6,1342.17,13.0,7.7
PROP-10096,3 BHK Apartment for sale in Pacific Heights,San Francisco,Pacific Heights,Apartment,1345033.21,593.0,3,3,1946.0,2025-03-02,Active,8,4.8,2268.18,80.0,7.4
PROP-10097,4 BHK Apartment for sale in Hyde Park,Chicago,Hyde Park,Apartment,227981.82,823.0,4,2,1981.0,2024-12-14,Pending,6,4.5,277.01,45.0,6.6
PROP-10098,2 BHK Apartment for sale in South Austin,Austin,South Austin,Apartment,552851.03,1420.0,2,1,1932.0,2025-01-28,Pending,4,4.9,389.33,94.0,6.3
PROP-10099,Commercial Space / Office in Marina,San Francisco,Marina,Commercial,21960240.0,17297.0,0,2,1965.0,2025-06-01,Active,4,4.2,1269.6,61.0,5.4
PROP-10100,3 BHK Apartment for sale in Hyde Park,Chicago,Hyde Park,Apartment,233874.91,774.0,3,3,1966.0,2025-01-09,Active,10,4.4,302.16,60.0,8.0
PROP-10101,3 BHK Apartment for sale in South Beach,Miami,South Beach,Apartment,816409.68,1264.0,3,3,1966.0,2024-07-22,Pending,10,4.0,645.89,60.0,7.8
PROP-10102,5 BHK Villa for sale in Pacific Heights,San Francisco,Pacific Heights,Villa,8390913.11,4251.0,5,5,2016.0,2024-01-18,Sold,2,4.2,1973.87,10.0,4.9
PROP-10103,4 BHK Apartment for sale in Hyde Park,Chicago,Hyde Park,Apartment,219334.49,849.0,4,1,2007.0,2025-08-09,Active,4,3.0,258.34,19.0,5.0
PROP-10104,6 BHK Villa for sale in Loop,Chicago,Loop,Villa,1775661.72,4462.0,6,5,2000.0,2025-04-15,Pending,9,4.8,397.95,26.0,7.8
PROP-10105,4 BHK Villa for sale in Pacific Heights,San Francisco,Pacific Heights,Villa,8697679.74,4167.0,4,5,2000.0,2025-07-27,Sold,5,3.6,2087.28,26.0,5.6
PROP-10106,Residential plot of 6674 sqft in Pacific Heights,San Francisco,Pacific Heights,Plot,15798199.38,6674.0,0,0,1991.0,2025-11-02,Pending,4,3.4,2367.13,35.0,4.9
PROP-10107,4 BHK Villa for sale in Mission District,San Francisco,Mission District,Villa,4974363.82,3648.0,4,2,1986.0,2025-04-28,Active,1,4.9,1363.59,40.0,4.9
PROP-10108,Residential plot of 2465 sqft in Pacific Heights,San Francisco,Pacific Heights,Plot,5413012.31,2465.0,0,0,1991.0,2024-08-25,Sold,1,4.8,2195.95,35.0,4.7
PROP-10109,3 BHK Villa for sale in Bronx,New York,Bronx,Villa,4085799.06,4171.0,3,2,1999.0,2024-04-19,Pending,5,3.9,979.57,27.0,5.8
PROP-10110,Residential plot of 8518 sqft in South Austin,Austin,South Austin,Plot,4003617.76,8518.0,0,0,1991.0,2024-07-09,Pending,5,4.1,470.02,35.0,5.9
PROP-10111,1 BHK Apartment for sale in River North,Chicago,River North,Apartment,650073.11,1870.0,1,1,1937.0,2024-09-11,Pending,4,3.9,347.63,89.0,5.4
PROP-10112,2 BHK Apartment for sale in South Austin,Austin,South Austin,Apartment,507983.82,1128.0,2,2,2007.0,2024-11-14,Sold,5,3.7,450.34,19.0,5.7
PROP-10113,6 BHK Villa for sale in West Lake Hills,Austin,West Lake Hills,Villa,1875945.37,2470.0,6,4,1984.0,2024-04-24,Sold,9,4.5,759.49,42.0,7.6
PROP-10114,4 BHK Apartment for sale in Loop,Chicago,Loop,Apartment,233743.02,770.0,4,2,1991.0,2025-04-18,Pending,1,3.8,303.56,35.0,4.4
PROP-10115,Commercial Space / Office in Manhattan,New York,Manhattan,Commercial,20244163.82,10407.0,0,8,1971.0,2025-10-18,Sold,9,4.9,1945.24,55.0,7.9
PROP-10116,4 BHK Apartment for sale in Brickell,Miami,Brickell,Apartment,1025623.14,1600.0,4,3,1936.0,2024-08-16,Active,5,3.9,641.01,90.0,5.8
PROP-10117,4 BHK Apartment for sale in Pacific Heights,San Francisco,Pacific Heights,Apartment,5122508.09,2157.0,4,3,2018.0,2024-01-17,Active,2,4.2,2374.83,8.0,4.6
PROP-10118,3 BHK Apartment for sale in Lincoln Park,Chicago,Lincoln Park,Apartment,822127.68,1531.0,3,1,2013.0,2025-08-14,Sold,6,3.5,536.99,13.0,6.0
PROP-10119,Commercial Space / Office in Brickell,Miami,Brickell,Commercial,7425095.16,12285.0,0,8,2010.0,2025-03-02,Pending,7,3.4,604.4,16.0,6.4
PROP-10120,Commercial Space / Office in Marina,San Francisco,Marina,Commercial,20850202.0,19261.0,0,10,1968.0,2024-09-18,Sold,2,4.8,1082.51,58.0,5.2
PROP-10121,2 BHK Apartment for sale in West Lake Hills,Austin,West Lake Hills,Apartment,1609860.22,2147.0,2,2,1946.0,2024-12-06,Active,4,4.9,749.82,80.0,5.9
PROP-10122,5 BHK Villa for sale in Brickell,Miami,Brickell,Villa,2687256.84,4434.0,5,5,2009.0,2025-01-02,Pending,9,4.5,606.06,17.0,7.8
PROP-10123,3 BHK Villa for sale in West Lake Hills,Austin,West Lake Hills,Villa,2285300.44,2995.0,3,4,2015.0,2025-08-16,Pending,3,3.4,763.04,11.0,4.5
PROP-10124,Commercial Space / Office in East Austin,Austin,East Austin,Commercial,2091104.27,13333.0,0,7,1970.0,2025-07-13,Sold,1,4.2,156.84,56.0,5.3
PROP-10125,3 BHK Villa for sale in Bronx,New York,Bronx,Villa,2877043.0,3037.0,3,3,1993.0,2024-03-02,Sold,10,4.7,947.33,33.0,8.4
PROP-10126,Commercial Space / Office in Coral Gables,Miami,Coral Gables,Commercial,3628241.66,4506.0,0,3,1993.0,2024-07-15,Pending,6,3.5,805.2,33.0,6.1
PROP-10127,4 BHK Apartment for sale in Pacific Heights,San Francisco,Pacific Heights,Apartment,2772894.67,1330.0,4,2,1990.0,2025-10-14,Active,2,4.0,2084.88,36.0,4.7
PROP-10128,5 BHK Villa for sale in South Beach,Miami,South Beach,Villa,3606057.9,5695.0,5,2,1984.0,2024-10-14,Sold,3,3.4,633.2,42.0,4.6
PROP-10129,6 BHK Villa for sale in Loop,Chicago,Loop,Villa,1420306.09,3769.0,6,4,2004.0,2024-05-23,Sold,2,4.0,376.84,22.0,4.6
PROP-10130,4 BHK Apartment for sale in Little Havana,Miami,Little Havana,Apartment,966234.25,2104.0,4,2,1949.0,2025-01-19,Sold,10,4.1,459.24,77.0,8.0
PROP-10131,Residential plot of 2499 sqft in Marina,San Francisco,Marina,Plot,2383410.24,2499.0,0,0,1991.5,2024-11-11,Pending,2,3.3,953.75,34.5,4.5
PROP-10132,1 BHK Apartment for sale in Loop,Chicago,Loop,Apartment,621081.02,1635.0,1,3,1996.0,2025-01-29,Pending,7,4.6,379.87,30.0,6.9
PROP-10133,Residential plot of 5397 sqft in Lincoln Park,Chicago,Lincoln Park,Plot,2827580.16,5397.0,0,0,1989.5,2024-03-05,Pending,7,3.6,523.92,36.5,6.5
PROP-10134,1 BHK Apartment for sale in Lincoln Park,Chicago,Lincoln Park,Apartment,649997.01,1123.0,1,2,1962.0,2025-01-24,Pending,8,3.7,578.8,64.0,6.8
PROP-10135,5 BHK Villa for sale in Marina,San Francisco,Marina,Villa,5361877.32,4414.0,5,5,2016.0,2024-11-29,Pending,6,3.2,1214.74,10.0,5.7
PROP-10136,Residential plot of 7703 sqft in Lincoln Park,Chicago,Lincoln Park,Plot,4253935.38,7703.0,0,0,1989.5,2024-05-22,Active,5,4.3,552.24,36.5,6.0
PROP-10137,Commercial Space / Office in Little Havana,Miami,Little Havana,Commercial,6389195.99,12781.0,0,10,1998.0,2024-03-28,Active,6,3.3,499.9,28.0,5.8
PROP-10138,2 BHK Apartment for sale in West Lake Hills,Austin,West Lake Hills,Apartment,698491.94,1029.0,2,3,2015.0,2025-08-17,Active,8,3.7,678.81,11.0,6.9
PROP-10139,Commercial Space / Office in Loop,Chicago,Loop,Commercial,1686165.07,4803.0,0,4,1982.0,2025-04-11,Sold,8,3.7,351.06,44.0,6.9
PROP-10140,Residential plot of 3692 sqft in Manhattan,New York,Manhattan,Plot,7502727.78,3692.0,0,0,1991.0,2024-09-06,Sold,5,3.7,2032.16,35.0,5.5
PROP-10141,Commercial Space / Office in SOMA,San Francisco,SOMA,Commercial,30390195.07,21123.0,0,5,1988.0,2025-02-02,Active,6,3.6,1438.73,38.0,6.0
PROP-10142,Residential plot of 8496 sqft in Brickell,Miami,Brickell,Plot,4507229.06,8496.0,0,0,1995.5,2025-11-17,Sold,6,4.2,530.51,30.5,6.6
PROP-10143,1 BHK Apartment for sale in Lincoln Park,Chicago,Lincoln Park,Apartment,530187.85,1141.0,1,1,1959.0,2025-01-17,Sold,7,3.8,464.67,67.0,6.8
PROP-10144,Residential plot of 4065 sqft in SOMA,San Francisco,SOMA,Plot,5374432.46,4065.0,0,0,1992.0,2025-04-06,Pending,3,4.0,1322.12,34.0,5.2
PROP-10145,Commercial Space / Office in River North,Chicago,River North,Commercial,6071374.34,17013.0,0,4,1965.0,2024-08-13,Pending,4,4.1,356.87,61.0,5.5
PROP-10146,Residential plot of 9880 sqft in South Beach,Miami,South Beach,Plot,6501731.27,9880.0,0,0,1990.0,2024-02-12,Pending,10,4.4,658.07,36.0,8.0
PROP-10147,Residential plot of 8193 sqft in Bronx,New York,Bronx,Plot,8727213.55,8193.0,0,0,1993.0,2024-04-30,Active,4,4.6,1065.2,33.0,5.7
PROP-10148,5 BHK Villa for sale in Lincoln Park,Chicago,Lincoln Park,Villa,1214108.42,2286.0,5,4,2018.0,2024-11-27,Pending,5,4.1,531.11,8.0,5.9
PROP-10149,4 BHK Villa for sale in Loop,Chicago,Loop,Villa,1110024.33,4016.5,4,3,2000.0,2025-11-23,Active,10,4.6,276.37,26.0,8.6
PROP-10150,Commercial Space / Office in East Austin,Austin,East Austin,Commercial,7819015.08,20069.0,0,2,2015.0,2024-04-05,Pending,6,4.7,389.61,11.0,6.6
PROP-10151,Residential plot of 9967 sqft in Hyde Park,Chicago,Hyde Park,Plot,2856008.23,9967.0,0,0,1993.0,2025-08-02,Pending,1,4.2,286.55,33.0,4.4
PROP-10152,2 BHK Apartment for sale in Marina,San Francisco,Marina,Apartment,918950.61,914.0,2,3,1958.0,2024-10-07,Pending,5,3.2,1005.42,68.0,5.6
PROP-10153,4 BHK Apartment for sale in Marina,San Francisco,Marina,Apartment,1078933.3,937.0,4,1,1936.0,2025-06-15,Active,1,4.4,1151.48,90.0,4.5
PROP-10154,3 BHK Apartment for sale in Loop,Chicago,Loop,Apartment,474149.12,1252.0,3,1,1968.0,2024-05-16,Sold,3,3.1,378.71,58.0,4.4
PROP-10155,4 BHK Villa for sale in Marina,San Francisco,Marina,Villa,3140473.5,2623.0,4,2,2017.0,2024-12-25,Pending,3,3.5,1197.28,9.0,4.7
PROP-10156,5 BHK Villa for sale in Queens,New York,Queens,Villa,6001581.0,5009.0,5,2,1995.0,2024-04-25,Sold,10,4.9,1198.16,31.0,8.4
PROP-10157,Commercial Space / Office in Hyde Park,Chicago,Hyde Park,Commercial,401996.43,1546.0,0,3,1960.0,2024-02-10,Pending,9,4.7,260.02,66.0,8.0
PROP-10158,2 BHK Apartment for sale in Brickell,Miami,Brickell,Apartment,375986.75,661.0,2,1,1988.0,2025-08-23,Sold,2,3.6,568.82,38.0,4.6
PROP-10159,2 BHK Apartment for sale in Bronx,New York,Bronx,Apartment,1901047.7,1864.0,2,1,1921.0,2024-01-12,Pending,9,4.8,1019.88,105.0,7.9
PROP-10160,Commercial Space / Office in Manhattan,New York,Manhattan,Commercial,34779699.97,18165.0,0,3,1976.0,2025-08-13,Pending,10,4.1,1914.65,50.0,7.9
PROP-10161,1 BHK Apartment for sale in South Beach,Miami,South Beach,Apartment,1343324.0,2258.0,1,1,1925.0,2025-01-27,Active,3,4.1,594.92,101.0,5.2
PROP-10162,Residential plot of 9225 sqft in East Austin,Austin,East Austin,Plot,3493684.0,9225.0,0,0,1994.0,2024-02-23,Sold,1,4.9,378.72,32.0,4.7
PROP-10163,Commercial Space / Office in East Austin,Austin,East Austin,Commercial,4801871.08,13088.0,0,5,1978.0,2024-11-07,Active,8,3.7,366.89,48.0,6.9
PROP-10164,2 BHK Apartment for sale in Brickell,Miami,Brickell,Apartment,342209.3,548.0,2,3,1964.0,2024-01-10,Active,7,4.7,624.47,62.0,7.1
PROP-10165,2 BHK Apartment for sale in Brooklyn,New York,Brooklyn,Apartment,3035719.46,2386.0,2,3,1972.0,2025-01-16,Sold,2,4.2,1272.3,54.0,4.7
PROP-10166,Residential plot of 7438 sqft in SOMA,San Francisco,SOMA,Plot,11040258.77,7438.0,0,0,1992.0,2024-11-30,Pending,6,3.1,1484.3,34.0,5.7
PROP-10167,Commercial Space / Office in Mission District,San Francisco,Mission District,Commercial,15385968.63,11290.0,0,8,1967.0,2024-07-31,Pending,5,4.7,1362.8,59.0,6.3
PROP-10168,Residential plot of 2494 sqft in South Beach,Miami,South Beach,Plot,1591192.78,2494.0,0,0,1990.0,2024-12-30,Active,7,3.5,638.01,36.0,6.3
PROP-10169,Commercial Space / Office in Lincoln Park,Chicago,Lincoln Park,Commercial,2544272.96,5580.0,0,3,1960.0,2024-08-15,Pending,6,4.4,455.96,66.0,6.7
PROP-10170,4 BHK Villa for sale in Manhattan,New York,Manhattan,Villa,8670367.0,5432.0,4,2,2001.0,2025-04-17,Sold,9,4.4,1596.16,25.0,7.9
PROP-10171,3 BHK Apartment for sale in West Lake Hills,Austin,West Lake Hills,Apartment,1373335.61,1825.0,3,2,1972.0,2025-05-05,Pending,7,3.3,752.51,54.0,6.1
PROP-10172,Commercial Space / Office in Bronx,New York,Bronx,Commercial,11387549.77,12273.0,0,10,1980.0,2024-07-03,Sold,4,3.1,927.85,46.0,5.0
PROP-10173,2 BHK Apartment for sale in South Austin,Austin,South Austin,Apartment,909028.73,1845.0,2,2,1988.0,2024-02-27,Active,10,4.8,492.7,38.0,8.3
PROP-10174,6 BHK Villa for sale in Downtown,Austin,Downtown,Villa,1499585.2,3342.0,6,4,1991.0,2024-04-02,Sold,6,3.0,448.71,35.0,5.7
PROP-10175,2 BHK Apartment for sale in Pacific Heights,San Francisco,Pacific Heights,Apartment,3958604.22,1701.0,2,1,1987.0,2024-03-15,Sold,7,4.2,2327.22,39.0,6.6
PROP-10176,Residential plot of 3872 sqft in Hyde Park,Chicago,Hyde Park,Plot,1044604.67,3872.0,0,0,1993.0,2024-10-28,Sold,1,4.9,269.78,33.0,4.9
PROP-10177,Residential plot of 2705 sqft in South Beach,Miami,South Beach,Plot,1835623.29,2705.0,0,0,1990.0,2024-05-24,Active,6,3.7,678.6,36.0,5.9
PROP-10178,Residential plot of 5088 sqft in West Lake Hills,Austin,West Lake Hills,Plot,3633433.17,5088.0,0,0,1990.0,2024-12-24,Active,1,3.1,714.12,36.0,3.7
PROP-10179,Residential plot of 2661 sqft in River North,Chicago,River North,Plot,1023220.0,2661.0,0,0,1986.0,2025-08-14,Sold,4,3.3,384.52,40.0,4.9
PROP-10180,4 BHK Apartment for sale in East Austin,Austin,East Austin,Apartment,266357.02,848.0,4,1,2013.0,2024-04-05,Sold,8,4.4,314.1,13.0,7.5
PROP-10181,Commercial Space / Office in South Austin,Austin,South Austin,Commercial,9388329.99,22646.0,0,6,1979.0,2024-02-20,Sold,8,3.3,414.57,47.0,6.8
PROP-10182,2 BHK Apartment for sale in Little Havana,Miami,Little Havana,Apartment,506446.69,923.0,2,3,1957.0,2025-04-29,Pending,7,3.9,548.7,69.0,6.5
PROP-10183,Commercial Space / Office in Hyde Park,Chicago,Hyde Park,Commercial,2504229.81,9627.0,0,9,1989.0,2024-10-02,Active,2,3.2,260.13,37.0,4.3
PROP-10184,Commercial Space / Office in South Beach,Miami,South Beach,Commercial,11143939.94,19766.0,0,5,1990.0,2025-02-08,Sold,3,4.0,563.79,36.0,5.2
PROP-10185,4 BHK Villa for sale in Bronx,New York,Bronx,Villa,2832689.91,3378.0,4,2,2007.0,2025-11-30,Sold,3,4.7,838.57,19.0,5.7
PROP-10186,Commercial Space / Office in Hyde Park,Chicago,Hyde Park,Commercial,6712808.38,23951.0,0,10,2010.0,2025-02-28,Sold,10,5.0,280.27,16.0,8.5
PROP-10187,Residential plot of 8955 sqft in Coral Gables,Miami,Coral Gables,Plot,8233641.39,8955.0,0,0,1991.0,2025-04-29,Pending,7,4.2,919.45,35.0,6.8
PROP-10188,Commercial Space / Office in South Austin,Austin,South Austin,Commercial,6507553.11,13204.0,0,2,1981.0,2024-11-06,Pending,2,4.9,492.85,45.0,5.1
PROP-10189,2 BHK Apartment for sale in East Austin,Austin,East Austin,Apartment,503083.69,1404.0,2,2,2014.0,2025-06-12,Active,9,4.1,358.32,12.0,7.6
PROP-10190,4 BHK Apartment for sale in SOMA,San Francisco,SOMA,Apartment,842531.53,567.0,4,1,1966.0,2024-10-07,Pending,10,4.9,1485.95,60.0,8.3
PROP-10191,5 BHK Villa for sale in Hyde Park,Chicago,Hyde Park,Villa,615113.55,2540.0,5,2,1993.0,2025-08-08,Active,4,4.3,242.17,33.0,5.8
PROP-10192,4 BHK Villa for sale in Bronx,New York,Bronx,Villa,1958459.02,1869.0,4,4,2018.0,2024-11-08,Sold,5,3.8,1047.86,8.0,5.7
PROP-10193,3 BHK Apartment for sale in Little Havana,Miami,Little Havana,Apartment,698462.07,1649.0,3,2,2007.0,2024-03-06,Pending,6,4.7,423.57,19.0,6.9
PROP-10194,Residential plot of 1417 sqft in Mission District,San Francisco,Mission District,Plot,2076285.0,1417.0,0,0,1994.0,2024-10-29,Pending,7,3.8,1465.27,32.0,6.5
PROP-10195,Commercial Space / Office in Pacific Heights,San Francisco,Pacific Heights,Commercial,33344330.24,17623.0,0,6,2014.0,2025-11-04,Active,5,3.2,1892.09,12.0,5.6
PROP-10196,5 BHK Villa for sale in Pacific Heights,San Francisco,Pacific Heights,Villa,7327531.39,3629.0,5,5,2001.0,2025-08-22,Active,8,3.1,2019.16,25.0,6.6
PROP-10197,Residential plot of 1885 sqft in Bronx,New York,Bronx,Plot,2010926.58,1885.0,0,0,1993.0,2024-06-03,Active,6,3.8,1066.8,33.0,6.0
PROP-10198,Commercial Space / Office in South Austin,Austin,South Austin,Commercial,10148247.11,21677.0,0,4,1980.0,2024-01-05,Active,3,4.2,468.16,46.0,5.2
PROP-10199,Commercial Space / Office in River North,Chicago,River North,Commercial,4794099.67,13560.0,0,2,1962.0,2025-01-17,Pending,9,4.7,353.55,64.0,7.9
PROP-10200,Residential plot of 2069 sqft in Mission District,San Francisco,Mission District,Plot,3178013.81,2069.0,0,0,1994.0,2024-11-01,Pending,9,4.3,1536.01,32.0,7.5
PROP-10201,4 BHK Villa for sale in Hyde Park,Chicago,Hyde Park,Villa,500227.4,1956.0,4,3,1988.0,2024-01-23,Active,2,3.7,255.74,38.0,4.6
PROP-10202,1 BHK Apartment for sale in Manhattan,New York,Manhattan,Apartment,3317964.41,1912.0,1,2,1976.0,2025-07-14,Sold,5,3.4,1735.34,50.0,5.6
PROP-10203,1 BHK Apartment for sale in Brickell,Miami,Brickell,Apartment,588325.4,1078.0,1,1,1983.0,2024-07-23,Sold,4,3.7,545.76,43.0,5.5
PROP-10204,1 BHK Apartment for sale in Hyde Park,Chicago,Hyde Park,Apartment,533311.36,1875.0,1,1,1993.0,2024-06-01,Sold,2,4.4,284.43,33.0,4.9
PROP-10205,5 BHK Villa for sale in Loop,Chicago,Loop,Villa,1567695.29,4180.0,5,4,2007.0,2024-04-07,Active,1,4.7,375.05,19.0,4.7
PROP-10206,6 BHK Villa for sale in Queens,New York,Queens,Villa,6713905.99,5083.0,6,5,1997.0,2025-05-04,Sold,3,3.2,1320.86,29.0,4.4
PROP-10207,5 BHK Villa for sale in Little Havana,Miami,Little Havana,Villa,2625440.02,3810.0,5,2,1994.0,2024-05-13,Pending,2,4.8,689.09,32.0,4.6
PROP-10208,2 BHK Apartment for sale in Brickell,Miami,Brickell,Apartment,1167662.98,1855.0,2,2,1964.0,2025-10-18,Sold,10,4.6,629.47,62.0,8.2
PROP-10209,Residential plot of 1824 sqft in Hyde Park,Chicago,Hyde Park,Plot,511781.68,1824.0,0,0,1993.0,2025-07-17,Pending,4,3.2,280.58,33.0,5.1
PROP-10210,1 BHK Apartment for sale in River North,Chicago,River North,Apartment,690451.78,2026.0,1,1,1971.0,2025-07-24,Active,10,4.6,340.8,55.0,8.3
PROP-10211,Residential plot of 6952 sqft in Brooklyn,New York,Brooklyn,Plot,8882771.04,6952.0,0,0,1994.0,2024-04-26,Sold,4,3.0,1277.73,32.0,4.8
PROP-10212,2 BHK Apartment for sale in Coral Gables,Miami,Coral Gables,Apartment,1447410.0,1508.0,2,3,2015.0,2024-04-19,Active,4,3.2,959.82,11.0,4.9
PROP-10213,Commercial Space / Office in Loop,Chicago,Loop,Commercial,9001158.42,22576.0,0,10,1968.0,2024-01-05,Active,9,4.8,398.7,58.0,7.8
PROP-10214,3 BHK Apartment for sale in Brickell,Miami,Brickell,Apartment,1080573.92,1846.0,3,3,1969.0,2025-09-15,Active,5,3.8,585.36,57.0,5.8
PROP-10215,5 BHK Villa for sale in Coral Gables,Miami,Coral Gables,Villa,2816488.75,3517.0,5,4,2023.0,2025-10-27,Active,9,4.6,800.82,3.0,8.0
PROP-10216,4 BHK Apartment for sale in Hyde Park,Chicago,Hyde Park,Apartment,162160.04,1463.0,4,1,1926.0,2024-07-23,Active,5,4.4,110.84,100.0,7.0
PROP-10217,4 BHK Villa for sale in West Lake Hills,Austin,West Lake Hills,Villa,3530925.0,4985.0,4,4,2024.0,2025-01-25,Sold,6,4.9,708.31,2.0,6.8
PROP-10218,5 BHK Villa for sale in Lincoln Park,Chicago,Lincoln Park,Villa,2034872.1,3385.0,5,5,1991.0,2024-03-17,Active,9,4.2,601.14,35.0,7.4
PROP-10219,5 BHK Villa for sale in Lincoln Park,Chicago,Lincoln Park,Villa,1180906.0,2216.0,5,5,2016.0,2024-03-15,Pending,9,4.2,532.9,10.0,7.6
PROP-10220,Residential plot of 5809 sqft in SOMA,San Francisco,SOMA,Plot,7445668.44,5809.0,0,0,1992.0,2025-09-25,Sold,3,3.2,1281.75,34.0,4.7
PROP-10221,Residential plot of 2857 sqft in Brickell,Miami,Brickell,Plot,1655510.56,2857.0,0,0,1995.5,2025-07-07,Active,9,4.2,579.46,30.5,7.7
PROP-10222,1 BHK Apartment for sale in Pacific Heights,San Francisco,Pacific Heights,Apartment,4773385.11,2489.0,1,3,1928.0,2025-10-06,Sold,7,4.7,1917.79,98.0,7.2
PROP-10223,Commercial Space / Office in Brooklyn,New York,Brooklyn,Commercial,2329601.31,2241.0,0,3,1964.0,2024-09-14,Sold,4,4.8,1039.54,62.0,6.2
PROP-10224,1 BHK Apartment for sale in Loop,Chicago,Loop,Apartment,597226.59,1935.0,1,2,1984.0,2024-11-04,Pending,8,3.8,308.64,42.0,7.2
PROP-10225,Residential plot of 1182 sqft in Coral Gables,Miami,Coral Gables,Plot,1080881.71,1182.0,0,0,1991.0,2025-07-22,Active,1,4.1,914.45,35.0,4.3
PROP-10226,Commercial Space / Office in Pacific Heights,San Francisco,Pacific Heights,Commercial,13637401.69,6274.0,0,4,1974.0,2024-09-15,Active,10,4.9,2173.64,52.0,8.4
PROP-10227,4 BHK Apartment for sale in Downtown,Austin,Downtown,Apartment,794020.76,1986.0,4,2,1965.0,2025-11-02,Pending,10,4.2,399.81,61.0,8.2
PROP-10228,Commercial Space / Office in Coral Gables,Miami,Coral Gables,Commercial,1131514.49,1158.0,0,7,1975.0,2025-10-18,Pending,3,4.4,977.13,51.0,5.2
PROP-10229,2 BHK Apartment for sale in Loop,Chicago,Loop,Apartment,734165.3,2258.0,2,3,1945.0,2025-10-03,Active,1,4.7,325.14,81.0,4.8
PROP-10230,Commercial Space / Office in Queens,New York,Queens,Commercial,17414495.78,12987.0,0,8,1974.0,2025-08-26,Pending,3,3.9,1340.92,52.0,4.9
PROP-10231,Commercial Space / Office in Brickell,Miami,Brickell,Commercial,4408896.73,6870.0,0,4,2007.0,2025-01-02,Pending,4,3.1,641.76,19.0,4.9
PROP-10232,Commercial Space / Office in West Lake Hills,Austin,West Lake Hills,Commercial,1652403.96,2307.0,0,7,1966.0,2025-06-17,Pending,5,4.2,716.26,60.0,5.9
PROP-10233,5 BHK Villa for sale in Queens,New York,Queens,Villa,6688647.0,5124.0,5,4,2011.0,2025-09-10,Active,8,3.3,1305.36,15.0,6.5
PROP-10234,Residential plot of 8889 sqft in Brooklyn,New York,Brooklyn,Plot,11227541.0,8889.0,0,0,1994.0,2025-05-05,Active,7,3.0,1263.08,32.0,6.0
PROP-10235,2 BHK Apartment for sale in South Beach,Miami,South Beach,Apartment,635185.12,1028.0,2,3,1971.0,2025-07-31,Sold,7,4.9,617.88,55.0,7.2
PROP-10236,Residential plot of 6614 sqft in Lincoln Park,Chicago,Lincoln Park,Plot,3483733.66,6614.0,0,0,1989.5,2025-09-02,Active,7,3.8,526.72,36.5,6.6
PROP-10237,1 BHK Apartment for sale in Little Havana,Miami,Little Havana,Apartment,761089.84,1474.0,1,3,1984.0,2024-04-05,Active,10,4.0,516.34,42.0,7.8
PROP-10238,Commercial Space / Office in Little Havana,Miami,Little Havana,Commercial,5334580.4,12485.0,0,3,1994.0,2025-05-03,Active,5,4.2,427.28,32.0,6.1
PROP-10239,2 BHK Apartment for sale in Manhattan,New York,Manhattan,Apartment,3129079.94,1840.0,2,3,2022.0,2025-01-05,Pending,10,4.9,1700.59,4.0,8.5
PROP-10240,Residential plot of 5157 sqft in River North,Chicago,River North,Plot,2069469.9,5157.0,0,0,1986.0,2025-08-14,Sold,7,4.5,401.29,40.0,6.8
PROP-10241,5 BHK Villa for sale in Lincoln Park,Chicago,Lincoln Park,Villa,2578779.39,5081.0,5,2,1990.0,2025-10-13,Active,3,3.9,507.53,36.0,5.1
PROP-10242,4 BHK Apartment for sale in River North,Chicago,River North,Apartment,577128.14,1811.0,4,2,1921.0,2025-11-03,Sold,5,3.4,318.68,105.0,5.7
PROP-10243,6 BHK Villa for sale in South Austin,Austin,South Austin,Villa,1769527.94,4060.0,6,4,2022.0,2025-08-23,Active,2,4.8,435.84,4.0,5.2
PROP-10244,Commercial Space / Office in South Austin,Austin,South Austin,Commercial,8056800.91,19838.0,0,2,1976.0,2025-06-02,Active,9,4.9,406.13,50.0,8.2
PROP-10245,Commercial Space / Office in Coral Gables,Miami,Coral Gables,Commercial,8741447.16,8971.0,0,7,2021.0,2025-11-28,Sold,1,4.0,974.41,5.0,4.2
PROP-10246,Residential plot of 5314 sqft in Pacific Heights,San Francisco,Pacific Heights,Plot,10316611.79,5314.0,0,0,1991.0,2024-04-05,Sold,6,3.2,1941.4,35.0,5.9
PROP-10247,4 BHK Villa for sale in Coral Gables,Miami,Coral Gables,Villa,2920112.42,3435.0,4,3,1996.0,2024-07-26,Sold,6,3.3,850.11,30.0,5.9
PROP-10248,Residential plot of 9066 sqft in South Beach,Miami,South Beach,Plot,6089286.02,9066.0,0,0,1990.0,2025-08-11,Pending,5,5.0,671.66,36.0,6.3
PROP-10249,Commercial Space / Office in Brickell,Miami,Brickell,Commercial,10716852.0,18719.0,0,2,1992.0,2024-06-27,Active,9,4.7,572.51,34.0,8.0
PROP-10250,Residential plot of 5413 sqft in Coral Gables,Miami,Coral Gables,Plot,4829820.96,5413.0,0,0,1991.0,2025-09-19,Active,8,3.8,892.26,35.0,7.0
PROP-10251,4 BHK Villa for sale in Hyde Park,Chicago,Hyde Park,Villa,878131.61,2874.0,4,2,1997.0,2025-07-22,Pending,4,3.3,305.54,29.0,4.9
PROP-10252,Residential plot of 1781 sqft in Coral Gables,Miami,Coral Gables,Plot,1628638.18,1781.0,0,0,1991.0,2024-06-16,Pending,8,4.7,914.45,35.0,7.5
PROP-10253,3 BHK Apartment for sale in East Austin,Austin,East Austin,Apartment,244960.63,748.0,3,3,1997.0,2025-08-12,Sold,3,5.0,327.49,29.0,5.8
PROP-10254,Residential plot of 3373 sqft in Bronx,New York,Bronx,Plot,3595814.32,3373.0,0,0,1993.0,2025-10-17,Pending,7,4.3,1066.06,33.0,6.7
PROP-10255,Residential plot of 5773 sqft in Pacific Heights,San Francisco,Pacific Heights,Plot,12888644.48,5773.0,0,0,1991.0,2025-09-11,Pending,8,4.6,2232.57,35.0,7.4
PROP-10256,4 BHK Villa for sale in River North,Chicago,River North,Villa,1062452.83,2824.0,4,4,2024.0,2024-08-03,Active,2,3.1,376.22,2.0,4.1
PROP-10257,5 BHK Villa for sale in Manhattan,New York,Manhattan,Villa,9628003.61,4993.0,5,3,1995.0,2025-03-29,Active,10,4.0,1928.3,31.0,7.8
PROP-10258,6 BHK Villa for sale in Coral Gables,Miami,Coral Gables,Villa,3047662.66,3250.0,6,5,2013.0,2025-06-30,Pending,8,4.1,937.74,13.0,7.0
PROP-10259,Residential plot of 9767 sqft in Brooklyn,New York,Brooklyn,Plot,9991583.96,9767.0,0,0,1994.0,2025-05-18,Pending,5,3.0,1022.99,32.0,5.5
PROP-10260,Commercial Space / Office in Queens,New York,Queens,Commercial,17800257.89,13935.0,0,5,1970.0,2025-10-23,Pending,4,3.5,1277.38,56.0,5.1
PROP-10261,Commercial Space / Office in East Austin,Austin,East Austin,Commercial,1093787.02,3243.0,0,4,1968.0,2025-10-14,Pending,5,4.4,337.28,58.0,6.2
PROP-10262,Residential plot of 3048 sqft in Brooklyn,New York,Brooklyn,Plot,3893730.2,3048.0,0,0,1994.0,2024-01-09,Active,1,4.0,1277.47,32.0,4.2
PROP-10263,Residential plot of 3393 sqft in West Lake Hills,Austin,West Lake Hills,Plot,1985236.72,3393.0,0,0,1990.0,2025-02-05,Pending,3,3.4,585.1,36.0,4.9
PROP-10264,Commercial Space / Office in Brooklyn,New York,Brooklyn,Commercial,2695334.59,2098.0,0,5,1989.0,2024-04-06,Active,8,3.8,1284.72,37.0,7.0
PROP-10265,Commercial Space / Office in South Beach,Miami,South Beach,Commercial,3901031.28,7511.0,0,7,2016.0,2025-11-13,Active,6,4.3,519.38,10.0,6.7
PROP-10266,Commercial Space / Office in Mission District,San Francisco,Mission District,Commercial,16543337.01,13169.0,0,3,1975.0,2024-04-03,Pending,1,3.1,1256.23,51.0,3.9
PROP-10267,Commercial Space / Office in Pacific Heights,San Francisco,Pacific Heights,Commercial,3808090.13,1699.0,0,8,1982.0,2024-09-13,Pending,8,4.1,2241.37,44.0,7.1
PROP-10268,6 BHK Villa for sale in West Lake Hills,Austin,West Lake Hills,Villa,2097431.0,3069.0,6,4,1996.0,2025-04-09,Sold,9,4.2,683.42,30.0,7.6
PROP-10269,Commercial Space / Office in Little Havana,Miami,Little Havana,Commercial,9848345.93,21088.0,0,6,1994.0,2024-11-25,Sold,2,3.1,467.01,32.0,4.1
PROP-10270,Commercial Space / Office in Mission District,San Francisco,Mission District,Commercial,24498726.19,18230.0,0,6,1963.0,2025-09-12,Active,4,4.3,1343.87,63.0,5.7
PROP-10271,1 BHK Apartment for sale in West Lake Hills,Austin,West Lake Hills,Apartment,1175737.54,1583.0,1,3,1929.0,2024-03-20,Sold,2,3.2,742.73,97.0,4.1
PROP-10272,Residential plot of 7997 sqft in Marina,San Francisco,Marina,Plot,9985285.08,7997.0,0,0,1991.5,2024-06-19,Sold,7,4.0,1248.63,34.5,6.5
PROP-10273,Residential plot of 8054 sqft in East Austin,Austin,East Austin,Plot,3183140.03,8054.0,0,0,1994.0,2024-11-27,Sold,9,4.8,395.22,32.0,7.8
PROP-10274,1 BHK Apartment for sale in River North,Chicago,River North,Apartment,691110.0,1720.0,1,3,1937.0,2024-11-05,Active,4,4.7,401.81,89.0,5.7
PROP-10275,2 BHK Apartment for sale in Brickell,Miami,Brickell,Apartment,707420.0,1228.0,2,1,1953.0,2025-08-19,Pending,5,3.2,576.07,73.0,5.5
PROP-10276,Residential plot of 7251 sqft in Marina,San Francisco,Marina,Plot,7094149.3,7251.0,0,0,1991.5,2024-02-27,Pending,6,4.8,978.37,34.5,7.0
PROP-10277,1 BHK Apartment for sale in Mission District,San Francisco,Mission District,Apartment,2245085.35,1573.0,1,2,1989.0,2024-11-30,Active,3,3.1,1427.26,37.0,4.6
PROP-10278,Commercial Space / Office in Marina,San Francisco,Marina,Commercial,5927470.47,5331.0,0,7,1965.0,2024-02-20,Pending,2,3.8,1111.89,61.0,4.6
PROP-10279,4 BHK Villa for sale in Marina,San Francisco,Marina,Villa,4630003.28,3817.0,4,2,1997.0,2024-11-27,Sold,2,3.2,1213.0,29.0,4.1
PROP-10280,Commercial Space / Office in South Austin,Austin,South Austin,Commercial,7607746.0,15433.0,0,2,2019.0,2024-07-23,Active,2,3.2,492.95,7.0,4.1
PROP-10281,4 BHK Apartment for sale in Downtown,Austin,Downtown,Apartment,583627.85,1421.0,4,1,1962.0,2025-07-04,Sold,10,4.5,410.72,64.0,8.3
PROP-10282,4 BHK Villa for sale in South Beach,Miami,South Beach,Villa,2449577.1,4126.0,4,4,1983.0,2024-01-09,Sold,7,4.3,593.69,43.0,6.9
PROP-10283,1 BHK Apartment for sale in Lincoln Park,Chicago,Lincoln Park,Apartment,783452.94,1492.0,1,1,1945.0,2025-04-13,Sold,1,4.2,525.1,81.0,4.4
PROP-10284,3 BHK Villa for sale in East Austin,Austin,East Austin,Villa,1632381.34,4059.0,3,4,2004.0,2024-01-31,Pending,4,3.3,402.16,22.0,4.9
PROP-10285,6 BHK Villa for sale in Brickell,Miami,Brickell,Villa,1736846.59,3051.0,6,4,2018.0,2025-07-09,Sold,3,4.2,569.27,8.0,5.3
PROP-10286,3 BHK Villa for sale in Marina,San Francisco,Marina,Villa,2906257.37,2355.0,3,3,2000.0,2024-05-29,Pending,7,4.9,1234.08,26.0,7.1
PROP-10287,5 BHK Villa for sale in SOMA,San Francisco,SOMA,Villa,2593058.56,2014.0,5,3,2018.0,2024-01-27,Sold,10,4.8,1287.52,8.0,8.5
PROP-10288,1 BHK Apartment for sale in SOMA,San Francisco,SOMA,Apartment,2650371.27,2065.0,1,2,1972.0,2025-11-18,Active,4,3.4,1283.47,54.0,5.3
PROP-10289,3 BHK Apartment for sale in Marina,San Francisco,Marina,Apartment,2502145.18,1974.0,3,2,1998.0,2025-08-08,Sold,1,4.0,1267.55,28.0,4.1
PROP-10290,4 BHK Apartment for sale in Loop,Chicago,Loop,Apartment,415094.0,1096.0,4,2,1958.0,2024-10-19,Pending,5,4.2,378.74,68.0,5.9
PROP-10291,5 BHK Villa for sale in South Beach,Miami,South Beach,Villa,2812381.77,5187.0,5,5,1981.0,2025-08-27,Active,10,4.3,542.2,45.0,8.2
PROP-10292,Commercial Space / Office in Hyde Park,Chicago,Hyde Park,Commercial,3240554.19,13408.0,0,10,1984.0,2024-06-23,Sold,3,3.3,241.69,42.0,4.9
PROP-10293,2 BHK Apartment for sale in Hyde Park,Chicago,Hyde Park,Apartment,745455.15,2466.0,2,1,1999.0,2024-01-13,Pending,9,4.6,302.29,27.0,7.7
PROP-10294,Residential plot of 1801 sqft in South Beach,Miami,South Beach,Plot,978431.43,1801.0,0,0,1990.0,2024-02-26,Active,5,4.7,543.27,36.0,6.5
PROP-10295,Commercial Space / Office in Manhattan,New York,Manhattan,Commercial,11861048.94,6286.0,0,6,1991.0,2025-09-01,Sold,5,4.9,1886.9,35.0,6.4
PROP-10296,1 BHK Apartment for sale in East Austin,Austin,East Austin,Apartment,713822.0,2227.0,1,2,1980.0,2024-10-08,Pending,9,4.2,320.53,46.0,7.8
PROP-10297,Residential plot of 9608 sqft in Coral Gables,Miami,Coral Gables,Plot,8842132.16,9608.0,0,0,1991.0,2025-09-30,Active,10,4.5,920.29,35.0,8.2
PROP-10298,3 BHK Villa for sale in Brickell,Miami,Brickell,Villa,1808644.03,2768.0,3,5,2020.0,2024-07-31,Pending,7,3.1,653.41,6.0,6.1
PROP-10299,Residential plot of 1100 sqft in Downtown,Austin,Downtown,Plot,437654.76,1100.0,0,0,1988.0,2024-12-07,Sold,10,4.0,397.87,38.0,8.1
PROP-10300,6 BHK Villa for sale in River North,Chicago,River North,Villa,1166803.5,3072.0,6,4,2009.0,2025-02-27,Active,9,4.7,379.82,17.0,7.8
PROP-10301,Residential plot of 6556 sqft in Downtown,Austin,Downtown,Plot,3378231.63,6556.0,0,0,1988.0,2025-10-03,Active,10,4.2,515.29,38.0,7.8
PROP-10302,Commercial Space / Office in Downtown,Austin,Downtown,Commercial,7666911.64,17287.0,0,5,1983.0,2024-11-05,Pending,5,3.2,443.51,43.0,5.4
PROP-10303,6 BHK Villa for sale in Bronx,New York,Bronx,Villa,3931435.0,4586.0,6,4,2000.0,2024-04-10,Sold,3,3.4,857.27,26.0,4.9
PROP-10304,Commercial Space / Office in Manhattan,New York,Manhattan,Commercial,8256257.93,4378.0,0,10,2009.0,2024-11-15,Pending,6,3.6,1885.85,17.0,6.0
PROP-10305,3 BHK Villa for sale in Queens,New York,Queens,Villa,3326304.39,2737.0,3,2,1993.0,2025-07-16,Active,5,4.1,1215.31,33.0,5.9
PROP-10306,1 BHK Apartment for sale in Bronx,New York,Bronx,Apartment,529203.73,610.0,1,2,1970.0,2025-09-02,Sold,8,4.2,867.55,56.0,7.3
PROP-10307,Commercial Space / Office in Lincoln Park,Chicago,Lincoln Park,Commercial,8724497.19,15928.0,0,6,2003.0,2025-04-21,Active,3,4.7,547.75,23.0,5.4
PROP-10308,Commercial Space / Office in East Austin,Austin,East Austin,Commercial,1080364.57,3141.0,0,9,1967.0,2025-04-17,Pending,6,4.2,343.96,59.0,6.5
PROP-10309,Commercial Space / Office in Downtown,Austin,Downtown,Commercial,9489573.4,20350.0,0,8,1975.0,2025-07-15,Pending,9,4.2,466.32,51.0,7.6
PROP-10310,4 BHK Apartment for sale in South Austin,Austin,South Austin,Apartment,290431.53,734.0,4,2,1991.0,2025-03-31,Pending,2,4.2,395.68,35.0,5.0
PROP-10311,4 BHK Villa for sale in Manhattan,New York,Manhattan,Villa,3272197.54,1801.0,4,3,2008.0,2025-02-03,Pending,6,3.4,1816.88,18.0,5.9
PROP-10312,2 BHK Apartment for sale in Hyde Park,Chicago,Hyde Park,Apartment,601247.91,2235.0,2,2,1927.0,2025-07-16,Active,9,4.4,269.01,99.0,7.8
PROP-10313,Commercial Space / Office in West Lake Hills,Austin,West Lake Hills,Commercial,11484421.94,18862.0,0,5,2002.0,2024-05-22,Pending,6,4.7,608.87,24.0,6.9
PROP-10314,Commercial Space / Office in Manhattan,New York,Manhattan,Commercial,10226744.04,5449.0,0,3,1968.0,2025-03-01,Sold,10,4.6,1876.81,58.0,8.2
PROP-10315,2 BHK Apartment for sale in SOMA,San Francisco,SOMA,Apartment,2911092.31,2234.0,2,3,1984.0,2025-07-13,Active,3,4.1,1303.09,42.0,5.2
PROP-10316,4 BHK Apartment for sale in Coral Gables,Miami,Coral Gables,Apartment,946097.0,1002.0,4,3,2014.0,2025-11-15,Sold,9,4.3,944.21,12.0,7.6
PROP-10317,Residential plot of 5738 sqft in Hyde Park,Chicago,Hyde Park,Plot,1446381.59,5738.0,0,0,1993.0,2025-09-03,Sold,10,4.6,252.07,33.0,8.4
PROP-10318,Commercial Space / Office in Downtown,Austin,Downtown,Commercial,2564329.54,5155.0,0,10,1964.0,2024-10-11,Sold,7,3.6,497.45,62.0,6.3
PROP-10319,6 BHK Villa for sale in Marina,San Francisco,Marina,Villa,4636271.99,3734.0,6,3,2013.0,2024-12-17,Active,10,4.2,1241.64,13.0,7.9
PROP-10320,1 BHK Apartment for sale in SOMA,San Francisco,SOMA,Apartment,2834862.19,2047.0,1,1,1941.0,2025-05-02,Sold,10,4.7,1384.89,85.0,8.3
PROP-10321,3 BHK Apartment for sale in River North,Chicago,River North,Apartment,937074.81,2379.0,3,2,1998.0,2024-10-06,Pending,2,3.5,393.89,28.0,4.2
PROP-10322,Residential plot of 1138 sqft in Pacific Heights,San Francisco,Pacific Heights,Plot,2627601.47,1138.0,0,0,1991.0,2024-01-13,Sold,2,4.4,2308.96,35.0,4.8
PROP-10323,2 BHK Apartment for sale in Manhattan,New York,Manhattan,Apartment,3864946.88,2422.0,2,3,2001.0,2024-05-02,Sold,5,3.8,1595.77,25.0,5.9
PROP-10324,Commercial Space / Office in Pacific Heights,San Francisco,Pacific Heights,Commercial,52897700.19,21931.0,0,9,2019.0,2025-03-13,Sold,6,3.5,2412.01,7.0,5.8
PROP-10325,6 BHK Villa for sale in Queens,New York,Queens,Villa,2750073.01,2368.0,6,3,2019.0,2025-10-22,Active,9,4.2,1161.35,7.0,7.6
PROP-10326,1 BHK Apartment for sale in Coral Gables,Miami,Coral Gables,Apartment,699826.23,804.0,1,1,2005.0,2024-06-04,Pending,10,4.7,870.43,21.0,8.4
PROP-10327,Commercial Space / Office in Brooklyn,New York,Brooklyn,Commercial,6844950.17,4971.0,0,10,2019.0,2024-12-07,Pending,1,4.3,1376.98,7.0,4.3
PROP-10328,6 BHK Villa for sale in Bronx,New York,Bronx,Villa,2156830.71,2122.0,6,3,1999.0,2024-04-19,Pending,8,3.2,1016.41,27.0,6.6
PROP-10329,Commercial Space / Office in Brickell,Miami,Brickell,Commercial,11341515.51,18712.0,0,6,1991.0,2025-04-05,Active,1,3.7,606.11,35.0,4.1
PROP-10330,4 BHK Villa for sale in Little Havana,Miami,Little Havana,Villa,863386.14,2102.0,4,5,2021.0,2025-09-25,Sold,3,3.0,410.75,5.0,4.7
PROP-10331,2 BHK Apartment for sale in South Beach,Miami,South Beach,Apartment,938844.75,1718.0,2,1,2022.0,2024-12-11,Sold,9,5.0,546.48,4.0,8.2
PROP-10332,2 BHK Apartment for sale in Brickell,Miami,Brickell,Apartment,673453.24,1060.0,2,2,1996.0,2025-07-20,Active,10,4.1,635.33,30.0,7.9
PROP-10333,4 BHK Apartment for sale in Manhattan,New York,Manhattan,Apartment,2219073.45,1352.0,4,3,1936.0,2025-10-17,Pending,9,4.2,1641.33,90.0,7.7
PROP-10334,1 BHK Apartment for sale in East Austin,Austin,East Austin,Apartment,332949.21,893.0,1,3,1932.0,2025-07-06,Pending,4,3.6,372.84,94.0,5.2
PROP-10335,2 BHK Apartment for sale in SOMA,San Francisco,SOMA,Apartment,1440827.26,1083.0,2,2,1952.0,2025-04-09,Sold,3,4.8,1330.4,74.0,5.6
PROP-10336,4 BHK Villa for sale in Hyde Park,Chicago,Hyde Park,Villa,1148873.0,4468.0,4,2,2000.0,2024-08-30,Active,7,4.8,257.13,26.0,7.3
PROP-10337,Commercial Space / Office in Little Havana,Miami,Little Havana,Commercial,2384255.99,5469.0,0,9,2006.0,2025-01-02,Active,6,3.3,435.96,20.0,6.0
PROP-10338,Residential plot of 5835 sqft in River North,Chicago,River North,Plot,2082607.46,5835.0,0,0,1986.0,2025-10-15,Active,10,4.9,356.92,40.0,8.4
PROP-10339,Residential plot of 8014 sqft in Marina,San Francisco,Marina,Plot,9611639.76,8014.0,0,0,1991.5,2024-09-09,Pending,10,4.9,1199.36,34.5,8.3
PROP-10340,Commercial Space / Office in Loop,Chicago,Loop,Commercial,5199610.0,14949.0,0,10,1985.0,2024-04-10,Active,2,4.1,347.82,41.0,4.8
PROP-10341,3 BHK Apartment for sale in South Austin,Austin,South Austin,Apartment,831220.95,1870.0,3,1,2010.0,2025-08-07,Active,8,3.9,444.5,16.0,7.1
PROP-10342,Residential plot of 5859 sqft in Manhattan,New York,Manhattan,Plot,10311765.1,5859.0,0,0,1991.0,2024-10-03,Sold,10,4.2,1759.99,35.0,8.0
PROP-10343,4 BHK Apartment for sale in Queens,New York,Queens,Apartment,1437203.8,1248.0,4,3,1925.0,2024-06-28,Sold,2,4.1,1151.61,101.0,4.8
PROP-10344,Residential plot of 5380 sqft in Brickell,Miami,Brickell,Plot,3231453.29,5380.0,0,0,1995.5,2025-03-09,Active,6,3.7,600.64,30.5,6.1
PROP-10345,Residential plot of 4085 sqft in Coral Gables,Miami,Coral Gables,Plot,4108749.65,4085.0,0,0,1991.0,2025-04-13,Pending,3,3.6,1005.81,35.0,4.7
PROP-10346,5 BHK Villa for sale in Marina,San Francisco,Marina,Villa,2250835.0,1985.0,4,5,2023.0,2024-05-15,Pending,8,4.5,1133.92,3.0,7.4
PROP-10347,Residential plot of 8965 sqft in Coral Gables,Miami,Coral Gables,Plot,8294475.9,8965.0,0,0,1991.0,2025-06-26,Pending,8,3.6,925.21,35.0,6.8
PROP-10348,Residential plot of 1775 sqft in South Austin,Austin,South Austin,Plot,714483.07,1775.0,0,0,1991.0,2024-10-18,Active,10,4.7,402.53,35.0,8.5
PROP-10349,2 BHK Apartment for sale in SOMA,San Francisco,SOMA,Apartment,1544361.12,1148.0,2,2,1953.0,2024-07-29,Active,8,5.0,1345.26,73.0,7.7
PROP-10350,4 BHK Villa for sale in Bronx,New York,Bronx,Villa,4851912.01,4423.0,4,2,2014.0,2024-12-05,Pending,8,4.8,1096.97,12.0,7.4
PROP-10351,Commercial Space / Office in Hyde Park,Chicago,Hyde Park,Commercial,1469277.74,5568.0,0,10,1967.0,2025-02-15,Active,8,3.7,263.88,59.0,7.0
PROP-10352,1 BHK Apartment for sale in South Austin,Austin,South Austin,Apartment,770903.92,1886.0,1,3,1970.0,2024-11-21,Sold,1,4.8,408.75,56.0,4.9
PROP-10353,Residential plot of 2435 sqft in East Austin,Austin,East Austin,Plot,801833.51,2435.0,0,0,1994.0,2025-03-30,Pending,8,3.6,329.3,32.0,7.0
PROP-10354,6 BHK Villa for sale in Lincoln Park,Chicago,Lincoln Park,Villa,2541361.32,4284.0,6,4,1984.0,2025-08-27,Active,1,3.8,593.22,42.0,4.0
PROP-10355,Commercial Space / Office in SOMA,San Francisco,SOMA,Commercial,29404738.0,19149.0,0,9,1962.0,2024-11-05,Pending,10,4.5,1535.58,64.0,8.0
PROP-10356,Commercial Space / Office in Loop,Chicago,Loop,Commercial,5307131.88,17118.0,0,5,1961.0,2024-10-10,Active,10,4.6,310.03,65.0,8.4
PROP-10357,1 BHK Apartment for sale in Queens,New York,Queens,Apartment,987917.87,833.0,1,1,1960.0,2024-05-18,Active,5,3.7,1185.98,66.0,5.8
PROP-10358,3 BHK Apartment for sale in Brooklyn,New York,Brooklyn,Apartment,2109732.7,1613.0,2,2,2007.0,2024-10-04,Sold,6,3.2,1307.96,19.0,5.7
PROP-10359,4 BHK Villa for sale in River North,Chicago,River North,Villa,1365454.57,3584.0,4,3,1992.0,2025-07-26,Sold,9,4.7,380.99,34.0,7.8
PROP-10360,Residential plot of 3277 sqft in Bronx,New York,Bronx,Plot,3445133.0,3277.0,0,0,1993.0,2025-09-03,Pending,3,4.4,1051.31,33.0,5.2
PROP-10361,3 BHK Villa for sale in SOMA,San Francisco,SOMA,Villa,4329006.87,2866.0,3,5,2024.0,2024-04-24,Pending,9,4.1,1510.47,2.0,7.5
PROP-10362,2 BHK Apartment for sale in Queens,New York,Queens,Apartment,2590267.15,2384.0,2,3,1945.0,2024-12-25,Active,5,4.9,1086.52,81.0,6.6
PROP-10363,2 BHK Apartment for sale in South Beach,Miami,South Beach,Apartment,1321067.25,1965.0,2,2,1941.0,2025-07-04,Sold,4,4.8,672.3,85.0,5.8
PROP-10364,Commercial Space / Office in Brooklyn,New York,Brooklyn,Commercial,9358325.84,8021.0,0,10,1994.0,2024-11-17,Active,9,4.8,1166.73,32.0,8.1
PROP-10365,Commercial Space / Office in Bronx,New York,Bronx,Commercial,22937584.61,23513.0,0,9,1974.0,2024-10-24,Pending,4,4.7,975.53,52.0,5.9
PROP-10366,Commercial Space / Office in Bronx,New York,Bronx,Commercial,15539235.96,18126.0,0,3,1967.0,2025-02-14,Active,3,3.1,857.29,59.0,4.7
PROP-10367,Commercial Space / Office in Brooklyn,New York,Brooklyn,Commercial,31795515.6,24379.0,0,6,2008.0,2025-10-21,Pending,8,4.3,1304.22,18.0,7.2
PROP-10368,Residential plot of 9147 sqft in Loop,Chicago,Loop,Plot,2942921.83,9147.0,0,0,1991.0,2024-05-17,Sold,1,4.7,321.74,35.0,4.8
PROP-10369,Residential plot of 2253 sqft in Coral Gables,Miami,Coral Gables,Plot,2125686.94,2253.0,0,0,1991.0,2025-06-16,Pending,4,3.6,943.49,35.0,5.2
PROP-10370,Commercial Space / Office in South Beach,Miami,South Beach,Commercial,9003930.74,13570.0,0,9,1980.0,2025-03-29,Active,5,4.1,663.52,46.0,5.8
PROP-10371,Commercial Space / Office in Pacific Heights,San Francisco,Pacific Heights,Commercial,41909478.94,19640.0,0,9,2002.0,2025-07-06,Pending,9,4.5,2133.88,24.0,7.8
PROP-10372,1 BHK Apartment for sale in East Austin,Austin,East Austin,Apartment,587346.89,1709.0,1,1,1966.0,2025-08-20,Sold,6,3.8,343.68,60.0,6.2
PROP-10373,3 BHK Apartment for sale in Pacific Heights,San Francisco,Pacific Heights,Apartment,1559164.0,734.0,2,1,1922.0,2024-02-08,Pending,10,4.4,2124.2,104.0,8.1
PROP-10374,4 BHK Apartment for sale in Downtown,Austin,Downtown,Apartment,577085.29,1188.0,4,3,2023.0,2024-12-13,Pending,8,4.9,485.76,3.0,7.5
PROP-10375,4 BHK Apartment for sale in Pacific Heights,San Francisco,Pacific Heights,Apartment,3771554.57,1674.0,4,1,1999.0,2024-04-04,Sold,2,4.2,2253.02,27.0,4.7
PROP-10376,Residential plot of 9846 sqft in Queens,New York,Queens,Plot,11153618.39,9846.0,0,0,1988.0,2025-02-28,Sold,9,4.8,1132.81,38.0,8.1
PROP-10377,Commercial Space / Office in Marina,San Francisco,Marina,Commercial,25373440.37,21903.0,0,10,2011.0,2025-03-20,Sold,1,4.0,1158.45,15.0,4.2
PROP-10378,Residential plot of 4335 sqft in West Lake Hills,Austin,West Lake Hills,Plot,3229827.79,4335.0,0,0,1990.0,2024-09-30,Sold,3,3.5,745.06,36.0,4.6
PROP-10379,Residential plot of 8952 sqft in Mission District,San Francisco,Mission District,Plot,12757732.47,8952.0,0,0,1994.0,2025-03-22,Active,4,3.3,1425.13,32.0,5.0
PROP-10380,Commercial Space / Office in Brickell,Miami,Brickell,Commercial,1738625.72,2812.0,0,3,1980.0,2024-03-06,Pending,6,4.3,618.29,46.0,6.5
PROP-10381,Residential plot of 2478 sqft in Mission District,San Francisco,Mission District,Plot,3196600.87,2478.0,0,0,1994.0,2024-05-05,Pending,6,4.7,1289.99,32.0,6.8
PROP-10382,3 BHK Apartment for sale in Lincoln Park,Chicago,Lincoln Park,Apartment,456152.39,938.0,3,2,1972.0,2025-08-26,Sold,6,4.4,486.3,54.0,6.6
PROP-10383,Residential plot of 1345 sqft in Pacific Heights,San Francisco,Pacific Heights,Plot,2947702.65,1345.0,0,0,1991.0,2025-09-12,Sold,1,4.4,2191.6,35.0,4.5
PROP-10384,3 BHK Villa for sale in East Austin,Austin,East Austin,Villa,1686386.68,4982.0,3,5,1994.0,2024-08-29,Active,8,4.3,338.5,32.0,7.3
PROP-10385,Residential plot of 2644 sqft in River North,Chicago,River North,Plot,1015460.17,2644.0,0,0,1986.0,2024-09-24,Pending,7,4.2,384.06,40.0,6.7
PROP-10386,Commercial Space / Office in Manhattan,New York,Manhattan,Commercial,2056207.99,1100.0,0,8,1972.0,2024-11-17,Active,5,3.5,1869.28,54.0,5.6
PROP-10387,Commercial Space / Office in Little Havana,Miami,Little Havana,Commercial,2724592.36,5374.0,0,6,1971.0,2024-12-01,Active,2,3.8,507.0,55.0,4.4
PROP-10388,4 BHK Villa for sale in Mission District,San Francisco,Mission District,Villa,8648932.98,5588.0,4,4,2024.0,2024-02-20,Pending,10,4.1,1547.77,2.0,7.8
PROP-10389,4 BHK Villa for sale in River North,Chicago,River North,Villa,1302036.26,3464.0,4,4,1998.0,2025-01-26,Active,10,4.2,375.88,28.0,7.9
PROP-10390,3 BHK Villa for sale in South Austin,Austin,South Austin,Villa,2223880.25,5553.0,3,2,2010.0,2024-11-27,Pending,4,4.4,400.48,16.0,5.9
PROP-10391,Residential plot of 1087 sqft in South Austin,Austin,South Austin,Plot,453000.38,1087.0,0,0,1991.0,2025-09-26,Pending,6,3.3,416.74,35.0,6.0
PROP-10392,Commercial Space / Office in Marina,San Francisco,Marina,Commercial,4449685.58,3937.0,0,7,2005.0,2024-05-25,Pending,1,5.0,1130.22,21.0,4.9
PROP-10393,Residential plot of 8139 sqft in Hyde Park,Chicago,Hyde Park,Plot,2547380.29,8139.0,0,0,1993.0,2024-11-19,Pending,3,4.1,312.98,33.0,5.0
PROP-10394,6 BHK Villa for sale in SOMA,San Francisco,SOMA,Villa,3111253.71,2093.0,6,4,1990.0,2025-03-22,Pending,3,3.9,1486.5,36.0,5.0
PROP-10395,3 BHK Apartment for sale in Mission District,San Francisco,Mission District,Apartment,3428329.0,2278.0,3,1,1941.0,2024-10-06,Sold,10,5.0,1504.97,85.0,8.4
PROP-10396,1 BHK Apartment for sale in Loop,Chicago,Loop,Apartment,681225.1,1895.0,1,2,1967.0,2024-04-18,Active,1,3.2,359.49,59.0,3.8
PROP-10397,Commercial Space / Office in Queens,New York,Queens,Commercial,33230916.96,24971.0,0,4,1973.0,2025-10-21,Active,2,4.1,1330.78,53.0,4.6
PROP-10398,6 BHK Villa for sale in Loop,Chicago,Loop,Villa,1875815.91,4982.0,6,4,2021.0,2025-10-31,Pending,8,4.6,376.52,5.0,7.4
PROP-10399,6 BHK Villa for sale in Queens,New York,Queens,Villa,6662495.28,5449.0,6,5,1997.0,2025-03-09,Pending,6,4.2,1222.7,29.0,6.3
PROP-10400,4 BHK Apartment for sale in SOMA,San Francisco,SOMA,Apartment,2027490.1,1458.0,4,1,2022.0,2024-06-01,Sold,7,4.2,1390.6,4.0,6.8
PROP-10401,3 BHK Apartment for sale in Bronx,New York,Bronx,Apartment,1824544.5,1853.0,3,2,1952.0,2025-05-30,Sold,8,3.4,984.64,74.0,6.7
PROP-10402,Residential plot of 4066 sqft in Little Havana,Miami,Little Havana,Plot,1944443.9,4066.0,0,0,1994.0,2024-03-21,Sold,5,4.2,478.22,32.0,6.0
PROP-10403,Commercial Space / Office in Manhattan,New York,Manhattan,Commercial,44620023.18,23669.0,0,8,2015.0,2025-09-08,Pending,10,4.6,1885.17,11.0,8.2
PROP-10404,1 BHK Apartment for sale in Brooklyn,New York,Brooklyn,Apartment,969019.12,729.0,1,3,1944.0,2024-08-02,Active,4,3.9,1329.24,82.0,5.3
PROP-10405,2 BHK Apartment for sale in River North,Chicago,River North,Apartment,808305.87,2348.0,2,3,2009.0,2025-05-11,Pending,10,4.3,344.25,17.0,8.1
PROP-10406,Residential plot of 8987 sqft in River North,Chicago,River North,Plot,3050784.0,8987.0,0,0,1986.0,2025-06-09,Sold,8,3.5,339.47,40.0,6.9
PROP-10407,Commercial Space / Office in South Beach,Miami,South Beach,Commercial,3280314.73,4831.0,0,9,1999.0,2024-12-21,Pending,3,3.3,679.01,27.0,4.5
PROP-10408,6 BHK Villa for sale in Coral Gables,Miami,Coral Gables,Villa,4901726.53,4997.0,6,4,2010.0,2024-06-14,Pending,2,4.3,980.93,16.0,4.7
PROP-10409,3 BHK Villa for sale in Hyde Park,Chicago,Hyde Park,Villa,585561.83,2185.0,3,4,1996.0,2024-06-11,Sold,1,4.6,267.99,30.0,4.7
PROP-10410,Residential plot of 9444 sqft in East Austin,Austin,East Austin,Plot,3506210.27,9444.0,0,0,1994.0,2024-04-16,Pending,8,4.9,371.26,32.0,7.6
PROP-10411,1 BHK Apartment for sale in South Beach,Miami,South Beach,Apartment,963495.89,1790.0,1,1,1966.0,2024-10-26,Sold,10,4.1,538.27,60.0,8.1
PROP-10412,Commercial Space / Office in Loop,Chicago,Loop,Commercial,3185849.58,10396.0,0,10,1970.0,2025-01-16,Pending,6,4.3,306.45,56.0,6.7
PROP-10413,Commercial Space / Office in Marina,San Francisco,Marina,Commercial,17232312.15,17913.0,0,7,2020.0,2024-05-29,Sold,9,4.1,962.0,6.0,7.7
PROP-10414,4 BHK Apartment for sale in Brooklyn,New York,Brooklyn,Apartment,1655809.07,1358.0,4,3,2009.0,2024-11-07,Pending,6,3.0,1219.3,17.0,5.7
PROP-10415,Commercial Space / Office in Marina,San Francisco,Marina,Commercial,12322444.87,10880.0,0,3,1962.0,2025-02-03,Sold,3,4.0,1132.58,64.0,5.0
PROP-10416,3 BHK Apartment for sale in South Austin,Austin,South Austin,Apartment,512644.45,994.0,3,3,1974.0,2024-04-23,Pending,5,4.3,515.74,52.0,5.9
PROP-10417,5 BHK Villa for sale in Bronx,New York,Bronx,Villa,3744993.59,3715.0,5,4,1998.0,2025-08-09,Sold,7,4.0,1008.07,28.0,6.7
PROP-10418,Commercial Space / Office in Brooklyn,New York,Brooklyn,Commercial,5388930.38,4022.0,0,2,1987.0,2025-05-02,Active,6,4.4,1339.86,39.0,6.4
PROP-10419,Commercial Space / Office in Little Havana,Miami,Little Havana,Commercial,10775879.2,24976.0,0,8,2012.0,2025-06-01,Sold,8,3.3,431.45,14.0,6.8
PROP-10420,Residential plot of 7694 sqft in Loop,Chicago,Loop,Plot,2378102.28,7694.0,0,0,1991.0,2025-01-13,Active,9,4.4,309.09,35.0,7.9
PROP-10421,3 BHK Apartment for sale in SOMA,San Francisco,SOMA,Apartment,3558955.0,2320.0,3,1,1943.0,2025-05-15,Sold,8,3.1,1534.03,83.0,6.4
PROP-10422,6 BHK Villa for sale in River North,Chicago,River North,Villa,2165699.53,5575.0,6,5,1989.0,2024-11-29,Sold,10,4.2,388.47,37.0,7.9
PROP-10423,Residential plot of 2395 sqft in Brooklyn,New York,Brooklyn,Plot,2608810.33,2395.0,0,0,1994.0,2025-09-25,Active,10,4.8,1089.27,32.0,8.5
PROP-10424,Residential plot of 5018 sqft in Brickell,Miami,Brickell,Plot,3308589.69,5018.0,0,0,1995.5,2025-08-16,Sold,10,4.6,659.34,30.5,8.1
PROP-10425,Residential plot of 5213 sqft in Marina,San Francisco,Marina,Plot,5122212.63,5213.0,0,0,1991.5,2024-04-11,Pending,3,3.4,982.58,34.5,4.9
PROP-10426,5 BHK Villa for sale in Mission District,San Francisco,Mission District,Villa,3018347.29,2279.0,5,5,1986.0,2025-02-26,Pending,7,4.9,1324.42,40.0,7.3
PROP-10427,Residential plot of 6215 sqft in Little Havana,Miami,Little Havana,Plot,2951718.47,6215.0,0,0,1994.0,2025-02-20,Active,7,4.3,474.93,32.0,6.9
PROP-10428,6 BHK Villa for sale in South Beach,Miami,South Beach,Villa,3079599.41,5132.0,6,2,1990.0,2024-05-25,Active,6,4.1,600.08,36.0,6.3
PROP-10429,4 BHK Apartment for sale in Coral Gables,Miami,Coral Gables,Apartment,2007736.18,2411.0,4,2,1996.0,2025-11-27,Pending,4,4.2,832.74,30.0,5.7
PROP-10430,Residential plot of 4454 sqft in Loop,Chicago,Loop,Plot,1610551.96,4454.0,0,0,1991.0,2024-11-21,Pending,5,5.0,361.6,35.0,6.4
PROP-10431,Commercial Space / Office in East Austin,Austin,East Austin,Commercial,616517.84,1520.0,0,4,2001.0,2025-09-15,Active,3,3.8,405.6,25.0,4.7
PROP-10432,4 BHK Apartment for sale in Manhattan,New York,Manhattan,Apartment,4329725.44,2490.0,4,3,1965.0,2024-01-09,Pending,6,3.9,1738.85,61.0,6.3
PROP-10433,3 BHK Villa for sale in Queens,New York,Queens,Villa,6422657.3,4773.0,3,4,2011.0,2025-09-12,Active,7,3.2,1345.62,15.0,6.0
PROP-10434,4 BHK Villa for sale in Brickell,Miami,Brickell,Villa,1548415.0,2332.0,4,4,2016.0,2025-06-19,Pending,4,4.7,663.99,10.0,5.8
PROP-10435,4 BHK Apartment for sale in Loop,Chicago,Loop,Apartment,510951.73,1385.0,4,2,1935.0,2025-04-22,Sold,1,4.2,368.92,91.0,4.3
PROP-10436,4 BHK Apartment for sale in Pacific Heights,San Francisco,Pacific Heights,Apartment,3650069.94,1912.0,4,1,1951.0,2024-12-03,Sold,2,3.1,1909.03,75.0,4.3
PROP-10437,5 BHK Villa for sale in Mission District,San Francisco,Mission District,Villa,5413438.7,3970.0,4,3,1984.0,2025-09-26,Active,8,4.2,1363.59,42.0,7.2
PROP-10438,Commercial Space / Office in Brooklyn,New York,Brooklyn,Commercial,11494324.96,10878.0,0,8,1964.0,2024-02-27,Pending,7,3.8,1056.66,62.0,6.8
PROP-10439,Commercial Space / Office in South Beach,Miami,South Beach,Commercial,8999834.24,15028.0,0,3,1981.0,2025-11-22,Pending,10,4.2,598.87,45.0,8.0
PROP-10440,Residential plot of 8887 sqft in SOMA,San Francisco,SOMA,Plot,13280214.47,8887.0,0,0,1992.0,2025-03-31,Active,3,3.1,1494.34,34.0,4.5
PROP-10441,5 BHK Villa for sale in East Austin,Austin,East Austin,Villa,1777895.98,4328.0,5,4,2003.0,2025-06-14,Sold,3,3.1,410.79,23.0,4.3
PROP-10442,Residential plot of 8794 sqft in SOMA,San Francisco,SOMA,Plot,13031021.86,8794.0,0,0,1992.0,2025-04-23,Pending,10,4.3,1481.81,34.0,8.0
PROP-10443,2 BHK Apartment for sale in Bronx,New York,Bronx,Apartment,1683699.69,1919.0,2,2,1999.0,2025-05-07,Pending,7,4.2,877.38,27.0,6.9
PROP-10444,Commercial Space / Office in Brooklyn,New York,Brooklyn,Commercial,29735291.61,21687.0,0,7,1962.0,2024-07-22,Active,4,4.8,1371.11,64.0,5.8
PROP-10445,2 BHK Apartment for sale in Brooklyn,New York,Brooklyn,Apartment,2870238.89,2202.0,2,2,2003.0,2024-04-23,Active,5,3.9,1303.47,23.0,5.7
PROP-10446,2 BHK Apartment for sale in Little Havana,Miami,Little Havana,Apartment,1118174.94,2307.0,2,1,1944.0,2025-01-18,Pending,4,4.8,484.69,82.0,6.0
PROP-10447,4 BHK Villa for sale in Mission District,San Francisco,Mission District,Villa,8836480.32,5805.0,4,2,2010.0,2025-09-21,Sold,7,4.5,1522.22,16.0,6.8
PROP-10448,Commercial Space / Office in West Lake Hills,Austin,West Lake Hills,Commercial,15239252.92,20044.0,0,8,2000.0,2025-08-20,Active,4,4.8,760.29,26.0,5.8
PROP-10449,Residential plot of 3200 sqft in Lincoln Park,Chicago,Lincoln Park,Plot,1806817.87,3200.0,0,0,1989.5,2024-10-29,Pending,4,4.2,564.63,36.5,5.5
PROP-10450,Residential plot of 6194 sqft in River North,Chicago,River North,Plot,2020278.67,6194.0,0,0,1986.0,2024-01-26,Active,5,4.3,326.17,40.0,6.2
PROP-10451,3 BHK Villa for sale in South Beach,Miami,South Beach,Villa,1685556.88,2771.0,3,4,1982.0,2024-12-07,Pending,7,3.6,608.28,44.0,6.4
PROP-10452,Residential plot of 6679 sqft in Coral Gables,Miami,Coral Gables,Plot,6521673.67,6679.0,0,0,1991.0,2025-02-17,Sold,1,3.9,976.44,35.0,4.1
PROP-10453,6 BHK Villa for sale in Lincoln Park,Chicago,Lincoln Park,Villa,2120607.07,3714.0,6,5,2001.0,2024-11-16,Pending,7,3.4,570.98,25.0,6.2
PROP-10454,Residential plot of 7867 sqft in Bronx,New York,Bronx,Plot,7384022.62,7867.0,0,0,1993.0,2025-02-17,Sold,9,4.6,938.61,33.0,7.9
PROP-10455,6 BHK Villa for sale in West Lake Hills,Austin,West Lake Hills,Villa,1593000.96,2321.0,5,3,2010.0,2025-08-06,Sold,5,3.2,686.34,16.0,5.4
PROP-10456,Commercial Space / Office in SOMA,San Francisco,SOMA,Commercial,11363531.92,7746.0,0,5,1978.0,2024-03-12,Pending,10,4.3,1467.02,48.0,8.0
PROP-10457,Commercial Space / Office in River North,Chicago,River North,Commercial,1802525.79,5257.0,0,5,1979.0,2025-11-11,Sold,10,4.2,342.88,47.0,8.1
PROP-10458,Commercial Space / Office in Marina,San Francisco,Marina,Commercial,20842790.72,18231.0,0,7,2018.0,2025-05-17,Sold,1,4.5,1143.26,8.0,4.5
PROP-10459,Commercial Space / Office in West Lake Hills,Austin,West Lake Hills,Commercial,4485921.85,6884.0,0,8,1989.0,2025-11-05,Sold,2,3.8,651.64,37.0,4.6
PROP-10460,3 BHK Villa for sale in Coral Gables,Miami,Coral Gables,Villa,5008539.53,5169.0,3,4,1984.0,2025-05-31,Pending,7,3.9,968.96,42.0,6.5
PROP-10461,Commercial Space / Office in River North,Chicago,River North,Commercial,4532742.0,13998.0,0,2,1960.0,2024-05-19,Sold,8,4.0,323.81,66.0,7.2
PROP-10462,3 BHK Villa for sale in Marina,San Francisco,Marina,Villa,1934762.84,1947.0,3,3,1992.0,2025-02-04,Sold,1,4.4,993.71,34.0,4.7
PROP-10463,3 BHK Apartment for sale in Marina,San Francisco,Marina,Apartment,2205683.26,1913.0,3,2,1926.0,2024-02-19,Active,4,3.7,1153.0,100.0,5.3
PROP-10464,2 BHK Apartment for sale in Mission District,San Francisco,Mission District,Apartment,2785205.58,1982.0,2,1,1973.0,2024-11-30,Sold,4,4.2,1405.25,53.0,5.6
PROP-10465,Commercial Space / Office in South Austin,Austin,South Austin,Commercial,618653.17,1392.0,0,8,1973.0,2024-03-08,Pending,10,4.1,444.43,53.0,8.0
PROP-10466,4 BHK Apartment for sale in Brooklyn,New York,Brooklyn,Apartment,2275373.13,1622.0,2,3,2018.0,2024-12-06,Sold,6,5.0,1402.82,8.0,6.6
PROP-10467,5 BHK Villa for sale in Brickell,Miami,Brickell,Villa,1819992.72,2816.0,5,3,2007.0,2025-09-26,Active,6,4.0,646.3,19.0,6.2
PROP-10468,Residential plot of 1648 sqft in Hyde Park,Chicago,Hyde Park,Plot,464329.47,1648.0,0,0,1993.0,2025-02-28,Pending,1,3.5,281.75,33.0,4.0
PROP-10469,Commercial Space / Office in Brooklyn,New York,Brooklyn,Commercial,7169537.96,7014.0,0,9,2000.0,2025-05-18,Active,1,4.3,1022.18,26.0,4.8
PROP-10470,Commercial Space / Office in SOMA,San Francisco,SOMA,Commercial,14264848.37,11206.0,0,4,2006.0,2025-03-10,Active,7,3.6,1272.97,20.0,6.6
PROP-10471,Commercial Space / Office in Queens,New York,Queens,Commercial,19740092.97,16424.0,0,9,1987.0,2025-03-19,Pending,1,4.5,1201.91,39.0,4.6
PROP-10472,Residential plot of 8596 sqft in Brickell,Miami,Brickell,Plot,4857191.38,8596.0,0,0,1995.5,2024-10-17,Sold,8,3.1,565.05,30.5,6.7
PROP-10473,Residential plot of 7628 sqft in Mission District,San Francisco,Mission District,Plot,12043012.03,7628.0,0,0,1994.0,2025-02-08,Pending,7,4.0,1578.79,32.0,6.5
PROP-10474,5 BHK Villa for sale in Manhattan,New York,Manhattan,Villa,10280082.44,5374.0,5,4,1991.0,2025-10-12,Sold,3,4.3,1912.93,35.0,5.2
PROP-10475,Commercial Space / Office in Brooklyn,New York,Brooklyn,Commercial,11461590.83,9332.0,0,5,1998.0,2025-11-09,Active,2,4.5,1228.2,28.0,5.0
PROP-10476,5 BHK Villa for sale in Brooklyn,New York,Brooklyn,Villa,4377607.03,3871.0,5,5,2017.0,2025-02-25,Sold,2,3.2,1130.87,9.0,4.3
PROP-10477,3 BHK Villa for sale in Hyde Park,Chicago,Hyde Park,Villa,494854.53,1812.0,3,2,2024.0,2025-03-02,Sold,7,3.3,273.1,2.0,6.3
PROP-10478,4 BHK Villa for sale in Lincoln Park,Chicago,Lincoln Park,Villa,1663540.87,3296.0,4,4,1990.0,2025-10-01,Sold,3,3.2,504.72,36.0,4.7
PROP-10479,1 BHK Apartment for sale in Loop,Chicago,Loop,Apartment,775567.81,2039.0,1,3,1994.0,2024-02-12,Sold,1,3.8,380.37,32.0,4.1
PROP-10480,Residential plot of 6164 sqft in Little Havana,Miami,Little Havana,Plot,3239958.64,6164.0,0,0,1994.0,2025-01-04,Pending,10,4.4,525.63,32.0,8.0
PROP-10481,2 BHK Apartment for sale in Lincoln Park,Chicago,Lincoln Park,Apartment,1330288.0,2447.0,2,2,1977.0,2025-11-05,Sold,7,4.3,543.64,49.0,6.8
PROP-10482,6 BHK Villa for sale in Queens,New York,Queens,Villa,6773093.65,5769.0,6,2,2002.0,2025-05-02,Sold,2,4.5,1174.05,24.0,5.0
PROP-10483,Commercial Space / Office in South Beach,Miami,South Beach,Commercial,6459422.94,10874.0,0,10,2015.0,2025-04-01,Pending,10,4.2,594.02,11.0,8.0
PROP-10484,Commercial Space / Office in Brooklyn,New York,Brooklyn,Commercial,9795065.29,8221.0,0,6,2002.0,2025-11-17,Active,9,4.5,1191.47,24.0,7.9
PROP-10485,Commercial Space / Office in South Beach,Miami,South Beach,Commercial,13430881.18,22427.0,0,10,2021.0,2024-08-26,Active,7,3.2,598.87,5.0,6.2
PROP-10486,Residential plot of 1027 sqft in Queens,New York,Queens,Plot,1162448.57,1027.0,0,0,1988.0,2025-08-27,Pending,7,3.6,1131.89,38.0,6.6
PROP-10487,Commercial Space / Office in Brickell,Miami,Brickell,Commercial,9990827.99,18638.0,0,9,1980.0,2024-10-30,Pending,8,3.3,536.05,46.0,6.9
PROP-10488,4 BHK Apartment for sale in Queens,New York,Queens,Apartment,2679195.75,2236.0,4,3,1947.0,2025-01-20,Pending,3,4.7,1198.21,79.0,5.5
PROP-10489,Residential plot of 1353 sqft in Marina,San Francisco,Marina,Plot,1537155.23,1353.0,0,0,1991.5,2024-12-11,Pending,6,4.5,1136.11,34.5,6.6
PROP-10490,5 BHK Villa for sale in Marina,San Francisco,Marina,Villa,2258704.01,2243.0,5,5,2021.0,2024-05-20,Pending,5,4.8,1007.0,5.0,6.5
PROP-10491,Commercial Space / Office in South Beach,Miami,South Beach,Commercial,12100529.32,23264.0,0,4,2019.0,2024-12-30,Active,3,3.2,520.14,7.0,4.8
PROP-10492,4 BHK Apartment for sale in Lincoln Park,Chicago,Lincoln Park,Apartment,708669.57,1312.0,4,2,2008.0,2024-06-25,Pending,2,4.6,540.14,18.0,5.0
PROP-10493,2 BHK Apartment for sale in Manhattan,New York,Manhattan,Apartment,3334850.75,1813.0,2,1,1995.0,2025-08-09,Sold,4,4.6,1839.41,31.0,5.8
PROP-10494,6 BHK Villa for sale in Queens,New York,Queens,Villa,2366543.43,1961.0,6,5,1984.0,2025-08-21,Sold,2,4.5,1206.8,42.0,4.9
PROP-10495,2 BHK Apartment for sale in Bronx,New York,Bronx,Apartment,641906.12,763.0,2,3,1940.0,2024-09-19,Active,2,5.0,841.29,86.0,5.5
PROP-10496,4 BHK Apartment for sale in Brooklyn,New York,Brooklyn,Apartment,2254485.25,1849.0,4,1,1993.0,2024-11-16,Pending,10,4.2,1219.3,33.0,8.0
PROP-10497,Residential plot of 3105 sqft in SOMA,San Francisco,SOMA,Plot,4645775.05,3105.0,0,0,1992.0,2025-03-08,Pending,7,3.8,1496.22,34.0,6.5
PROP-10498,4 BHK Villa for sale in West Lake Hills,Austin,West Lake Hills,Villa,2831668.76,4006.0,4,4,2016.0,2025-06-07,Pending,3,3.6,706.86,10.0,4.8
PROP-10499,1 BHK Apartment for sale in South Beach,Miami,South Beach,Apartment,1177245.57,1811.0,1,2,1962.0,2024-05-29,Active,7,3.0,650.05,64.0,6.0
PROP-10500,3 BHK Apartment for sale in Pacific Heights,San Francisco,Pacific Heights,Apartment,4192339.87,1934.0,3,3,1954.0,2024-02-19,Pending,3,3.7,2167.7,72.0,4.8
PROP-10501,2 BHK Apartment for sale in Lincoln Park,Chicago,Lincoln Park,Apartment,988792.96,1846.0,2,1,1968.0,2024-09-30,Sold,6,4.4,535.64,58.0,6.5
PROP-10502,Commercial Space / Office in Hyde Park,Chicago,Hyde Park,Commercial,2900431.23,11000.0,0,3,2020.0,2024-11-16,Sold,2,3.2,263.68,6.0,4.3
PROP-10503,Commercial Space / Office in West Lake Hills,Austin,West Lake Hills,Commercial,11910648.15,16717.0,0,9,1992.0,2025-11-24,Sold,2,3.8,712.49,34.0,4.5
PROP-10504,2 BHK Apartment for sale in Coral Gables,Miami,Coral Gables,Apartment,2243214.84,2475.0,2,3,2017.0,2024-08-18,Pending,3,4.0,906.35,9.0,5.1
PROP-10505,Residential plot of 5809 sqft in Mission District,San Francisco,Mission District,Plot,7558643.68,5809.0,0,0,1994.0,2024-01-03,Sold,7,3.4,1301.2,32.0,6.4
PROP-10506,Commercial Space / Office in Bronx,New York,Bronx,Commercial,12006201.31,12657.0,0,2,1999.0,2024-11-01,Active,6,4.8,948.58,27.0,6.8
PROP-10507,2 BHK Apartment for sale in Brooklyn,New York,Brooklyn,Apartment,566116.66,514.0,2,3,1952.0,2025-02-08,Pending,7,4.8,1101.39,74.0,7.3
PROP-10508,2 BHK Apartment for sale in Pacific Heights,San Francisco,Pacific Heights,Apartment,4536000.14,2309.0,2,1,1944.0,2024-05-16,Sold,6,4.8,1964.49,82.0,6.8
PROP-10509,6 BHK Villa for sale in River North,Chicago,River North,Villa,2020135.0,5075.0,6,3,1987.0,2024-01-22,Pending,9,4.2,398.06,39.0,7.4
PROP-10510,Commercial Space / Office in Hyde Park,Chicago,Hyde Park,Commercial,3775939.14,15055.0,0,5,1999.0,2025-06-07,Pending,2,4.7,250.81,27.0,5.3
PROP-10511,4 BHK Villa for sale in Brooklyn,New York,Brooklyn,Villa,3372050.16,2786.0,4,5,1982.0,2024-07-15,Pending,1,4.2,1210.36,44.0,4.4
PROP-10512,Commercial Space / Office in SOMA,San Francisco,SOMA,Commercial,4395884.44,3010.0,0,10,1987.0,2024-11-07,Pending,7,4.9,1460.43,39.0,7.2
PROP-10513,5 BHK Villa for sale in Manhattan,New York,Manhattan,Villa,9236153.0,5667.0,5,2,2007.0,2025-05-18,Pending,4,3.2,1629.81,19.0,5.1
PROP-10514,Residential plot of 7292 sqft in East Austin,Austin,East Austin,Plot,2300049.69,7292.0,0,0,1994.0,2024-04-18,Sold,10,4.6,315.42,32.0,8.4
PROP-10515,Residential plot of 8769 sqft in Loop,Chicago,Loop,Plot,3519987.83,8769.0,0,0,1991.0,2024-07-25,Active,1,3.3,401.41,35.0,3.6
PROP-10516,Commercial Space / Office in Coral Gables,Miami,Coral Gables,Commercial,13426624.88,15290.0,0,3,1990.0,2025-05-30,Active,10,5.0,878.13,36.0,8.5
PROP-10517,4 BHK Apartment for sale in Marina,San Francisco,Marina,Apartment,1512039.65,1396.0,4,3,2019.0,2025-09-13,Active,1,3.3,1083.12,7.0,4.0
PROP-10518,3 BHK Villa for sale in Coral Gables,Miami,Coral Gables,Villa,3108484.15,3999.0,3,3,1994.0,2024-08-31,Sold,3,4.9,777.32,32.0,5.8
PROP-10519,Residential plot of 6317 sqft in Mission District,San Francisco,Mission District,Plot,7738093.71,6317.0,0,0,1994.0,2025-07-16,Active,7,4.8,1224.96,32.0,7.4
PROP-10520,Residential plot of 5194 sqft in Queens,New York,Queens,Plot,7114625.34,5194.0,0,0,1988.0,2025-07-04,Sold,2,4.4,1369.78,38.0,4.7
PROP-10521,4 BHK Villa for sale in Brickell,Miami,Brickell,Villa,2361750.54,4001.0,4,5,1989.0,2025-03-20,Pending,2,4.0,590.29,37.0,4.7
PROP-10522,Residential plot of 3911 sqft in Pacific Heights,San Francisco,Pacific Heights,Plot,8995395.81,3911.0,0,0,1991.0,2025-09-14,Active,2,3.9,2300.02,35.0,4.5
PROP-10523,1 BHK Apartment for sale in Brickell,Miami,Brickell,Apartment,832582.42,1286.0,1,1,1921.0,2025-10-21,Active,4,4.2,647.42,105.0,5.5
PROP-10524,6 BHK Villa for sale in Queens,New York,Queens,Villa,6534644.1,5735.0,6,3,1999.0,2024-06-07,Sold,5,4.3,1139.43,27.0,6.1
PROP-10525,6 BHK Villa for sale in Lincoln Park,Chicago,Lincoln Park,Villa,1834932.91,3656.0,6,5,1989.0,2024-10-20,Sold,7,4.4,501.9,37.0,7.0
PROP-10526,Residential plot of 6906 sqft in East Austin,Austin,East Austin,Plot,2801892.08,6906.0,0,0,1994.0,2024-03-27,Sold,3,3.4,405.72,32.0,4.5
PROP-10527,Residential plot of 5441 sqft in Pacific Heights,San Francisco,Pacific Heights,Plot,12852880.61,5441.0,0,0,1991.0,2025-11-08,Pending,2,4.6,2362.23,35.0,4.9
PROP-10528,Commercial Space / Office in Pacific Heights,San Francisco,Pacific Heights,Commercial,45020013.38,24636.0,0,9,2012.0,2025-08-14,Sold,5,3.3,1827.41,14.0,5.7
PROP-10529,Commercial Space / Office in River North,Chicago,River North,Commercial,1942621.9,5529.0,0,5,1984.0,2025-05-24,Pending,9,4.2,351.35,42.0,7.6
PROP-10530,Residential plot of 4330 sqft in Mission District,San Francisco,Mission District,Plot,6960216.0,4330.0,0,0,1994.0,2024-01-18,Pending,3,4.8,1607.44,32.0,5.4
PROP-10531,4 BHK Villa for sale in Pacific Heights,San Francisco,Pacific Heights,Villa,9554205.0,5249.0,4,3,1994.0,2024-05-21,Sold,3,3.8,1820.2,32.0,5.1
PROP-10532,5 BHK Villa for sale in Bronx,New York,Bronx,Villa,2662379.29,3003.0,5,3,1985.0,2024-01-13,Pending,3,4.5,886.57,41.0,5.5
PROP-10533,Residential plot of 3554 sqft in West Lake Hills,Austin,West Lake Hills,Plot,2082289.17,3554.0,0,0,1990.0,2025-10-19,Active,9,4.4,585.9,36.0,7.9
PROP-10534,Commercial Space / Office in East Austin,Austin,East Austin,Commercial,3435514.89,9907.0,0,3,1993.0,2024-05-08,Pending,10,4.4,346.78,33.0,8.2
PROP-10535,Commercial Space / Office in River North,Chicago,River North,Commercial,2153633.31,6400.0,0,2,1986.0,2025-03-10,Active,2,3.2,336.51,40.0,4.3
PROP-10536,5 BHK Villa for sale in South Beach,Miami,South Beach,Villa,1031980.85,1889.0,5,3,2015.0,2024-02-03,Active,10,4.2,546.31,11.0,8.1
PROP-10537,5 BHK Villa for sale in East Austin,Austin,East Austin,Villa,1894330.67,5000.0,5,3,2024.0,2024-12-05,Sold,9,4.8,378.87,2.0,7.9
PROP-10538,Commercial Space / Office in South Austin,Austin,South Austin,Commercial,10314362.43,21511.0,0,3,2020.0,2024-08-08,Sold,3,4.5,479.49,6.0,5.3
PROP-10539,5 BHK Villa for sale in Coral Gables,Miami,Coral Gables,Villa,4204932.34,4182.0,5,5,1991.0,2025-11-30,Active,10,5.0,1005.48,35.0,8.3
PROP-10540,2 BHK Apartment for sale in Downtown,Austin,Downtown,Apartment,447323.51,1142.0,2,2,1940.0,2025-08-13,Active,4,3.4,391.7,86.0,5.3
PROP-10541,3 BHK Apartment for sale in Mission District,San Francisco,Mission District,Apartment,3501315.37,2259.0,3,2,1972.0,2025-11-27,Pending,9,5.0,1549.94,54.0,8.0
PROP-10542,1 BHK Apartment for sale in Manhattan,New York,Manhattan,Apartment,3629873.76,2247.0,1,2,1968.0,2025-02-12,Active,9,4.7,1615.43,58.0,8.1
PROP-10543,Commercial Space / Office in Mission District,San Francisco,Mission District,Commercial,18733386.75,14157.0,0,7,1964.0,2025-09-10,Sold,8,3.2,1323.26,62.0,6.6
PROP-10544,Commercial Space / Office in Pacific Heights,San Francisco,Pacific Heights,Commercial,26759321.5,12845.0,0,8,2022.0,2024-02-25,Active,7,3.5,2083.25,4.0,6.5
PROP-10545,4 BHK Villa for sale in West Lake Hills,Austin,West Lake Hills,Villa,2963291.43,3925.0,4,2,1985.0,2025-03-14,Pending,3,3.4,754.98,41.0,4.6
PROP-10546,2 BHK Apartment for sale in Hyde Park,Chicago,Hyde Park,Apartment,211443.38,659.0,2,2,2005.0,2024-11-20,Pending,3,4.0,320.85,21.0,4.9
PROP-10547,2 BHK Apartment for sale in Lincoln Park,Chicago,Lincoln Park,Apartment,504048.88,947.0,2,2,2009.0,2024-06-19,Active,6,3.4,532.26,17.0,5.9
PROP-10548,Commercial Space / Office in East Austin,Austin,East Austin,Commercial,5011613.37,14567.0,0,8,1982.0,2025-07-09,Pending,2,4.9,344.04,44.0,5.3
PROP-10549,Commercial Space / Office in River North,Chicago,River North,Commercial,9173260.94,24006.0,0,3,1965.0,2024-04-16,Active,10,4.1,382.12,61.0,7.8
PROP-10550,Commercial Space / Office in South Beach,Miami,South Beach,Commercial,4804069.05,8303.0,0,9,1995.0,2024-07-19,Active,8,4.9,578.59,31.0,7.7
PROP-10551,5 BHK Villa for sale in Loop,Chicago,Loop,Villa,1589584.0,4123.0,5,4,1999.0,2025-02-28,Active,7,3.1,385.54,27.0,6.0
PROP-10552,Commercial Space / Office in East Austin,Austin,East Austin,Commercial,7156818.72,19210.0,0,8,1972.0,2025-02-06,Sold,7,3.3,372.56,54.0,6.2
PROP-10553,3 BHK Villa for sale in Brickell,Miami,Brickell,Villa,1912949.0,2834.0,3,5,2020.0,2025-07-20,Pending,4,3.2,675.0,6.0,4.9
PROP-10554,3 BHK Apartment for sale in South Beach,Miami,South Beach,Apartment,896631.89,1429.0,3,1,1950.0,2024-08-15,Sold,6,4.5,627.45,76.0,6.5
PROP-10555,1 BHK Apartment for sale in Mission District,San Francisco,Mission District,Apartment,3138105.47,2398.0,1,1,1938.0,2024-07-03,Pending,6,4.8,1308.63,88.0,6.9
PROP-10556,Commercial Space / Office in Brooklyn,New York,Brooklyn,Commercial,23457221.51,21760.0,0,9,2011.0,2024-11-01,Active,10,4.9,1078.0,15.0,8.7
PROP-10557,Residential plot of 4159 sqft in South Beach,Miami,South Beach,Plot,2574836.65,4159.0,0,0,1990.0,2025-07-02,Sold,5,4.2,619.1,36.0,6.0
PROP-10558,6 BHK Villa for sale in SOMA,San Francisco,SOMA,Villa,5400361.77,4041.0,6,3,1985.0,2025-07-18,Pending,10,4.9,1336.39,41.0,8.5
PROP-10559,6 BHK Villa for sale in Loop,Chicago,Loop,Villa,2087224.38,5796.0,6,5,2007.0,2024-10-05,Sold,2,4.2,360.11,19.0,4.8
PROP-10560,Commercial Space / Office in Mission District,San Francisco,Mission District,Commercial,28215319.59,13053.0,0,10,1982.0,2024-04-27,Pending,7,4.6,2161.6,44.0,6.1
PROP-10561,Residential plot of 6388 sqft in Downtown,Austin,Downtown,Plot,2627763.07,6388.0,0,0,1988.0,2025-08-04,Active,10,4.3,411.36,38.0,8.2
PROP-10562,Commercial Space / Office in South Beach,Miami,South Beach,Commercial,5962087.34,11489.0,0,5,1972.0,2025-05-20,Pending,9,4.2,518.94,54.0,7.8
PROP-10563,Residential plot of 7599 sqft in Manhattan,New York,Manhattan,Plot,11778331.0,7599.0,0,0,1991.0,2025-06-30,Active,8,4.3,1549.98,35.0,7.5
PROP-10564,Residential plot of 2306 sqft in East Austin,Austin,East Austin,Plot,844218.81,2306.0,0,0,1994.0,2024-11-16,Active,7,3.6,366.1,32.0,6.4
PROP-10565,1 BHK Apartment for sale in Queens,New York,Queens,Apartment,1139787.87,958.0,1,1,1937.0,2024-11-26,Sold,7,3.5,1189.76,89.0,6.4
PROP-10566,3 BHK Apartment for sale in Manhattan,New York,Manhattan,Apartment,1021286.91,598.0,3,1,1953.0,2025-09-19,Pending,7,4.4,1707.84,73.0,7.0
PROP-10567,4 BHK Apartment for sale in Little Havana,Miami,Little Havana,Apartment,923284.24,1683.0,4,3,1982.0,2024-11-25,Pending,4,3.2,548.59,44.0,4.8
PROP-10568,Commercial Space / Office in Mission District,San Francisco,Mission District,Commercial,10197545.65,7962.0,0,2,2002.0,2025-01-29,Active,6,3.4,1280.78,24.0,6.0
PROP-10569,3 BHK Apartment for sale in West Lake Hills,Austin,West Lake Hills,Apartment,710517.85,948.0,3,2,1977.0,2025-06-09,Pending,4,3.1,749.49,49.0,4.8
PROP-10570,4 BHK Villa for sale in Loop,Chicago,Loop,Villa,2051048.37,5575.0,4,4,1981.0,2025-06-27,Pending,2,4.9,367.9,45.0,5.2
PROP-10571,Residential plot of 1805 sqft in Bronx,New York,Bronx,Plot,1810059.53,1805.0,0,0,1993.0,2025-03-08,Active,7,3.4,1002.8,33.0,6.3
PROP-10572,1 BHK Apartment for sale in Manhattan,New York,Manhattan,Apartment,1230196.15,735.0,1,1,1993.0,2024-03-08,Pending,6,4.8,1673.74,33.0,6.9
PROP-10573,5 BHK Villa for sale in West Lake Hills,Austin,West Lake Hills,Villa,2754900.15,4647.0,5,4,1980.0,2025-05-30,Sold,8,4.5,592.83,46.0,7.6
PROP-10574,3 BHK Apartment for sale in West Lake Hills,Austin,West Lake Hills,Apartment,1060978.0,1376.0,3,1,1990.0,2024-03-19,Active,10,4.2,771.06,36.0,7.8
PROP-10575,5 BHK Villa for sale in South Austin,Austin,South Austin,Villa,1175248.36,2619.0,5,4,2008.0,2024-12-25,Pending,8,3.5,448.74,18.0,6.8
PROP-10576,Residential plot of 3423 sqft in Little Havana,Miami,Little Havana,Plot,1878966.14,3423.0,0,0,1994.0,2024-08-13,Active,6,4.0,548.92,32.0,6.1
PROP-10577,5 BHK Villa for sale in South Austin,Austin,South Austin,Villa,1090022.2,2684.0,5,5,2013.0,2025-11-26,Pending,7,4.2,406.12,13.0,6.9
PROP-10578,Commercial Space / Office in South Beach,Miami,South Beach,Commercial,5345177.91,10450.0,0,3,2022.0,2024-05-30,Active,10,4.6,511.5,4.0,8.5
PROP-10579,3 BHK Villa for sale in Bronx,New York,Bronx,Villa,2297896.9,2811.0,3,5,1999.0,2024-12-26,Active,1,3.5,817.47,27.0,4.2
PROP-10580,6 BHK Villa for sale in Mission District,San Francisco,Mission District,Villa,4372630.01,3411.0,6,2,1998.0,2025-04-29,Active,7,3.8,1281.92,28.0,6.7
PROP-10581,5 BHK Villa for sale in Little Havana,Miami,Little Havana,Villa,1675163.11,3434.0,5,3,2006.0,2024-11-04,Pending,10,4.5,487.82,20.0,8.2
PROP-10582,Residential plot of 8643 sqft in East Austin,Austin,East Austin,Plot,3037276.49,8643.0,0,0,1994.0,2025-02-24,Sold,1,4.9,351.41,32.0,4.9
PROP-10583,3 BHK Villa for sale in South Austin,Austin,South Austin,Villa,1862204.97,4203.0,3,5,1988.0,2024-01-07,Sold,8,4.7,443.07,38.0,7.5
PROP-10584,1 BHK Apartment for sale in West Lake Hills,Austin,West Lake Hills,Apartment,1367439.63,2016.0,1,3,1946.0,2025-07-29,Pending,3,3.4,678.29,80.0,4.7
PROP-10585,3 BHK Villa for sale in Bronx,New York,Bronx,Villa,2513115.69,2350.0,3,3,2018.0,2025-06-16,Active,2,3.9,1069.41,8.0,4.5
PROP-10586,Commercial Space / Office in SOMA,San Francisco,SOMA,Commercial,18186693.72,15167.0,0,4,2000.0,2024-05-25,Sold,6,3.3,1199.1,26.0,6.1
PROP-10587,Residential plot of 7321 sqft in Bronx,New York,Bronx,Plot,7444900.45,7321.0,0,0,1993.0,2024-04-19,Pending,3,4.2,1016.92,33.0,5.1
PROP-10588,2 BHK Apartment for sale in Downtown,Austin,Downtown,Apartment,1098056.24,2471.0,2,2,2012.0,2024-01-10,Pending,10,4.5,444.38,14.0,8.2
PROP-10589,6 BHK Villa for sale in East Austin,Austin,East Austin,Villa,1533644.38,4281.0,6,2,2021.0,2025-04-28,Active,10,4.5,358.24,5.0,8.2
PROP-10590,2 BHK Apartment for sale in Little Havana,Miami,Little Havana,Apartment,1130521.77,2244.0,2,1,1932.0,2025-05-26,Pending,6,4.5,503.8,94.0,6.6
PROP-10591,3 BHK Apartment for sale in Marina,San Francisco,Marina,Apartment,2167629.07,1753.0,3,1,1924.0,2024-03-15,Pending,10,4.0,1236.53,102.0,7.8
PROP-10592,Residential plot of 8168 sqft in Brickell,Miami,Brickell,Plot,5163750.98,8168.0,0,0,1995.5,2024-08-18,Active,7,4.6,632.19,30.5,7.0
PROP-10593,6 BHK Villa for sale in Brooklyn,New York,Brooklyn,Villa,5156436.9,4745.0,6,2,2001.0,2025-10-19,Active,4,4.1,1086.71,25.0,5.7
PROP-10594,Commercial Space / Office in Bronx,New York,Bronx,Commercial,20461045.21,19649.0,0,3,1968.0,2024-11-01,Pending,4,3.1,1041.33,58.0,4.8
PROP-10595,3 BHK Apartment for sale in West Lake Hills,Austin,West Lake Hills,Apartment,1713224.0,2482.0,3,1,1988.0,2025-06-14,Sold,5,3.8,690.26,38.0,5.8
PROP-10596,Residential plot of 5274 sqft in Downtown,Austin,Downtown,Plot,2160067.01,5274.0,0,0,1988.0,2024-03-01,Sold,8,4.8,409.57,38.0,7.7
PROP-10597,1 BHK Apartment for sale in Manhattan,New York,Manhattan,Apartment,3521008.53,1725.0,1,3,1981.0,2024-10-04,Active,3,4.0,2041.16,45.0,4.9
PROP-10598,4 BHK Apartment for sale in Mission District,San Francisco,Mission District,Apartment,2390885.07,1594.0,4,3,2007.0,2025-07-19,Pending,7,4.4,1499.93,19.0,6.9
PROP-10599,Residential plot of 1949 sqft in East Austin,Austin,East Austin,Plot,646526.92,1949.0,0,0,1994.0,2024-04-04,Active,7,4.5,331.72,32.0,7.1
PROP-10600,4 BHK Apartment for sale in Brooklyn,New York,Brooklyn,Apartment,786125.9,759.0,4,1,1956.0,2024-12-24,Active,5,3.3,1035.74,70.0,5.7
PROP-10601,5 BHK Villa for sale in Marina,San Francisco,Marina,Villa,4424713.41,4279.0,5,4,2021.0,2024-09-30,Sold,9,4.3,1034.05,5.0,7.8
PROP-10602,4 BHK Villa for sale in Brickell,Miami,Brickell,Villa,3083152.0,4850.0,4,2,1995.0,2025-10-27,Active,1,4.0,635.7,31.0,4.2
PROP-10603,4 BHK Apartment for sale in West Lake Hills,Austin,West Lake Hills,Apartment,792033.0,1287.0,4,1,1948.0,2024-07-07,Sold,1,4.3,615.41,78.0,4.6
PROP-10604,4 BHK Apartment for sale in East Austin,Austin,East Austin,Apartment,764126.26,1986.0,4,2,2020.0,2024-02-28,Sold,7,4.9,384.76,6.0,7.1
PROP-10605,Commercial Space / Office in Coral Gables,Miami,Coral Gables,Commercial,6772690.39,8806.0,0,4,1991.0,2025-11-29,Active,4,4.5,769.1,35.0,6.0
PROP-10606,3 BHK Apartment for sale in East Austin,Austin,East Austin,Apartment,588941.75,1664.0,3,2,1942.0,2024-01-18,Pending,1,4.9,353.93,84.0,4.9
PROP-10607,Commercial Space / Office in East Austin,Austin,East Austin,Commercial,3780257.34,9454.0,0,6,1976.0,2024-05-10,Active,3,4.7,399.86,50.0,5.3
PROP-10608,3 BHK Apartment for sale in Little Havana,Miami,Little Havana,Apartment,315549.22,624.0,3,2,1922.0,2024-12-27,Active,10,4.1,505.69,104.0,7.9
PROP-10609,Residential plot of 1404 sqft in Loop,Chicago,Loop,Plot,465828.61,1404.0,0,0,1991.0,2025-01-03,Pending,6,3.9,331.79,35.0,6.3
PROP-10610,2 BHK Apartment for sale in Queens,New York,Queens,Apartment,2232100.79,1747.0,2,2,1985.0,2025-06-04,Sold,6,4.9,1277.68,41.0,6.8
PROP-10611,Commercial Space / Office in Manhattan,New York,Manhattan,Commercial,32654061.35,18293.0,0,2,1998.0,2025-06-21,Pending,7,3.4,1785.06,28.0,6.4
PROP-10612,Residential plot of 4949 sqft in South Austin,Austin,South Austin,Plot,2190308.68,4949.0,0,0,1991.0,2025-02-23,Pending,9,4.9,442.58,35.0,8.1
PROP-10613,5 BHK Villa for sale in Lincoln Park,Chicago,Lincoln Park,Villa,1452839.5,2931.0,5,4,2001.0,2024-03-24,Sold,3,4.2,495.68,25.0,5.3
PROP-10614,Commercial Space / Office in Bronx,New York,Bronx,Commercial,4833819.7,5141.0,0,2,2013.0,2024-06-19,Active,9,4.9,940.25,13.0,8.1
PROP-10615,Residential plot of 1741 sqft in Downtown,Austin,Downtown,Plot,683266.93,1741.0,0,0,1988.0,2024-12-29,Pending,10,4.4,392.46,38.0,8.3
PROP-10616,4 BHK Apartment for sale in South Beach,Miami,South Beach,Apartment,1107217.85,1880.0,4,2,1961.0,2025-06-04,Pending,4,3.5,588.95,65.0,5.2
PROP-10617,Commercial Space / Office in Hyde Park,Chicago,Hyde Park,Commercial,2097442.72,6846.0,0,4,1962.0,2024-08-03,Pending,10,4.3,306.37,64.0,7.9
PROP-10618,Residential plot of 4795 sqft in SOMA,San Francisco,SOMA,Plot,7048180.65,4795.0,0,0,1992.0,2024-05-24,Sold,10,4.0,1469.9,34.0,7.8
PROP-10619,3 BHK Apartment for sale in Mission District,San Francisco,Mission District,Apartment,1371689.44,916.0,3,3,1974.0,2025-06-17,Pending,5,4.8,1497.48,52.0,6.3
PROP-10620,1 BHK Apartment for sale in Brooklyn,New York,Brooklyn,Apartment,2359669.54,2145.0,1,3,2021.0,2024-03-17,Sold,6,3.6,1100.08,5.0,6.2
PROP-10621,Residential plot of 1583 sqft in Bronx,New York,Bronx,Plot,1724464.12,1583.0,0,0,1993.0,2025-10-04,Active,10,4.9,1089.36,33.0,8.3
PROP-10622,4 BHK Villa for sale in Marina,San Francisco,Marina,Villa,2461839.06,2526.0,4,2,2007.0,2025-07-25,Sold,3,3.1,974.6,19.0,4.7
PROP-10623,6 BHK Villa for sale in Brickell,Miami,Brickell,Villa,3315335.86,5773.0,6,5,2018.0,2025-05-07,Active,2,4.9,574.28,8.0,5.3
PROP-10624,Commercial Space / Office in Loop,Chicago,Loop,Commercial,8394457.8,22646.0,0,3,1982.0,2024-05-11,Pending,8,4.2,370.68,44.0,7.1
PROP-10625,Residential plot of 7737 sqft in Loop,Chicago,Loop,Plot,2619707.44,7737.0,0,0,1991.0,2025-03-28,Pending,1,3.5,338.59,35.0,4.0
PROP-10626,4 BHK Villa for sale in West Lake Hills,Austin,West Lake Hills,Villa,2171587.7,3164.0,4,2,2019.0,2024-05-12,Active,1,4.6,686.34,7.0,4.6
PROP-10627,4 BHK Villa for sale in Brooklyn,New York,Brooklyn,Villa,6793090.0,5040.0,4,4,1990.0,2024-12-05,Sold,4,4.9,1347.84,36.0,5.8
PROP-10628,Residential plot of 1397 sqft in Loop,Chicago,Loop,Plot,449345.82,1397.0,0,0,1991.0,2024-09-10,Sold,2,4.6,321.65,35.0,5.1
PROP-10629,1 BHK Apartment for sale in Downtown,Austin,Downtown,Apartment,251109.32,541.0,1,3,1988.0,2024-06-04,Sold,9,4.6,464.16,38.0,7.8
PROP-10630,Commercial Space / Office in Mission District,San Francisco,Mission District,Commercial,13530319.43,10543.0,0,8,1994.0,2025-02-20,Pending,5,4.8,1283.35,32.0,6.4
PROP-10631,Commercial Space / Office in Hyde Park,Chicago,Hyde Park,Commercial,6035944.95,19935.0,0,2,1985.0,2025-04-02,Sold,2,4.3,302.78,41.0,4.8
PROP-10632,6 BHK Villa for sale in SOMA,San Francisco,SOMA,Villa,4416792.88,2957.0,6,5,2013.0,2025-08-03,Active,10,4.3,1493.67,13.0,8.0
PROP-10633,Commercial Space / Office in Queens,New York,Queens,Commercial,13350673.29,10371.0,0,5,1980.0,2025-05-09,Sold,2,4.2,1287.31,46.0,4.8
PROP-10634,3 BHK Villa for sale in South Beach,Miami,South Beach,Villa,1476733.56,2731.0,3,5,2011.0,2025-06-21,Sold,10,4.0,540.73,15.0,8.0
PROP-10635,5 BHK Villa for sale in East Austin,Austin,East Austin,Villa,1236712.94,3474.0,5,4,2010.0,2024-12-04,Sold,3,3.3,355.99,16.0,4.7
PROP-10636,6 BHK Villa for sale in Queens,New York,Queens,Villa,2675852.93,2568.0,5,4,1986.0,2025-04-24,Active,6,4.3,1042.0,40.0,6.6
PROP-10637,Commercial Space / Office in Hyde Park,Chicago,Hyde Park,Commercial,5687597.98,19386.0,0,10,2001.0,2024-03-20,Active,4,3.6,293.39,25.0,5.2
PROP-10638,Commercial Space / Office in Hyde Park,Chicago,Hyde Park,Commercial,1675639.54,6508.0,0,2,2010.0,2024-08-09,Sold,3,3.3,257.47,16.0,4.8
PROP-10639,Commercial Space / Office in Marina,San Francisco,Marina,Commercial,10820266.45,10914.0,0,10,2008.0,2025-07-27,Pending,8,3.7,991.41,18.0,7.1
PROP-10640,6 BHK Villa for sale in SOMA,San Francisco,SOMA,Villa,6719792.37,5417.0,6,4,2023.0,2025-03-21,Active,3,4.7,1240.5,3.0,5.7
PROP-10641,4 BHK Villa for sale in Marina,San Francisco,Marina,Villa,2129926.48,1887.0,4,5,2003.0,2024-01-06,Pending,2,4.8,1128.74,23.0,5.2
PROP-10642,Residential plot of 1937 sqft in River North,Chicago,River North,Plot,773772.95,1937.0,0,0,1986.0,2024-02-01,Pending,10,4.5,399.47,40.0,8.0
PROP-10643,2 BHK Apartment for sale in Manhattan,New York,Manhattan,Apartment,3416527.08,1945.0,2,1,1930.0,2024-05-02,Sold,3,3.6,1756.57,96.0,4.9
PROP-10644,Residential plot of 7605 sqft in East Austin,Austin,East Austin,Plot,2669118.5,7605.0,0,0,1994.0,2025-11-14,Active,4,4.7,350.97,32.0,5.9
PROP-10645,6 BHK Villa for sale in Loop,Chicago,Loop,Villa,2232946.89,5940.0,6,3,2020.0,2024-01-04,Sold,6,3.2,375.92,6.0,5.7
PROP-10646,4 BHK Villa for sale in Brooklyn,New York,Brooklyn,Villa,2454333.07,1964.0,4,2,1993.0,2025-04-16,Sold,4,3.6,1249.66,33.0,5.2
PROP-10647,Residential plot of 5570 sqft in Downtown,Austin,Downtown,Plot,2236118.39,5570.0,0,0,1988.0,2024-11-19,Active,7,4.8,401.46,38.0,7.4
PROP-10648,Residential plot of 6715 sqft in Downtown,Austin,Downtown,Plot,3268660.71,6715.0,0,0,1988.0,2025-06-19,Sold,5,3.1,486.77,38.0,5.3
PROP-10649,Residential plot of 6606 sqft in Marina,San Francisco,Marina,Plot,7841874.83,6606.0,0,0,1991.5,2025-05-30,Sold,5,3.2,1187.08,34.5,5.3
PROP-10650,6 BHK Villa for sale in Manhattan,New York,Manhattan,Villa,5402412.52,2945.0,5,4,2003.0,2025-11-05,Active,8,4.4,1834.44,23.0,7.3
PROP-10651,Residential plot of 8648 sqft in Brooklyn,New York,Brooklyn,Plot,10523233.34,8648.0,0,0,1994.0,2024-01-23,Sold,8,4.2,1216.84,32.0,7.2
PROP-10652,Residential plot of 7572 sqft in Pacific Heights,San Francisco,Pacific Heights,Plot,14947954.69,7572.0,0,0,1991.0,2024-08-27,Sold,2,3.8,1974.11,35.0,4.7
PROP-10653,4 BHK Villa for sale in Brooklyn,New York,Brooklyn,Villa,3904270.39,3425.0,5,3,2022.0,2024-02-25,Pending,3,4.6,1139.93,4.0,5.5
PROP-10654,6 BHK Villa for sale in East Austin,Austin,East Austin,Villa,1117971.5,3465.0,6,2,1995.0,2025-07-22,Pending,1,4.0,322.65,31.0,4.4
PROP-10655,3 BHK Apartment for sale in River North,Chicago,River North,Apartment,288942.26,763.0,3,1,1971.0,2024-10-16,Sold,7,4.2,378.69,55.0,6.7
PROP-10656,Residential plot of 6568 sqft in Brickell,Miami,Brickell,Plot,3942521.26,6568.0,0,0,1995.5,2024-01-02,Pending,2,4.3,600.26,30.5,4.9
PROP-10657,Commercial Space / Office in Loop,Chicago,Loop,Commercial,4935631.62,14949.0,0,4,1978.0,2025-11-22,Active,5,4.9,330.16,48.0,6.5
PROP-10658,1 BHK Apartment for sale in Loop,Chicago,Loop,Apartment,667132.86,2145.0,1,1,1960.0,2025-06-03,Pending,1,4.0,311.02,66.0,4.5
PROP-10659,Residential plot of 6489 sqft in Bronx,New York,Bronx,Plot,6872632.93,6489.0,0,0,1993.0,2025-01-08,Active,7,4.1,1059.12,33.0,6.6
PROP-10660,Commercial Space / Office in East Austin,Austin,East Austin,Commercial,803685.29,2590.0,0,9,1978.0,2025-05-16,Active,10,4.3,310.3,48.0,8.3
PROP-10661,Commercial Space / Office in Pacific Heights,San Francisco,Pacific Heights,Commercial,34181679.07,15639.0,0,7,1979.0,2025-09-02,Sold,1,4.1,2185.67,47.0,4.3
PROP-10662,Residential plot of 8504 sqft in Marina,San Francisco,Marina,Plot,10064495.05,8504.0,0,0,1991.5,2024-09-06,Sold,9,4.0,1183.5,34.5,7.4
PROP-10663,3 BHK Apartment for sale in Bronx,New York,Bronx,Apartment,1973049.01,2399.0,3,2,1971.0,2024-09-20,Sold,2,4.7,822.45,55.0,5.3
PROP-10664,Residential plot of 4525 sqft in Brickell,Miami,Brickell,Plot,2927355.66,4525.0,0,0,1995.5,2025-03-23,Sold,3,3.6,646.93,30.5,4.8
PROP-10665,Commercial Space / Office in East Austin,Austin,East Austin,Commercial,516183.92,1613.0,0,8,2002.0,2024-09-30,Sold,6,3.2,320.01,24.0,6.0
PROP-10666,Residential plot of 8792 sqft in Little Havana,Miami,Little Havana,Plot,4764399.47,8792.0,0,0,1994.0,2024-01-13,Pending,6,4.6,541.9,32.0,6.5
PROP-10667,Residential plot of 1528 sqft in Brickell,Miami,Brickell,Plot,960998.51,1528.0,0,0,1995.5,2025-08-08,Sold,8,4.1,628.93,30.5,7.1
PROP-10668,Residential plot of 8657 sqft in East Austin,Austin,East Austin,Plot,2676683.57,8657.0,0,0,1994.0,2025-10-01,Sold,6,4.1,309.19,32.0,6.6
PROP-10669,Commercial Space / Office in West Lake Hills,Austin,West Lake Hills,Commercial,8762116.8,13400.0,0,3,1966.0,2024-08-04,Sold,5,3.4,653.89,60.0,5.6
PROP-10670,Commercial Space / Office in Hyde Park,Chicago,Hyde Park,Commercial,2830653.35,11466.0,0,7,2000.0,2025-10-10,Pending,9,4.4,246.87,26.0,7.9
PROP-10671,Commercial Space / Office in Lincoln Park,Chicago,Lincoln Park,Commercial,553239.78,1109.0,0,10,2013.0,2025-04-20,Sold,2,3.8,498.86,13.0,4.6
PROP-10672,1 BHK Apartment for sale in Brickell,Miami,Brickell,Apartment,1351954.0,2436.0,1,2,1998.0,2025-08-05,Sold,2,4.9,554.99,28.0,5.4
PROP-10673,Residential plot of 3870 sqft in SOMA,San Francisco,SOMA,Plot,5372763.32,3870.0,0,0,1992.0,2024-07-23,Pending,4,4.8,1388.31,34.0,6.0
PROP-10674,3 BHK Villa for sale in Little Havana,Miami,Little Havana,Villa,2613906.21,5897.0,3,4,1990.0,2024-03-12,Active,7,4.7,443.26,36.0,7.3
PROP-10675,Commercial Space / Office in South Beach,Miami,South Beach,Commercial,16264699.93,24790.0,0,2,1978.0,2024-02-10,Sold,10,4.4,656.1,48.0,8.0
PROP-10676,Residential plot of 6567 sqft in South Beach,Miami,South Beach,Plot,3516963.54,5742.0,0,0,1990.0,2024-09-05,Active,7,3.2,612.5,36.0,6.2
PROP-10677,Residential plot of 8285 sqft in Lincoln Park,Chicago,Lincoln Park,Plot,4128656.93,8285.0,0,0,1989.5,2025-04-06,Sold,5,4.2,498.33,36.5,6.1
PROP-10678,Residential plot of 3593 sqft in Pacific Heights,San Francisco,Pacific Heights,Plot,7698409.07,3593.0,0,0,1991.0,2024-11-08,Pending,5,3.3,2142.61,35.0,5.4
PROP-10679,3 BHK Apartment for sale in Hyde Park,Chicago,Hyde Park,Apartment,404889.05,1694.0,3,1,1994.0,2025-01-07,Sold,9,4.6,239.01,32.0,8.1
PROP-10680,4 BHK Villa for sale in West Lake Hills,Austin,West Lake Hills,Villa,3314481.31,5748.0,4,5,2004.0,2024-03-07,Pending,4,3.4,576.63,22.0,5.4
PROP-10681,6 BHK Villa for sale in Loop,Chicago,Loop,Villa,725761.0,2069.0,6,2,2001.0,2024-10-04,Sold,9,5.0,350.78,25.0,8.1
PROP-10682,5 BHK Villa for sale in SOMA,San Francisco,SOMA,Villa,5957552.55,3977.0,5,2,1992.0,2024-03-06,Active,10,4.2,1498.0,34.0,7.9
PROP-10683,6 BHK Villa for sale in Queens,New York,Queens,Villa,3003695.0,2753.0,6,2,2010.0,2025-07-09,Sold,8,3.6,1091.06,16.0,7.0
PROP-10684,Residential plot of 5435 sqft in Marina,San Francisco,Marina,Plot,6073695.8,5435.0,0,0,1991.5,2024-06-29,Pending,9,4.6,1117.52,34.5,7.9
PROP-10685,1 BHK Apartment for sale in Coral Gables,Miami,Coral Gables,Apartment,1336270.99,1498.0,1,2,1985.0,2024-06-16,Pending,5,3.2,892.04,41.0,5.4
PROP-10686,Residential plot of 6243 sqft in Brooklyn,New York,Brooklyn,Plot,8090374.78,6243.0,0,0,1994.0,2025-04-28,Pending,10,4.7,1295.91,32.0,8.2
PROP-10687,Residential plot of 7830 sqft in SOMA,San Francisco,SOMA,Plot,11882002.0,7830.0,0,0,1992.0,2024-10-02,Pending,10,4.8,1517.5,34.0,8.3
PROP-10688,Commercial Space / Office in West Lake Hills,Austin,West Lake Hills,Commercial,11207781.09,14668.0,0,2,2008.0,2024-02-26,Pending,3,4.9,764.1,18.0,5.5
PROP-10689,4 BHK Apartment for sale in East Austin,Austin,East Austin,Apartment,503905.0,1375.0,4,2,1991.0,2024-07-23,Sold,9,4.3,366.48,35.0,7.6
PROP-10690,3 BHK Villa for sale in Bronx,New York,Bronx,Villa,4873038.01,4872.0,3,2,1983.0,2024-10-09,Pending,5,3.2,1000.21,43.0,5.4
PROP-10691,6 BHK Villa for sale in SOMA,San Francisco,SOMA,Villa,3604980.78,2520.0,6,3,2000.0,2025-11-07,Sold,7,4.4,1430.55,26.0,6.9
PROP-10692,4 BHK Villa for sale in West Lake Hills,Austin,West Lake Hills,Villa,3613718.38,5636.0,4,5,2003.0,2025-11-24,Pending,5,4.2,641.18,23.0,6.1
PROP-10693,Residential plot of 8163 sqft in Manhattan,New York,Manhattan,Plot,16878254.79,8163.0,0,0,1991.0,2025-05-31,Pending,10,4.6,2067.65,35.0,8.0
PROP-10694,2 BHK Apartment for sale in South Beach,Miami,South Beach,Apartment,1107312.0,1749.0,2,1,2018.0,2024-10-10,Sold,5,4.3,633.11,8.0,6.0
PROP-10695,Residential plot of 7388 sqft in Loop,Chicago,Loop,Plot,2212569.49,7388.0,0,0,1991.0,2024-08-18,Active,5,4.7,299.48,35.0,6.5
PROP-10696,5 BHK Villa for sale in Pacific Heights,San Francisco,Pacific Heights,Villa,6283706.74,3488.0,5,3,1986.0,2025-09-08,Active,3,4.1,1801.52,40.0,5.3
PROP-10697,Residential plot of 4559 sqft in South Austin,Austin,South Austin,Plot,2219169.02,4559.0,0,0,1991.0,2024-01-28,Pending,2,4.7,486.77,35.0,5.0
PROP-10698,Commercial Space / Office in Marina,San Francisco,Marina,Commercial,17051591.54,14080.0,0,5,1973.0,2025-08-27,Active,3,4.0,1211.05,53.0,4.9
PROP-10699,Commercial Space / Office in Hyde Park,Chicago,Hyde Park,Commercial,2214340.96,7892.0,0,3,2011.0,2025-05-04,Active,8,3.0,280.58,15.0,6.5
PROP-10700,Commercial Space / Office in East Austin,Austin,East Austin,Commercial,3197440.84,8515.0,0,3,2001.0,2025-02-03,Active,5,4.5,375.51,25.0,6.1
PROP-10701,3 BHK Villa for sale in Brooklyn,New York,Brooklyn,Villa,7392423.76,5648.0,3,2,2018.0,2025-11-07,Sold,7,4.6,1308.86,8.0,6.9
PROP-10702,4 BHK Villa for sale in Pacific Heights,San Francisco,Pacific Heights,Villa,12801312.84,5875.0,4,4,2005.0,2024-09-28,Active,1,4.2,2178.95,21.0,4.3
PROP-10703,2 BHK Apartment for sale in Lincoln Park,Chicago,Lincoln Park,Apartment,730694.66,1214.0,2,1,1973.0,2024-04-25,Pending,7,4.7,601.89,53.0,6.9
PROP-10704,Residential plot of 2579 sqft in Hyde Park,Chicago,Hyde Park,Plot,717308.48,2579.0,0,0,1993.0,2025-08-07,Active,9,4.9,278.13,33.0,8.1
PROP-10705,4 BHK Villa for sale in Hyde Park,Chicago,Hyde Park,Villa,1146955.95,3853.0,4,4,2001.0,2025-04-18,Sold,9,4.9,297.68,25.0,7.9
PROP-10706,4 BHK Villa for sale in Bronx,New York,Bronx,Villa,1653648.17,1917.0,4,2,1995.0,2024-11-26,Pending,8,4.7,862.62,31.0,7.7
PROP-10707,3 BHK Apartment for sale in Hyde Park,Chicago,Hyde Park,Apartment,477895.65,1842.0,3,2,1943.0,2025-05-14,Pending,2,4.3,259.44,83.0,5.0
PROP-10708,3 BHK Villa for sale in Brickell,Miami,Brickell,Villa,1808099.03,2710.0,3,4,1988.0,2024-11-10,Sold,2,4.9,667.2,38.0,5.1
PROP-10709,4 BHK Villa for sale in SOMA,San Francisco,SOMA,Villa,6653652.61,4699.0,4,2,2014.0,2024-08-23,Sold,5,3.7,1415.97,12.0,5.7
PROP-10710,Residential plot of 7567 sqft in Marina,San Francisco,Marina,Plot,7957629.73,7567.0,0,0,1991.5,2025-06-18,Pending,8,3.6,1051.62,34.5,7.0
PROP-10711,4 BHK Apartment for sale in Coral Gables,Miami,Coral Gables,Apartment,1830866.52,2046.0,4,1,1938.0,2024-06-13,Active,7,4.6,894.85,88.0,7.1
PROP-10712,4 BHK Apartment for sale in South Austin,Austin,South Austin,Apartment,386533.1,921.0,4,1,2006.0,2024-12-01,Active,9,4.1,419.69,20.0,7.7
PROP-10713,3 BHK Apartment for sale in Little Havana,Miami,Little Havana,Apartment,1211708.78,2292.0,3,1,1968.0,2024-09-18,Pending,7,4.2,528.67,58.0,6.7
PROP-10714,Residential plot of 9102 sqft in Manhattan,New York,Manhattan,Plot,18038552.25,9102.0,0,0,1991.0,2025-03-18,Sold,4,4.7,1981.82,35.0,5.7
PROP-10715,Residential plot of 2361 sqft in East Austin,Austin,East Austin,Plot,725762.0,2361.0,0,0,1994.0,2025-05-12,Pending,4,4.2,307.4,32.0,5.8
PROP-10716,1 BHK Apartment for sale in River North,Chicago,River North,Apartment,529507.51,1709.0,1,3,1932.0,2024-09-01,Sold,10,4.4,309.83,94.0,8.3
PROP-10717,Commercial Space / Office in South Beach,Miami,South Beach,Commercial,5037206.65,8079.0,0,4,1961.0,2024-12-02,Pending,3,4.5,623.49,65.0,5.3
PROP-10718,3 BHK Apartment for sale in Pacific Heights,San Francisco,Pacific Heights,Apartment,3072777.35,1438.0,3,1,1946.0,2025-07-14,Sold,7,4.5,2136.84,80.0,6.9
PROP-10719,Residential plot of 2481 sqft in Brickell,Miami,Brickell,Plot,1550876.36,2481.0,0,0,1995.5,2024-11-16,Sold,3,4.5,625.1,30.5,5.4
PROP-10720,3 BHK Villa for sale in West Lake Hills,Austin,West Lake Hills,Villa,3073354.79,4444.0,3,2,1992.0,2025-06-02,Sold,5,4.5,691.57,34.0,6.2
PROP-10721,5 BHK Villa for sale in Little Havana,Miami,Little Havana,Villa,2479472.26,4586.0,5,5,1988.0,2024-04-16,Sold,5,4.2,540.66,38.0,5.9
PROP-10722,Commercial Space / Office in Pacific Heights,San Francisco,Pacific Heights,Commercial,55548716.42,23776.0,0,5,1975.0,2025-03-26,Active,3,3.0,2336.34,51.0,4.4
PROP-10723,6 BHK Villa for sale in Lincoln Park,Chicago,Lincoln Park,Villa,2905761.68,5073.0,6,4,2003.0,2024-09-26,Pending,4,3.6,572.79,23.0,5.1
PROP-10724,Commercial Space / Office in SOMA,San Francisco,SOMA,Commercial,5925171.81,4434.0,0,5,2006.0,2025-10-22,Active,10,4.8,1336.3,20.0,8.4
PROP-10725,2 BHK Apartment for sale in Mission District,San Francisco,Mission District,Apartment,1976147.26,1476.0,2,1,2007.0,2024-10-09,Sold,1,4.4,1338.85,19.0,4.6
PROP-10726,Residential plot of 9322 sqft in Hyde Park,Chicago,Hyde Park,Plot,2959609.1,9322.0,0,0,1993.0,2024-05-27,Sold,10,4.0,317.49,33.0,7.7
PROP-10727,2 BHK Apartment for sale in Manhattan,New York,Manhattan,Apartment,3320381.74,1995.0,2,3,1944.0,2025-09-07,Active,5,3.1,1664.35,82.0,5.5
PROP-10728,Commercial Space / Office in River North,Chicago,River North,Commercial,4044319.89,12249.0,0,4,1966.0,2024-06-30,Pending,8,3.2,330.18,60.0,6.7
PROP-10729,1 BHK Apartment for sale in Queens,New York,Queens,Apartment,684784.62,541.0,1,3,1927.0,2024-04-07,Sold,1,3.0,1265.78,99.0,3.6
PROP-10730,5 BHK Villa for sale in SOMA,San Francisco,SOMA,Villa,5644993.74,3588.0,5,2,1992.0,2025-09-06,Active,10,4.2,1573.3,34.0,7.9
PROP-10731,Residential plot of 6718 sqft in South Beach,Miami,South Beach,Plot,4252129.68,6718.0,0,0,1990.0,2025-08-27,Active,10,4.2,632.95,36.0,8.0
PROP-10732,2 BHK Apartment for sale in Little Havana,Miami,Little Havana,Apartment,527437.35,1192.0,2,2,1938.0,2025-05-17,Pending,1,3.7,442.48,88.0,4.3
PROP-10733,Residential plot of 9951 sqft in South Beach,Miami,South Beach,Plot,6227094.3,9951.0,0,0,1990.0,2024-10-16,Pending,6,3.6,625.78,36.0,6.0
PROP-10734,4 BHK Apartment for sale in Loop,Chicago,Loop,Apartment,543542.0,1649.0,4,3,1969.0,2024-10-21,Sold,1,4.1,329.62,57.0,4.4
PROP-10735,3 BHK Apartment for sale in Brickell,Miami,Brickell,Apartment,341697.41,596.0,3,2,1944.0,2025-07-04,Sold,7,4.5,573.32,82.0,7.1
PROP-10736,3 BHK Villa for sale in Bronx,New York,Bronx,Villa,3872514.48,4423.0,5,3,2011.0,2025-10-17,Active,7,3.4,875.54,15.0,6.5
PROP-10737,3 BHK Villa for sale in South Austin,Austin,South Austin,Villa,2359283.85,5092.0,3,3,1989.0,2025-09-28,Pending,10,4.9,463.33,37.0,8.4
PROP-10738,Commercial Space / Office in Bronx,New York,Bronx,Commercial,7128528.33,10371.0,0,9,1976.0,2025-10-03,Active,8,3.3,687.35,50.0,7.1
PROP-10739,Residential plot of 5202 sqft in Loop,Chicago,Loop,Plot,2069398.81,5202.0,0,0,1991.0,2025-02-11,Pending,5,4.7,397.81,35.0,6.1
PROP-10740,6 BHK Villa for sale in Mission District,San Francisco,Mission District,Villa,2587366.32,2092.0,6,5,1986.0,2024-02-08,Active,2,4.5,1236.79,40.0,5.2
PROP-10741,3 BHK Villa for sale in South Beach,Miami,South Beach,Villa,2516632.98,4404.0,3,2,1989.0,2024-09-13,Pending,10,4.6,571.44,37.0,8.3
PROP-10742,2 BHK Apartment for sale in Pacific Heights,San Francisco,Pacific Heights,Apartment,1262376.0,642.0,2,3,1987.0,2024-06-13,Pending,1,3.2,1966.32,39.0,3.9
PROP-10743,3 BHK Villa for sale in East Austin,Austin,East Austin,Villa,1362194.0,3714.0,5,5,1980.0,2025-01-31,Active,4,4.5,366.77,46.0,5.7
PROP-10744,Commercial Space / Office in Little Havana,Miami,Little Havana,Commercial,3901481.54,8787.0,0,9,1999.0,2025-10-13,Active,8,4.1,444.01,27.0,7.2
PROP-10745,Residential plot of 8073 sqft in Hyde Park,Chicago,Hyde Park,Plot,2467575.74,8073.0,0,0,1993.0,2024-05-27,Pending,9,5.0,305.66,33.0,8.0
PROP-10746,Commercial Space / Office in River North,Chicago,River North,Commercial,5218049.65,15545.0,0,8,1989.0,2024-11-29,Active,9,4.2,335.67,37.0,7.7
PROP-10747,Commercial Space / Office in Coral Gables,Miami,Coral Gables,Commercial,19252256.12,22102.0,0,6,1973.0,2025-04-26,Sold,8,3.6,871.06,53.0,6.9
PROP-10748,Commercial Space / Office in Pacific Heights,San Francisco,Pacific Heights,Commercial,15350963.5,6908.0,0,9,1961.0,2025-01-30,Active,5,5.0,2222.2,65.0,6.5
PROP-10749,Residential plot of 5025 sqft in SOMA,San Francisco,SOMA,Plot,7811727.52,5025.0,0,0,1992.0,2024-05-13,Pending,8,4.2,1554.57,34.0,7.1
PROP-10750,1 BHK Apartment for sale in Manhattan,New York,Manhattan,Apartment,878475.0,517.0,1,2,1931.0,2024-12-31,Active,6,3.6,1699.18,95.0,6.1
PROP-10751,Residential plot of 3618 sqft in South Austin,Austin,South Austin,Plot,1823871.08,3618.0,0,0,1991.0,2024-06-04,Active,9,4.4,504.11,35.0,7.6
PROP-10752,3 BHK Villa for sale in South Austin,Austin,South Austin,Villa,1158225.74,2595.0,3,3,2004.0,2025-05-03,Active,10,4.8,446.33,22.0,8.4
PROP-10753,2 BHK Apartment for sale in Coral Gables,Miami,Coral Gables,Apartment,542304.09,641.0,2,1,1999.0,2025-02-07,Active,4,4.9,846.03,27.0,6.1
PROP-10754,4 BHK Villa for sale in Loop,Chicago,Loop,Villa,1518779.13,3870.0,4,4,2013.0,2024-01-25,Active,1,4.3,392.45,13.0,4.3
PROP-10755,1 BHK Apartment for sale in Loop,Chicago,Loop,Apartment,684396.98,2285.0,1,3,1993.0,2025-01-24,Pending,7,3.8,299.52,33.0,6.8
PROP-10756,4 BHK Villa for sale in River North,Chicago,River North,Villa,1283123.43,3942.0,4,5,1998.0,2025-04-05,Active,6,4.7,325.5,28.0,6.8
PROP-10757,3 BHK Villa for sale in Pacific Heights,San Francisco,Pacific Heights,Villa,8381925.54,3741.0,3,2,1980.0,2024-12-15,Sold,2,3.3,2240.56,46.0,4.1
PROP-10758,4 BHK Villa for sale in Manhattan,New York,Manhattan,Villa,3775030.86,2464.0,4,2,1985.0,2024-08-26,Sold,4,3.8,1532.07,41.0,5.6
PROP-10759,1 BHK Apartment for sale in Marina,San Francisco,Marina,Apartment,1123249.95,1612.0,1,1,1942.0,2024-09-26,Sold,10,4.7,696.81,84.0,8.9
PROP-10760,Commercial Space / Office in Marina,San Francisco,Marina,Commercial,10017753.75,13053.0,0,8,1976.0,2024-09-03,Sold,5,3.6,767.47,50.0,6.1
PROP-10761,Commercial Space / Office in Bronx,New York,Bronx,Commercial,22764339.4,23102.0,0,3,1980.0,2025-01-05,Sold,2,4.1,985.38,46.0,4.7
PROP-10762,Commercial Space / Office in West Lake Hills,Austin,West Lake Hills,Commercial,13083035.71,18888.0,0,5,1974.0,2024-02-13,Pending,8,4.8,692.66,52.0,7.6
PROP-10763,6 BHK Villa for sale in River North,Chicago,River North,Villa,1885368.0,4958.0,6,2,1988.0,2025-01-25,Sold,3,3.8,380.27,38.0,4.9
PROP-10764,2 BHK Apartment for sale in SOMA,San Francisco,SOMA,Apartment,1867575.68,1467.0,2,2,1963.0,2025-05-24,Pending,10,4.2,1273.06,63.0,8.1
PROP-10765,4 BHK Apartment for sale in Queens,New York,Queens,Apartment,2082962.75,1945.0,4,3,1957.0,2025-06-15,Active,7,4.0,1070.93,69.0,6.9
PROP-10766,Residential plot of 7117 sqft in South Beach,Miami,South Beach,Plot,4663644.64,7117.0,0,0,1990.0,2024-05-11,Pending,4,3.0,655.28,36.0,4.8
PROP-10767,Residential plot of 6424 sqft in Pacific Heights,San Francisco,Pacific Heights,Plot,14293063.48,6424.0,0,0,1991.0,2024-05-10,Sold,10,4.2,2224.95,35.0,7.9
PROP-10768,Residential plot of 7293 sqft in River North,Chicago,River North,Plot,2744138.52,7293.0,0,0,1986.0,2025-09-30,Sold,8,3.9,376.27,40.0,6.9
PROP-10769,5 BHK Villa for sale in Bronx,New York,Bronx,Villa,2636213.51,2972.0,5,2,2010.0,2025-10-10,Pending,10,4.1,887.02,16.0,8.1
PROP-10770,3 BHK Apartment for sale in Mission District,San Francisco,Mission District,Apartment,2118936.0,1572.0,3,1,2021.0,2024-01-12,Active,3,3.6,1347.92,5.0,4.9
PROP-10771,5 BHK Villa for sale in Marina,San Francisco,Marina,Villa,6010060.89,5438.0,5,2,1997.0,2024-07-21,Pending,5,3.3,1105.2,29.0,5.5
PROP-10772,Commercial Space / Office in South Austin,Austin,South Austin,Commercial,9209429.98,21607.0,0,8,2001.0,2024-07-01,Active,5,3.6,426.22,25.0,5.8
PROP-10773,1 BHK Apartment for sale in Marina,San Francisco,Marina,Apartment,1026983.82,810.0,1,3,1940.0,2024-08-28,Pending,6,3.7,1267.88,86.0,6.0
PROP-10774,3 BHK Villa for sale in Lincoln Park,Chicago,Lincoln Park,Villa,1501648.12,3103.0,3,4,1994.0,2025-10-22,Active,1,4.3,483.93,32.0,4.6
PROP-10775,Commercial Space / Office in Pacific Heights,San Francisco,Pacific Heights,Commercial,3206980.0,1630.0,0,10,2008.0,2024-01-25,Sold,7,4.1,1967.47,18.0,6.9
PROP-10776,Residential plot of 7507 sqft in Queens,New York,Queens,Plot,8232177.7,7507.0,0,0,1988.0,2025-07-03,Sold,10,4.6,1096.6,38.0,8.4
PROP-10777,6 BHK Villa for sale in Coral Gables,Miami,Coral Gables,Villa,3310952.66,3932.0,6,2,2021.0,2024-01-30,Sold,9,4.2,842.05,5.0,7.7
PROP-10778,Residential plot of 8598 sqft in Coral Gables,Miami,Coral Gables,Plot,6703682.1,8598.0,0,0,1991.0,2025-10-03,Pending,4,4.0,779.68,35.0,5.7
PROP-10779,Commercial Space / Office in South Austin,Austin,South Austin,Commercial,7749787.48,16003.0,0,8,1998.0,2025-05-18,Sold,5,4.6,484.27,28.0,6.2
PROP-10780,3 BHK Apartment for sale in Manhattan,New York,Manhattan,Apartment,4317841.53,2439.0,3,1,1958.0,2025-08-04,Active,3,3.7,1770.33,68.0,4.9
PROP-10781,3 BHK Apartment for sale in Queens,New York,Queens,Apartment,1065902.59,790.0,3,2,2022.0,2024-05-03,Sold,1,4.8,1349.24,4.0,4.6
PROP-10782,2 BHK Apartment for sale in Coral Gables,Miami,Coral Gables,Apartment,548699.04,629.0,2,1,1991.0,2025-01-21,Pending,7,4.7,872.34,35.0,7.2
PROP-10783,5 BHK Villa for sale in East Austin,Austin,East Austin,Villa,760589.36,1999.0,5,3,1995.0,2024-01-02,Active,10,4.2,380.48,31.0,7.9
PROP-10784,Commercial Space / Office in Downtown,Austin,Downtown,Commercial,8883743.71,18845.0,0,4,1983.0,2025-01-15,Sold,5,3.6,471.41,43.0,5.6
PROP-10785,Commercial Space / Office in East Austin,Austin,East Austin,Commercial,4751812.01,12807.0,0,8,1965.0,2024-05-20,Pending,8,3.9,371.03,61.0,7.0
PROP-10786,3 BHK Villa for sale in Pacific Heights,San Francisco,Pacific Heights,Villa,12155902.19,5046.0,3,5,1987.0,2025-07-11,Active,10,4.9,2409.02,39.0,8.2
PROP-10787,Commercial Space / Office in Queens,New York,Queens,Commercial,9542740.07,8178.0,0,7,2007.0,2024-04-18,Sold,8,3.3,1166.88,19.0,6.8
PROP-10788,4 BHK Villa for sale in South Beach,Miami,South Beach,Villa,2838973.49,4311.0,4,5,1999.0,2025-07-08,Active,3,3.0,658.54,27.0,4.3
PROP-10789,Residential plot of 1173 sqft in Loop,Chicago,Loop,Plot,434914.32,1173.0,0,0,1991.0,2024-11-03,Pending,4,3.6,370.77,35.0,5.1
PROP-10790,3 BHK Apartment for sale in South Beach,Miami,South Beach,Apartment,734075.18,1154.0,3,1,1990.0,2025-01-27,Active,9,4.2,636.11,36.0,7.5
PROP-10791,Residential plot of 2359 sqft in Loop,Chicago,Loop,Plot,762584.26,2359.0,0,0,1991.0,2025-10-08,Pending,7,4.2,323.27,35.0,6.9
PROP-10792,Commercial Space / Office in West Lake Hills,Austin,West Lake Hills,Commercial,1000677.82,1337.0,0,4,1997.0,2024-01-29,Pending,2,4.0,748.45,29.0,4.6
PROP-10793,4 BHK Apartment for sale in Queens,New York,Queens,Apartment,885389.0,856.0,4,2,1940.0,2025-09-07,Active,3,4.9,1034.33,86.0,5.9
PROP-10794,Residential plot of 4660 sqft in Marina,San Francisco,Marina,Plot,4968788.65,4660.0,0,0,1991.5,2025-11-30,Pending,4,4.4,1066.26,34.5,5.8
PROP-10795,3 BHK Apartment for sale in SOMA,San Francisco,SOMA,Apartment,1817116.7,1516.0,3,3,1975.0,2025-06-21,Pending,10,4.5,1198.63,51.0,8.4
PROP-10796,3 BHK Villa for sale in West Lake Hills,Austin,West Lake Hills,Villa,1923725.0,2791.0,3,3,1985.0,2025-11-11,Sold,9,4.3,689.26,41.0,7.7
PROP-10797,Residential plot of 7401 sqft in SOMA,San Francisco,SOMA,Plot,8841984.48,7401.0,0,0,1992.0,2024-03-02,Active,4,4.0,1194.7,34.0,5.7
PROP-10798,Commercial Space / Office in Pacific Heights,San Francisco,Pacific Heights,Commercial,14985980.18,7182.0,0,9,1990.0,2024-04-11,Sold,9,4.1,2086.6,36.0,7.6
PROP-10799,5 BHK Villa for sale in Loop,Chicago,Loop,Villa,1764467.52,5187.0,5,3,1996.0,2025-03-18,Pending,7,3.1,340.17,30.0,6.2
PROP-10800,6 BHK Villa for sale in Marina,San Francisco,Marina,Villa,4794112.0,4156.0,6,2,2007.0,2025-03-03,Active,3,4.5,1153.54,19.0,5.3
PROP-10801,Residential plot of 9379 sqft in East Austin,Austin,East Austin,Plot,3364069.58,9379.0,0,0,1994.0,2025-08-26,Sold,10,4.8,358.68,32.0,8.4
PROP-10802,Residential plot of 5734 sqft in Downtown,Austin,Downtown,Plot,2653400.27,5734.0,0,0,1988.0,2024-08-21,Pending,6,4.1,462.75,38.0,6.3
PROP-10803,Residential plot of 4085 sqft in Little Havana,Miami,Little Havana,Plot,2118633.06,4085.0,0,0,1994.0,2024-05-22,Sold,5,3.4,518.64,32.0,5.4
PROP-10804,2 BHK Apartment for sale in Marina,San Francisco,Marina,Apartment,2199880.7,1807.0,2,1,1996.0,2024-12-11,Sold,8,3.7,1217.42,30.0,6.8
PROP-10805,4 BHK Apartment for sale in Downtown,Austin,Downtown,Apartment,883331.46,2165.0,4,1,1928.0,2024-09-17,Pending,10,4.3,408.01,98.0,8.2
PROP-10806,Commercial Space / Office in South Beach,Miami,South Beach,Commercial,6110205.66,11261.0,0,3,1968.0,2025-01-05,Active,3,4.7,542.6,58.0,5.7
PROP-10807,3 BHK Apartment for sale in Lincoln Park,Chicago,Lincoln Park,Apartment,356650.75,728.0,3,3,1990.0,2025-03-16,Active,10,4.8,489.9,36.0,8.5
PROP-10808,4 BHK Villa for sale in SOMA,San Francisco,SOMA,Villa,2914925.62,1942.0,4,2,2016.0,2024-10-03,Active,4,3.5,1500.99,10.0,5.1
PROP-10809,6 BHK Villa for sale in Downtown,Austin,Downtown,Villa,1779726.92,4327.0,6,5,2008.0,2024-04-12,Pending,10,4.7,411.31,18.0,8.4
PROP-10810,Residential plot of 9176 sqft in River North,Chicago,River North,Plot,3218883.27,9176.0,0,0,1986.0,2025-02-01,Sold,4,3.7,350.79,40.0,5.3
PROP-10811,5 BHK Villa for sale in Lincoln Park,Chicago,Lincoln Park,Villa,2123273.41,4374.0,5,5,1997.0,2024-10-24,Pending,10,5.0,485.43,29.0,8.6
PROP-10812,Residential plot of 7241 sqft in Bronx,New York,Bronx,Plot,5951394.61,7241.0,0,0,1993.0,2025-03-22,Pending,2,3.9,821.9,33.0,4.9
PROP-10813,3 BHK Villa for sale in West Lake Hills,Austin,West Lake Hills,Villa,1985533.61,3403.0,3,5,2003.0,2024-08-22,Active,2,4.2,583.47,23.0,5.0
PROP-10814,5 BHK Villa for sale in Marina,San Francisco,Marina,Villa,5022251.96,5154.0,5,3,1992.0,2024-04-04,Sold,3,3.6,974.44,34.0,5.0
PROP-10815,2 BHK Apartment for sale in South Beach,Miami,South Beach,Apartment,1412951.26,2173.0,2,3,1935.0,2025-07-20,Sold,5,3.3,650.23,91.0,5.4
PROP-10816,Commercial Space / Office in South Beach,Miami,South Beach,Commercial,3482348.23,6472.0,0,2,1990.0,2024-05-15,Sold,8,4.1,538.06,36.0,7.3
PROP-10817,1 BHK Apartment for sale in SOMA,San Francisco,SOMA,Apartment,1098641.09,778.0,1,2,1978.0,2025-05-16,Pending,10,4.4,1412.14,48.0,8.1
PROP-10818,4 BHK Villa for sale in Hyde Park,Chicago,Hyde Park,Villa,1438876.33,5893.0,4,2,1993.0,2025-01-11,Active,10,4.4,244.17,33.0,8.3
PROP-10819,Residential plot of 5005 sqft in Marina,San Francisco,Marina,Plot,5004088.84,5005.0,0,0,1991.5,2024-08-20,Pending,8,3.8,999.82,34.5,7.1
PROP-10820,5 BHK Villa for sale in Marina,San Francisco,Marina,Villa,2812468.75,2629.0,5,4,1983.0,2025-01-30,Pending,2,4.2,1069.79,43.0,4.9
PROP-10821,Residential plot of 6084 sqft in Loop,Chicago,Loop,Plot,2398972.64,6084.0,0,0,1991.0,2024-06-18,Active,3,4.5,394.31,35.0,5.2
PROP-10822,Commercial Space / Office in Coral Gables,Miami,Coral Gables,Commercial,11143235.13,11945.0,0,9,1991.0,2024-10-18,Sold,10,4.4,932.88,35.0,8.1
PROP-10823,Commercial Space / Office in South Beach,Miami,South Beach,Commercial,14495389.76,22647.0,0,9,1990.0,2024-09-30,Active,4,4.2,640.06,36.0,5.5
PROP-10824,6 BHK Villa for sale in SOMA,San Francisco,SOMA,Villa,3620704.4,3042.0,6,4,1993.0,2024-03-08,Active,7,4.5,1190.24,33.0,7.2
PROP-10825,Residential plot of 8682 sqft in Manhattan,New York,Manhattan,Plot,17763901.17,8682.0,0,0,1991.0,2024-09-21,Sold,8,4.3,2046.06,35.0,7.0
PROP-10826,6 BHK Villa for sale in Coral Gables,Miami,Coral Gables,Villa,5454568.53,5354.0,6,4,2001.0,2024-11-03,Sold,7,3.1,1018.78,25.0,5.9
PROP-10827,5 BHK Villa for sale in SOMA,San Francisco,SOMA,Villa,8118746.82,5943.0,5,5,2005.0,2024-12-05,Active,5,4.2,1366.1,21.0,6.1
PROP-10828,Commercial Space / Office in River North,Chicago,River North,Commercial,673452.6,2002.0,0,7,2020.0,2024-11-11,Pending,7,4.2,336.39,6.0,6.9
PROP-10829,Residential plot of 2357 sqft in Pacific Heights,San Francisco,Pacific Heights,Plot,4356715.79,2357.0,0,0,1991.0,2024-03-25,Active,3,4.1,1848.42,35.0,5.3
PROP-10830,Commercial Space / Office in Mission District,San Francisco,Mission District,Commercial,2822350.84,2071.0,0,4,1978.0,2025-01-10,Sold,6,4.3,1362.8,48.0,6.5
PROP-10831,2 BHK Apartment for sale in South Beach,Miami,South Beach,Apartment,1120119.25,1527.5,2,2,1982.0,2025-08-30,Sold,4,4.7,733.3,44.0,5.6
PROP-10832,3 BHK Villa for sale in South Beach,Miami,South Beach,Villa,2596889.17,4124.0,3,5,2001.0,2025-04-29,Pending,10,4.7,629.7,25.0,8.2
PROP-10833,Commercial Space / Office in South Austin,Austin,South Austin,Commercial,9454336.85,24043.0,0,4,1962.0,2025-08-24,Active,2,5.0,393.23,64.0,5.5
PROP-10834,Commercial Space / Office in South Austin,Austin,South Austin,Commercial,2317028.99,5017.0,0,10,1991.0,2024-08-02,Sold,1,3.7,461.84,35.0,4.1
PROP-10835,Commercial Space / Office in West Lake Hills,Austin,West Lake Hills,Commercial,16192051.29,22572.0,0,8,2010.0,2024-11-27,Pending,7,4.3,717.35,16.0,6.8
PROP-10836,3 BHK Apartment for sale in Pacific Heights,San Francisco,Pacific Heights,Apartment,5370339.11,2293.0,3,1,1925.0,2024-09-02,Pending,5,4.8,2342.06,101.0,6.2
PROP-10837,2 BHK Apartment for sale in Coral Gables,Miami,Coral Gables,Apartment,1271912.4,1488.0,2,1,1938.0,2025-11-05,Sold,9,4.4,854.78,88.0,7.8
PROP-10838,Residential plot of 1729 sqft in Bronx,New York,Bronx,Plot,1552524.21,1729.0,0,0,1993.0,2024-01-19,Sold,2,3.9,897.93,33.0,4.7
PROP-10839,5 BHK Villa for sale in Brickell,Miami,Brickell,Villa,2501101.0,3968.0,5,2,1994.0,2025-08-16,Pending,1,4.1,630.32,32.0,4.3
PROP-10840,Commercial Space / Office in Queens,New York,Queens,Commercial,21558614.13,17441.0,0,6,2009.0,2024-02-22,Sold,4,4.1,1236.09,17.0,5.6
PROP-10841,3 BHK Villa for sale in Hyde Park,Chicago,Hyde Park,Villa,1375394.82,5318.0,3,4,2021.0,2025-05-06,Active,5,3.3,258.63,5.0,5.6
PROP-10842,Residential plot of 2248 sqft in Downtown,Austin,Downtown,Plot,1158124.27,2248.0,0,0,1988.0,2024-05-04,Active,6,3.1,515.18,38.0,5.6
PROP-10843,Residential plot of 9199 sqft in Mission District,San Francisco,Mission District,Plot,13906311.48,9199.0,0,0,1994.0,2025-07-01,Active,8,4.3,1511.72,32.0,7.2
PROP-10844,3 BHK Villa for sale in South Austin,Austin,South Austin,Villa,1556976.34,3850.0,3,2,1984.0,2024-12-16,Sold,9,5.0,404.41,42.0,8.2
PROP-10845,3 BHK Villa for sale in Bronx,New York,Bronx,Villa,6249215.87,5760.0,5,3,2022.0,2025-05-21,Pending,7,3.6,1084.93,4.0,6.3
PROP-10846,Commercial Space / Office in Queens,New York,Queens,Commercial,12100279.14,11327.0,0,9,1965.0,2024-04-08,Sold,2,4.2,1068.27,61.0,5.0
PROP-10847,5 BHK Villa for sale in Manhattan,New York,Manhattan,Villa,8244325.88,5286.0,5,2,1986.0,2024-11-03,Active,7,4.6,1559.65,40.0,7.2
PROP-10848,Residential plot of 7666 sqft in Downtown,Austin,Downtown,Plot,2955770.82,7666.0,0,0,1988.0,2024-10-18,Sold,4,4.7,385.57,38.0,6.1
PROP-10849,Residential plot of 6215 sqft in Downtown,Austin,Downtown,Plot,3122634.35,6215.0,0,0,1988.0,2024-07-06,Sold,4,3.5,502.44,38.0,5.0
PROP-10850,Residential plot of 7613 sqft in South Beach,Miami,South Beach,Plot,4913539.43,7613.0,0,0,1990.0,2024-02-11,Pending,4,4.3,645.41,36.0,5.6
PROP-10851,Commercial Space / Office in South Beach,Miami,South Beach,Commercial,9948690.11,16375.0,0,7,1985.0,2024-09-27,Sold,6,3.2,607.55,41.0,5.8
PROP-10852,4 BHK Villa for sale in Bronx,New York,Bronx,Villa,6048172.4,5975.0,4,5,1980.0,2024-10-06,Sold,4,4.0,1012.25,46.0,5.4
PROP-10853,Commercial Space / Office in East Austin,Austin,East Austin,Commercial,6641261.5,19950.0,0,6,1977.0,2024-05-07,Pending,10,5.0,332.9,49.0,8.6
PROP-10854,4 BHK Villa for sale in Mission District,San Francisco,Mission District,Villa,3187381.35,2129.0,4,3,1982.0,2025-12-01,Active,5,4.2,1497.13,44.0,5.9
PROP-10855,Commercial Space / Office in Queens,New York,Queens,Commercial,6704408.29,5816.0,0,3,2015.0,2025-02-24,Sold,5,3.9,1152.75,11.0,5.9
PROP-10856,Residential plot of 1801 sqft in Marina,San Francisco,Marina,Plot,1867113.6,1801.0,0,0,1991.5,2025-03-19,Active,1,4.5,1036.71,34.5,4.7
PROP-10857,Residential plot of 7982 sqft in South Austin,Austin,South Austin,Plot,3881824.05,7982.0,0,0,1991.0,2025-04-29,Sold,2,4.2,486.32,35.0,4.7
PROP-10858,Residential plot of 8870 sqft in West Lake Hills,Austin,West Lake Hills,Plot,5485337.02,8870.0,0,0,1990.0,2024-05-16,Active,8,3.8,618.41,36.0,7.1
PROP-10859,Residential plot of 2619 sqft in Mission District,San Francisco,Mission District,Plot,3415597.88,2619.0,0,0,1994.0,2025-11-05,Pending,7,3.0,1304.16,32.0,6.2
PROP-10860,3 BHK Villa for sale in East Austin,Austin,East Austin,Villa,2004105.07,5871.0,3,3,1981.0,2025-07-21,Pending,1,4.0,341.36,45.0,4.4
PROP-10861,Residential plot of 7224 sqft in South Austin,Austin,South Austin,Plot,3223351.36,7224.0,0,0,1991.0,2024-07-19,Pending,1,4.7,446.2,35.0,4.7
PROP-10862,2 BHK Apartment for sale in Lincoln Park,Chicago,Lincoln Park,Apartment,414322.36,711.0,2,1,1972.0,2024-07-28,Sold,2,3.2,582.73,54.0,4.1
PROP-10863,Residential plot of 7703 sqft in Downtown,Austin,Downtown,Plot,3071474.64,7703.0,0,0,1988.0,2024-10-14,Pending,6,3.2,398.74,38.0,6.0
PROP-10864,Commercial Space / Office in South Austin,Austin,South Austin,Commercial,9078677.93,18729.0,0,4,2002.0,2024-01-07,Pending,4,4.6,484.74,24.0,5.8
PROP-10865,Commercial Space / Office in Coral Gables,Miami,Coral Gables,Commercial,12096157.43,12694.0,0,9,1995.0,2024-01-28,Sold,10,4.3,952.9,31.0,8.0
PROP-10866,3 BHK Villa for sale in SOMA,San Francisco,SOMA,Villa,8082810.11,5575.0,3,5,1994.0,2024-02-02,Sold,6,3.7,1449.83,32.0,6.1
PROP-10867,1 BHK Apartment for sale in Marina,San Francisco,Marina,Apartment,1497558.17,1267.0,1,3,1942.0,2025-03-06,Active,4,3.1,1181.97,84.0,4.9
PROP-10868,6 BHK Villa for sale in Coral Gables,Miami,Coral Gables,Villa,3316223.68,3566.0,6,5,1991.0,2025-03-31,Pending,10,4.7,929.96,35.0,8.2
PROP-10869,1 BHK Apartment for sale in Manhattan,New York,Manhattan,Apartment,3501863.41,2009.0,1,3,1981.0,2025-10-27,Sold,5,3.1,1743.09,45.0,5.4
PROP-10870,1 BHK Apartment for sale in South Beach,Miami,South Beach,Apartment,897393.51,1575.0,1,2,1953.0,2024-05-19,Active,9,4.8,569.77,73.0,8.1
PROP-10871,2 BHK Apartment for sale in Loop,Chicago,Loop,Apartment,579709.3,1443.0,2,3,1955.0,2024-12-11,Active,1,4.6,401.74,71.0,4.4
PROP-10872,6 BHK Villa for sale in South Beach,Miami,South Beach,Villa,1697140.96,2604.0,6,4,1983.0,2025-09-11,Active,8,3.6,651.74,43.0,6.7
PROP-10873,Commercial Space / Office in Mission District,San Francisco,Mission District,Commercial,25854095.49,17093.0,0,10,2018.0,2024-06-03,Pending,9,4.2,1512.55,8.0,7.4
PROP-10874,Residential plot of 7191 sqft in South Beach,Miami,South Beach,Plot,4114426.93,7191.0,0,0,1990.0,2024-12-15,Sold,10,4.1,572.16,36.0,8.0
PROP-10875,Residential plot of 6999 sqft in South Austin,Austin,South Austin,Plot,2970145.0,6999.0,0,0,1991.0,2024-06-23,Pending,1,4.1,424.37,35.0,4.5
PROP-10876,Residential plot of 9615 sqft in Marina,San Francisco,Marina,Plot,9750393.81,9615.0,0,0,1991.5,2024-03-07,Active,2,4.7,1014.08,34.5,5.3
PROP-10877,Residential plot of 9969 sqft in South Beach,Miami,South Beach,Plot,6786099.07,9969.0,0,0,1990.0,2025-05-25,Active,10,4.7,680.72,36.0,8.1
PROP-10878,5 BHK Villa for sale in SOMA,San Francisco,SOMA,Villa,7260092.64,5077.0,5,3,2013.0,2025-11-16,Pending,9,4.0,1430.0,13.0,7.5
PROP-10879,Residential plot of 2346 sqft in Lincoln Park,Chicago,Lincoln Park,Plot,1217596.36,2346.0,0,0,1989.5,2024-02-11,Pending,7,3.3,519.01,36.5,6.3
PROP-10880,5 BHK Villa for sale in Brooklyn,New York,Brooklyn,Villa,5252256.36,4823.0,5,3,1998.0,2024-01-24,Pending,7,3.6,1089.0,28.0,6.6
PROP-10881,Residential plot of 9207 sqft in Brooklyn,New York,Brooklyn,Plot,11110537.0,9207.0,0,0,1994.0,2024-10-09,Active,8,4.2,1206.75,32.0,7.2
PROP-10882,4 BHK Villa for sale in Downtown,Austin,Downtown,Villa,1764832.9,3570.0,4,4,1992.0,2024-09-20,Sold,4,3.8,494.35,34.0,5.2
PROP-10883,1 BHK Apartment for sale in Little Havana,Miami,Little Havana,Apartment,433455.0,993.0,2,3,2006.0,2024-08-09,Sold,6,5.0,436.51,20.0,7.1
PROP-10884,Commercial Space / Office in Little Havana,Miami,Little Havana,Commercial,7526379.13,16129.0,0,10,2014.0,2025-07-19,Sold,1,4.2,466.64,12.0,4.4
PROP-10885,1 BHK Apartment for sale in Queens,New York,Queens,Apartment,2560151.94,2215.0,1,1,2008.0,2025-04-28,Pending,5,4.5,1155.82,18.0,6.3
PROP-10886,Residential plot of 3194 sqft in Brickell,Miami,Brickell,Plot,2138252.4,3194.0,0,0,1995.5,2024-03-19,Active,2,4.7,669.46,30.5,5.0
PROP-10887,Commercial Space / Office in South Austin,Austin,South Austin,Commercial,4910764.92,12237.0,0,2,1997.0,2025-02-21,Sold,3,4.9,401.3,29.0,5.8
PROP-10888,1 BHK Apartment for sale in East Austin,Austin,East Austin,Apartment,407354.0,1022.0,2,3,2015.0,2024-10-28,Sold,7,4.9,398.59,11.0,7.1
PROP-10889,2 BHK Apartment for sale in River North,Chicago,River North,Apartment,285153.15,738.0,2,2,2019.0,2024-02-13,Active,9,4.4,386.39,7.0,7.6
PROP-10890,4 BHK Villa for sale in Loop,Chicago,Loop,Villa,1083937.0,3237.0,4,4,2001.0,2025-03-16,Active,7,4.1,334.86,25.0,6.9
PROP-10891,Residential plot of 2897 sqft in Brickell,Miami,Brickell,Plot,1603715.53,2897.0,0,0,1995.5,2025-07-21,Sold,8,4.6,553.58,30.5,7.6
PROP-10892,3 BHK Apartment for sale in Brickell,Miami,Brickell,Apartment,520633.0,978.0,3,3,2012.0,2024-04-14,Pending,1,4.2,532.34,14.0,4.6
PROP-10893,Commercial Space / Office in South Austin,Austin,South Austin,Commercial,9740249.48,20100.0,0,4,1985.0,2025-08-09,Sold,7,4.5,484.59,41.0,6.9
PROP-10894,Residential plot of 9769 sqft in Little Havana,Miami,Little Havana,Plot,5087972.93,9769.0,0,0,1994.0,2025-08-16,Sold,4,3.3,520.83,32.0,4.9
PROP-10895,4 BHK Villa for sale in South Austin,Austin,South Austin,Villa,1615387.19,3315.0,4,4,1989.0,2025-03-16,Sold,1,3.8,487.3,37.0,4.0
PROP-10896,5 BHK Villa for sale in Loop,Chicago,Loop,Villa,1288785.73,3568.0,5,3,2013.0,2024-11-29,Sold,6,4.2,361.21,13.0,6.4
PROP-10897,Commercial Space / Office in Downtown,Austin,Downtown,Commercial,2190919.41,5668.0,0,8,1981.0,2024-05-30,Pending,10,4.4,386.54,45.0,8.4
PROP-10898,4 BHK Apartment for sale in Loop,Chicago,Loop,Apartment,829444.44,2156.0,4,1,2006.0,2024-05-29,Sold,6,4.1,384.71,20.0,6.2
PROP-10899,Residential plot of 1664 sqft in Brickell,Miami,Brickell,Plot,1104620.85,1664.0,0,0,1995.5,2024-06-17,Active,1,3.0,663.83,30.5,3.6
PROP-10900,2 BHK Apartment for sale in Loop,Chicago,Loop,Apartment,562907.49,1531.0,2,1,1930.0,2025-09-18,Active,1,4.9,367.67,96.0,4.8
PROP-10901,Commercial Space / Office in Queens,New York,Queens,Commercial,9078269.09,6806.0,0,10,1972.0,2025-03-29,Sold,3,3.1,1333.86,54.0,4.4
PROP-10902,Commercial Space / Office in River North,Chicago,River North,Commercial,907170.97,2906.0,0,9,2016.0,2025-02-16,Pending,3,4.2,312.17,10.0,5.4
PROP-10903,5 BHK Villa for sale in River North,Chicago,River North,Villa,929037.23,2347.0,5,2,2005.0,2025-11-21,Active,4,3.4,395.84,21.0,5.0
PROP-10904,Commercial Space / Office in SOMA,San Francisco,SOMA,Commercial,19948652.52,16308.0,0,10,2019.0,2024-01-11,Active,4,3.2,1223.24,7.0,5.2
PROP-10905,Commercial Space / Office in Coral Gables,Miami,Coral Gables,Commercial,15073322.0,18895.0,0,7,1984.0,2024-08-11,Sold,9,4.3,797.74,42.0,7.8
PROP-10906,3 BHK Apartment for sale in Marina,San Francisco,Marina,Apartment,1603065.58,1383.0,3,2,1926.0,2024-07-28,Active,7,3.9,1159.12,100.0,6.6
PROP-10907,1 BHK Apartment for sale in SOMA,San Francisco,SOMA,Apartment,2558722.24,1808.0,1,2,1995.0,2024-07-05,Active,7,4.0,1415.22,31.0,6.7
PROP-10908,Commercial Space / Office in Little Havana,Miami,Little Havana,Commercial,7927769.8,18673.0,0,5,2016.0,2025-06-11,Sold,6,3.8,424.56,10.0,6.3
PROP-10909,1 BHK Apartment for sale in River North,Chicago,River North,Apartment,476644.0,1479.0,1,2,1983.0,2025-02-18,Active,1,3.7,322.27,43.0,4.2
PROP-10910,3 BHK Apartment for sale in East Austin,Austin,East Austin,Apartment,646730.61,1568.5,3,1,2019.0,2025-04-03,Sold,5,3.8,412.32,7.0,5.5
PROP-10911,Commercial Space / Office in Brickell,Miami,Brickell,Commercial,12615328.97,20469.0,0,2,1995.0,2025-11-29,Pending,10,4.3,616.31,31.0,8.1
PROP-10912,5 BHK Villa for sale in Queens,New York,Queens,Villa,5705223.63,5348.0,5,4,2021.0,2025-09-12,Sold,10,4.6,1066.8,5.0,8.4
PROP-10913,Residential plot of 4854 sqft in Bronx,New York,Bronx,Plot,5212305.11,4854.0,0,0,1993.0,2025-02-15,Pending,4,4.1,1073.82,33.0,5.4
PROP-10914,4 BHK Apartment for sale in Hyde Park,Chicago,Hyde Park,Apartment,557776.12,1973.0,4,2,1998.0,2025-01-28,Sold,10,4.5,282.7,28.0,8.2
PROP-10915,2 BHK Apartment for sale in Loop,Chicago,Loop,Apartment,691736.53,1817.0,2,3,2000.0,2025-01-12,Pending,1,4.3,380.7,26.0,4.4
PROP-10916,2 BHK Apartment for sale in Loop,Chicago,Loop,Apartment,414875.33,1072.0,2,3,1963.0,2024-10-01,Sold,7,3.9,387.01,63.0,6.5
PROP-10917,Commercial Space / Office in SOMA,San Francisco,SOMA,Commercial,11568701.66,7375.0,0,10,2021.0,2025-08-09,Pending,9,4.1,1568.64,5.0,7.4
PROP-10918,Commercial Space / Office in Lincoln Park,Chicago,Lincoln Park,Commercial,11819387.17,19856.0,0,4,1985.0,2024-08-14,Active,6,4.1,595.26,41.0,6.1
PROP-10919,Residential plot of 1420 sqft in South Beach,Miami,South Beach,Plot,967436.21,1420.0,0,0,1990.0,2025-05-16,Pending,10,4.6,681.29,36.0,8.1
PROP-10920,3 BHK Villa for sale in South Austin,Austin,South Austin,Villa,1289081.82,2782.0,3,2,2010.0,2024-06-17,Sold,6,4.2,463.37,16.0,6.3
PROP-10921,3 BHK Apartment for sale in East Austin,Austin,East Austin,Apartment,722686.82,2194.0,3,1,1933.0,2024-06-26,Active,7,4.0,329.39,93.0,6.8
PROP-10922,Residential plot of 2787 sqft in Manhattan,New York,Manhattan,Plot,4690739.93,2787.0,0,0,1991.0,2024-03-30,Pending,5,3.9,1683.08,35.0,5.9
PROP-10923,5 BHK Villa for sale in Little Havana,Miami,Little Havana,Villa,819615.85,1855.0,5,4,1988.0,2025-06-10,Pending,7,3.3,441.84,38.0,6.4
PROP-10924,Commercial Space / Office in Queens,New York,Queens,Commercial,21038284.9,18659.0,0,9,1977.0,2024-06-20,Sold,6,4.0,1127.51,49.0,6.4
PROP-10925,Residential plot of 3912 sqft in Little Havana,Miami,Little Havana,Plot,1878904.21,3912.0,0,0,1994.0,2024-11-07,Active,2,4.6,480.29,32.0,5.1
PROP-10926,4 BHK Villa for sale in Manhattan,New York,Manhattan,Villa,9932757.0,4851.0,4,3,1991.0,2024-05-14,Active,8,4.7,2047.57,35.0,7.3
PROP-10927,Residential plot of 5659 sqft in Lincoln Park,Chicago,Lincoln Park,Plot,3283927.51,5659.0,0,0,1989.5,2025-06-21,Pending,10,4.7,580.3,36.5,8.2
PROP-10928,Commercial Space / Office in Marina,San Francisco,Marina,Commercial,26554104.55,22074.0,0,8,1969.0,2024-05-12,Sold,3,4.8,1202.96,57.0,5.4
PROP-10929,4 BHK Villa for sale in Mission District,San Francisco,Mission District,Villa,3380892.28,2834.0,4,3,2021.0,2024-11-08,Active,7,4.5,1192.98,5.0,7.2
PROP-10930,4 BHK Apartment for sale in Little Havana,Miami,Little Havana,Apartment,1055054.17,2070.0,4,2,1986.0,2025-11-12,Active,6,4.0,509.69,40.0,6.2
PROP-10931,Residential plot of 2478 sqft in Lincoln Park,Chicago,Lincoln Park,Plot,1305215.0,2478.0,0,0,1989.5,2025-11-16,Pending,9,4.1,526.72,36.5,7.6
PROP-10932,2 BHK Apartment for sale in Bronx,New York,Bronx,Apartment,1988461.24,1907.0,2,1,1976.0,2024-08-10,Sold,10,5.0,1042.72,50.0,8.4
PROP-10933,5 BHK Villa for sale in Brickell,Miami,Brickell,Villa,2991122.26,5298.0,5,2,2020.0,2025-07-20,Active,3,3.7,564.58,6.0,5.0
PROP-10935,Commercial Space / Office in Loop,Chicago,Loop,Commercial,343595.52,1088.0,0,4,1996.0,2024-03-12,Pending,4,4.3,315.8,30.0,5.8
PROP-10936,4 BHK Villa for sale in Marina,San Francisco,Marina,Villa,4642521.76,3790.0,4,3,1992.0,2024-04-10,Pending,7,4.2,1224.94,34.0,6.7
PROP-10937,Commercial Space / Office in Little Havana,Miami,Little Havana,Commercial,12040640.38,23400.0,0,5,2004.0,2025-01-16,Pending,3,3.5,514.56,22.0,4.6
PROP-10938,Residential plot of 4871 sqft in Brooklyn,New York,Brooklyn,Plot,6586157.42,4871.0,0,0,1994.0,2025-10-22,Sold,10,4.5,1352.12,32.0,8.0
PROP-10939,5 BHK Villa for sale in South Beach,Miami,South Beach,Villa,1790036.85,3171.0,5,2,1985.0,2025-05-04,Sold,10,4.6,564.5,41.0,8.3
PROP-10940,1 BHK Apartment for sale in Little Havana,Miami,Little Havana,Apartment,674571.84,1314.0,1,3,1939.0,2024-04-28,Active,8,3.8,513.37,87.0,6.9
PROP-10941,Commercial Space / Office in Manhattan,New York,Manhattan,Commercial,8364245.28,5243.0,0,4,1962.0,2024-02-02,Sold,8,4.3,1595.32,64.0,7.5
PROP-10942,Residential plot of 8068 sqft in Brickell,Miami,Brickell,Plot,4666943.06,8068.0,0,0,1995.5,2024-08-01,Sold,3,3.9,578.45,30.5,5.1
PROP-10943,5 BHK Villa for sale in Brooklyn,New York,Brooklyn,Villa,3212841.56,2538.0,5,2,2015.0,2025-10-02,Pending,1,4.2,1265.9,11.0,4.3
PROP-10944,Residential plot of 2081 sqft in Brickell,Miami,Brickell,Plot,1364893.83,2081.0,0,0,1995.5,2025-11-01,Active,10,4.2,655.88,30.5,7.9
PROP-10945,2 BHK Apartment for sale in Brooklyn,New York,Brooklyn,Apartment,1295835.0,1064.0,2,2,1965.0,2025-07-06,Pending,3,4.2,1217.89,61.0,5.2
PROP-10946,2 BHK Apartment for sale in Loop,Chicago,Loop,Apartment,625563.13,1757.0,2,2,1991.0,2024-10-11,Sold,10,4.7,356.04,35.0,8.3
PROP-10947,Residential plot of 5277 sqft in Pacific Heights,San Francisco,Pacific Heights,Plot,12587418.65,5277.0,0,0,1991.0,2024-06-11,Sold,1,3.4,2385.34,35.0,3.7
PROP-10948,Residential plot of 9132 sqft in Manhattan,New York,Manhattan,Plot,16755313.91,9132.0,0,0,1991.0,2025-10-17,Pending,7,4.2,1834.79,35.0,6.8
PROP-10949,Commercial Space / Office in East Austin,Austin,East Austin,Commercial,3597415.53,9064.0,0,6,1990.0,2024-05-20,Pending,8,3.9,396.89,36.0,6.8
PROP-10950,4 BHK Villa for sale in South Beach,Miami,South Beach,Villa,3095641.9,5179.0,4,2,2008.0,2024-04-02,Pending,10,4.0,597.73,18.0,7.9
PROP-10951,Commercial Space / Office in Queens,New York,Queens,Commercial,8642310.78,7405.0,0,10,1962.0,2024-04-14,Pending,4,3.7,1167.09,64.0,5.4
PROP-10952,3 BHK Villa for sale in West Lake Hills,Austin,West Lake Hills,Villa,1866344.61,3233.0,3,3,1981.0,2025-03-21,Sold,9,4.4,577.28,45.0,8.0
PROP-10953,Commercial Space / Office in South Austin,Austin,South Austin,Commercial,6800010.0,15400.0,0,6,2013.0,2025-02-07,Active,2,3.7,441.56,13.0,4.6
PROP-10954,Residential plot of 7796 sqft in Manhattan,New York,Manhattan,Plot,13719434.43,7796.0,0,0,1991.0,2024-11-14,Sold,10,4.1,1759.8,35.0,8.0
PROP-10955,3 BHK Apartment for sale in Loop,Chicago,Loop,Apartment,720916.41,2033.0,2,3,1950.0,2025-07-19,Sold,10,4.9,354.61,76.0,8.4
PROP-10956,1 BHK Apartment for sale in Queens,New York,Queens,Apartment,2192347.96,1622.0,1,3,1958.0,2025-09-04,Pending,10,4.5,1351.63,68.0,8.0
PROP-10957,4 BHK Apartment for sale in River North,Chicago,River North,Apartment,755374.86,2359.0,4,1,1939.0,2024-10-20,Pending,8,4.1,320.21,87.0,7.3
PROP-10958,Commercial Space / Office in Coral Gables,Miami,Coral Gables,Commercial,3206261.57,3195.0,0,6,1970.0,2025-11-07,Active,8,3.1,1003.52,56.0,6.4
PROP-10959,1 BHK Apartment for sale in Loop,Chicago,Loop,Apartment,256333.3,694.0,1,1,1967.0,2025-09-21,Sold,9,4.8,369.36,59.0,7.9
PROP-10960,3 BHK Apartment for sale in Coral Gables,Miami,Coral Gables,Apartment,1870219.51,2331.0,3,2,1988.0,2024-05-03,Pending,9,4.2,802.32,38.0,7.8
PROP-10961,Residential plot of 7861 sqft in Mission District,San Francisco,Mission District,Plot,11039751.86,7861.0,0,0,1994.0,2025-04-29,Active,4,3.8,1404.37,32.0,5.4
PROP-10962,Commercial Space / Office in Brooklyn,New York,Brooklyn,Commercial,8634598.68,6418.0,0,8,1995.0,2024-06-03,Pending,10,4.2,1345.37,31.0,7.9
PROP-10963,Residential plot of 7938 sqft in South Austin,Austin,South Austin,Plot,3156835.87,7938.0,0,0,1991.0,2025-03-13,Sold,4,3.4,397.69,35.0,5.3
PROP-10964,Commercial Space / Office in Brickell,Miami,Brickell,Commercial,2945191.0,4506.0,0,9,1997.0,2025-11-05,Pending,3,3.6,653.62,29.0,4.8
PROP-10965,6 BHK Villa for sale in Little Havana,Miami,Little Havana,Villa,1878291.97,3969.0,6,2,1997.0,2024-11-15,Pending,1,3.3,473.24,29.0,3.9
PROP-10966,4 BHK Villa for sale in Marina,San Francisco,Marina,Villa,6427401.89,5916.0,4,4,2014.0,2025-05-28,Active,7,3.3,1086.44,12.0,6.3
PROP-10967,3 BHK Apartment for sale in South Beach,Miami,South Beach,Apartment,470421.74,682.0,3,1,1947.0,2024-04-25,Sold,6,3.7,689.77,79.0,5.9
PROP-10968,3 BHK Villa for sale in Loop,Chicago,Loop,Villa,2058202.01,5139.0,3,4,1991.0,2024-02-14,Pending,9,4.4,400.51,35.0,7.6
PROP-10969,Residential plot of 2595 sqft in West Lake Hills,Austin,West Lake Hills,Plot,1714272.15,2595.0,0,0,1990.0,2025-10-27,Active,5,3.5,660.61,36.0,5.6
PROP-10970,3 BHK Villa for sale in River North,Chicago,River North,Villa,1355900.05,3919.0,3,2,2005.0,2025-07-18,Pending,2,3.9,345.98,21.0,4.7
PROP-10971,Residential plot of 9821 sqft in Marina,San Francisco,Marina,Plot,11386945.06,9821.0,0,0,1991.5,2024-09-11,Sold,7,4.4,1159.45,34.5,6.9
PROP-10972,Residential plot of 5279 sqft in Coral Gables,Miami,Coral Gables,Plot,5433685.1,5279.0,0,0,1991.0,2025-11-06,Active,10,4.6,1029.3,35.0,8.1
PROP-10973,1 BHK Apartment for sale in South Austin,Austin,South Austin,Apartment,321739.69,732.0,1,2,1930.0,2024-03-04,Sold,9,4.6,439.54,96.0,7.9
PROP-10974,Residential plot of 7209 sqft in Queens,New York,Queens,Plot,8613190.12,7209.0,0,0,1988.0,2024-02-20,Sold,10,4.1,1194.78,38.0,8.0
PROP-10975,Residential plot of 8067 sqft in West Lake Hills,Austin,West Lake Hills,Plot,5441146.71,8067.0,0,0,1990.0,2024-02-21,Pending,5,3.3,674.49,36.0,5.5
PROP-10976,Residential plot of 8382 sqft in West Lake Hills,Austin,West Lake Hills,Plot,6137381.37,8382.0,0,0,1990.0,2024-11-11,Active,4,4.6,732.21,36.0,5.7
PROP-10977,Commercial Space / Office in East Austin,Austin,East Austin,Commercial,7642267.11,21759.0,0,4,1994.0,2024-10-23,Pending,6,4.2,351.22,32.0,6.4
PROP-10978,3 BHK Apartment for sale in Lincoln Park,Chicago,Lincoln Park,Apartment,463863.8,811.0,3,1,1990.0,2025-03-14,Pending,8,3.6,571.97,36.0,6.7
PROP-10979,Residential plot of 9739 sqft in Downtown,Austin,Downtown,Plot,4772879.99,9739.0,0,0,1988.0,2025-10-16,Active,3,4.5,490.08,38.0,5.3
PROP-10980,Commercial Space / Office in Little Havana,Miami,Little Havana,Commercial,3643787.61,7418.0,0,3,1971.0,2025-01-01,Active,5,3.9,491.21,55.0,5.7
PROP-10981,2 BHK Apartment for sale in Loop,Chicago,Loop,Apartment,195808.6,609.0,2,3,1952.0,2025-05-05,Pending,6,4.4,321.52,74.0,6.7
PROP-10982,3 BHK Villa for sale in Pacific Heights,San Francisco,Pacific Heights,Villa,5663560.71,2847.0,3,3,2012.0,2024-09-16,Pending,1,3.1,1989.31,14.0,3.8
PROP-10983,2 BHK Apartment for sale in SOMA,San Francisco,SOMA,Apartment,3903125.17,2434.0,2,1,2011.0,2024-10-19,Sold,10,4.6,1603.58,15.0,8.0
PROP-10984,Commercial Space / Office in Pacific Heights,San Francisco,Pacific Heights,Commercial,4632938.32,2006.0,0,5,2015.0,2025-07-05,Active,2,4.8,2309.54,11.0,5.1
PROP-10985,2 BHK Apartment for sale in Bronx,New York,Bronx,Apartment,1162862.54,1173.0,2,1,1969.0,2024-08-23,Sold,9,4.2,991.36,57.0,7.6
PROP-10986,Commercial Space / Office in Manhattan,New York,Manhattan,Commercial,35432250.66,17552.0,0,6,1992.0,2025-03-11,Active,7,3.5,2018.7,34.0,6.2
PROP-10987,2 BHK Apartment for sale in Brickell,Miami,Brickell,Apartment,1129128.92,1734.0,2,2,2010.0,2024-04-19,Sold,6,3.5,651.17,16.0,5.9
PROP-10988,5 BHK Villa for sale in Little Havana,Miami,Little Havana,Villa,1129598.99,2299.0,5,4,2010.0,2024-05-16,Active,5,4.7,491.34,16.0,6.3
PROP-10989,4 BHK Villa for sale in Little Havana,Miami,Little Havana,Villa,1362414.74,2882.0,4,3,1994.0,2025-06-17,Sold,2,3.3,472.73,32.0,4.3
PROP-10990,2 BHK Apartment for sale in SOMA,San Francisco,SOMA,Apartment,1292158.85,843.0,2,1,1925.0,2024-01-16,Active,3,3.0,1532.81,101.0,4.3
PROP-10991,1 BHK Apartment for sale in Little Havana,Miami,Little Havana,Apartment,748358.44,1621.0,1,2,1944.0,2024-04-05,Sold,4,4.8,461.66,82.0,6.1
PROP-10992,Commercial Space / Office in Bronx,New York,Bronx,Commercial,6899082.67,7389.0,0,7,1993.0,2025-08-25,Sold,2,3.1,933.7,33.0,4.2
PROP-10993,Residential plot of 6397 sqft in Lincoln Park,Chicago,Lincoln Park,Plot,3814328.05,6397.0,0,0,1989.5,2025-08-25,Active,6,3.0,596.27,36.5,5.5
PROP-10994,4 BHK Apartment for sale in River North,Chicago,River North,Apartment,204397.23,526.0,4,2,1958.0,2024-04-02,Active,5,3.0,388.59,68.0,5.1
PROP-10995,2 BHK Apartment for sale in West Lake Hills,Austin,West Lake Hills,Apartment,1426370.78,2083.0,2,2,1990.0,2024-10-28,Pending,9,4.6,684.77,36.0,7.9
PROP-10996,Commercial Space / Office in Loop,Chicago,Loop,Commercial,4936665.32,12930.0,0,2,1983.0,2025-03-15,Pending,2,4.1,381.8,43.0,4.6
PROP-10997,Residential plot of 9552 sqft in Brooklyn,New York,Brooklyn,Plot,11728255.0,9552.0,0,0,1994.0,2024-07-10,Pending,2,4.1,1227.83,32.0,4.7
PROP-10998,Commercial Space / Office in South Austin,Austin,South Austin,Commercial,6162314.02,11997.0,0,10,1980.0,2024-04-30,Pending,5,4.4,513.65,46.0,6.0
PROP-10999,6 BHK Villa for sale in Manhattan,New York,Manhattan,Villa,4271502.0,2552.0,6,3,2007.0,2024-06-15,Pending,8,4.0,1673.79,19.0,7.2
PROP-11000,3 BHK Apartment for sale in East Austin,Austin,East Austin,Apartment,750045.61,1894.0,3,2,1982.0,2024-02-16,Sold,3,4.2,396.01,44.0,5.1
PROP-11001,3 BHK Apartment for sale in South Beach,Miami,South Beach,Apartment,646378.18,949.0,3,2,1955.0,2025-04-15,Active,7,4.7,681.12,71.0,6.9
PROP-11002,2 BHK Apartment for sale in Downtown,Austin,Downtown,Apartment,653928.01,1565.0,2,1,1988.0,2025-04-08,Active,9,4.9,417.85,38.0,8.1
PROP-11003,1 BHK Apartment for sale in Downtown,Austin,Downtown,Apartment,1239060.5,2496.0,1,3,1942.0,2024-04-21,Sold,4,3.6,496.42,84.0,5.1
PROP-11004,6 BHK Villa for sale in Loop,Chicago,Loop,Villa,744134.82,2068.0,6,2,2007.0,2025-11-27,Pending,5,4.8,359.83,19.0,6.4
PROP-11005,6 BHK Villa for sale in East Austin,Austin,East Austin,Villa,1934378.27,5636.0,6,3,2006.0,2025-09-01,Pending,2,3.8,343.22,20.0,4.6
PROP-11006,1 BHK Apartment for sale in Lincoln Park,Chicago,Lincoln Park,Apartment,1169682.0,2346.0,1,1,1953.0,2024-06-06,Sold,10,4.7,498.59,73.0,8.4
PROP-11007,6 BHK Villa for sale in West Lake Hills,Austin,West Lake Hills,Villa,2274874.41,3040.0,6,2,2005.0,2025-07-12,Sold,7,3.9,748.31,21.0,6.5
PROP-11008,6 BHK Villa for sale in Brickell,Miami,Brickell,Villa,2473453.17,3666.0,6,4,2005.0,2025-07-07,Pending,1,3.9,674.7,21.0,4.1
PROP-11009,Commercial Space / Office in Downtown,Austin,Downtown,Commercial,3826673.27,7749.0,0,4,2006.0,2025-08-31,Pending,8,3.2,493.83,20.0,6.5
PROP-11010,4 BHK Apartment for sale in South Beach,Miami,South Beach,Apartment,371574.37,705.0,2,3,1969.0,2024-01-20,Pending,10,4.1,527.06,57.0,8.1
PROP-11011,1 BHK Apartment for sale in Pacific Heights,San Francisco,Pacific Heights,Apartment,951805.0,501.0,1,3,1937.0,2024-11-17,Sold,6,4.7,1899.81,89.0,6.8
PROP-11012,Residential plot of 3999 sqft in Queens,New York,Queens,Plot,5384021.72,3999.0,0,0,1988.0,2024-12-21,Sold,10,4.6,1346.34,38.0,8.1
PROP-11013,3 BHK Villa for sale in Loop,Chicago,Loop,Villa,2061617.43,5598.0,3,4,2017.0,2025-10-21,Active,2,3.1,368.28,9.0,4.1
PROP-11014,3 BHK Apartment for sale in Brooklyn,New York,Brooklyn,Apartment,1427043.74,1068.0,3,1,1924.0,2025-03-14,Sold,5,3.1,1336.18,102.0,5.2
PROP-11015,Residential plot of 7124 sqft in South Austin,Austin,South Austin,Plot,3384707.0,7124.0,0,0,1991.0,2024-12-14,Pending,7,3.1,475.11,35.0,6.1
PROP-11016,Commercial Space / Office in South Beach,Miami,South Beach,Commercial,11523330.05,18940.0,0,2,1964.0,2025-03-25,Active,6,5.0,608.41,62.0,6.9
PROP-11017,Residential plot of 4686 sqft in SOMA,San Francisco,SOMA,Plot,5616708.0,4686.0,0,0,1992.0,2025-02-06,Pending,5,3.7,1198.61,34.0,5.9
PROP-11018,5 BHK Villa for sale in Manhattan,New York,Manhattan,Villa,7109690.21,4364.0,5,3,2005.0,2024-04-18,Pending,5,4.2,1629.17,21.0,6.1
PROP-11019,1 BHK Apartment for sale in Pacific Heights,San Francisco,Pacific Heights,Apartment,1162988.32,531.0,1,3,1925.0,2025-03-07,Active,6,3.5,2190.19,101.0,5.9
PROP-11020,4 BHK Apartment for sale in Brooklyn,New York,Brooklyn,Apartment,1393961.9,1304.0,4,1,2021.0,2024-01-07,Sold,6,4.9,1068.99,5.0,7.0
PROP-11021,6 BHK Villa for sale in Little Havana,Miami,Little Havana,Villa,1487727.21,3200.0,6,4,1990.0,2024-08-24,Active,7,4.3,464.91,36.0,6.9
PROP-11022,Residential plot of 8591 sqft in Brickell,Miami,Brickell,Plot,5757577.07,8591.0,0,0,1995.5,2025-09-02,Pending,2,3.2,670.19,30.5,4.1
PROP-11023,3 BHK Villa for sale in South Beach,Miami,South Beach,Villa,1822465.08,3178.0,3,3,1984.0,2025-06-21,Sold,10,4.7,573.46,42.0,8.4
PROP-11024,4 BHK Apartment for sale in Pacific Heights,San Francisco,Pacific Heights,Apartment,3147702.51,1665.0,4,3,1980.0,2024-04-06,Sold,1,4.4,1890.51,46.0,4.7
PROP-11025,Commercial Space / Office in Brickell,Miami,Brickell,Commercial,9556179.06,17663.0,0,9,2017.0,2025-06-05,Pending,1,4.3,541.03,9.0,4.7
PROP-11026,4 BHK Villa for sale in Manhattan,New York,Manhattan,Villa,7951169.7,4212.0,4,3,1988.0,2024-06-08,Active,7,3.6,1887.74,38.0,6.4
PROP-11027,Residential plot of 1167 sqft in Manhattan,New York,Manhattan,Plot,2209700.71,1167.0,0,0,1991.0,2025-10-04,Active,3,4.3,1893.49,35.0,5.2
PROP-11028,6 BHK Villa for sale in SOMA,San Francisco,SOMA,Villa,7995876.05,5395.0,6,4,1988.0,2024-04-15,Sold,6,4.2,1482.09,38.0,6.4
PROP-11029,2 BHK Apartment for sale in West Lake Hills,Austin,West Lake Hills,Apartment,803516.0,1205.0,2,2,1978.0,2025-02-11,Active,10,4.1,666.82,48.0,8.0
PROP-11030,Commercial Space / Office in Bronx,New York,Bronx,Commercial,5284183.71,6214.0,0,10,1973.0,2024-01-30,Sold,9,4.1,850.37,53.0,7.7
PROP-11031,Commercial Space / Office in Mission District,San Francisco,Mission District,Commercial,23697894.16,17419.0,0,2,1983.0,2025-01-12,Pending,7,3.9,1360.46,43.0,6.6
PROP-11032,Residential plot of 1990 sqft in Mission District,San Francisco,Mission District,Plot,2621511.8,1990.0,0,0,1994.0,2024-10-20,Pending,5,4.3,1317.34,32.0,6.2
PROP-11033,Commercial Space / Office in South Austin,Austin,South Austin,Commercial,593596.67,1279.0,0,6,2001.0,2024-06-20,Active,3,3.8,464.11,25.0,5.0
PROP-11034,5 BHK Villa for sale in South Austin,Austin,South Austin,Villa,1859101.73,4614.0,5,4,2023.0,2025-11-26,Sold,1,4.1,402.93,3.0,4.5
PROP-11035,Residential plot of 7230 sqft in Lincoln Park,Chicago,Lincoln Park,Plot,3526634.8,7230.0,0,0,1989.5,2024-07-24,Active,3,4.4,487.78,36.5,5.5
PROP-11036,Residential plot of 4684 sqft in Pacific Heights,San Francisco,Pacific Heights,Plot,9085457.48,4684.0,0,0,1991.0,2024-07-26,Active,4,3.2,1939.68,35.0,5.1
PROP-11037,Residential plot of 7058 sqft in River North,Chicago,River North,Plot,2739735.94,7058.0,0,0,1986.0,2025-02-03,Sold,5,4.0,388.17,40.0,5.7
PROP-11038,Residential plot of 8153 sqft in East Austin,Austin,East Austin,Plot,2821244.82,8153.0,0,0,1994.0,2025-04-28,Pending,7,3.8,346.04,32.0,6.6
PROP-11039,Residential plot of 2295 sqft in Bronx,New York,Bronx,Plot,1989764.91,2295.0,0,0,1993.0,2024-10-19,Sold,1,4.1,867.0,33.0,4.5
PROP-11040,5 BHK Villa for sale in Downtown,Austin,Downtown,Villa,1288034.01,2968.0,5,4,2016.0,2024-11-05,Active,4,4.7,433.97,10.0,6.0
PROP-11041,5 BHK Villa for sale in South Beach,Miami,South Beach,Villa,1910688.07,2803.0,5,2,2022.0,2025-10-28,Active,6,4.6,681.66,4.0,6.4
PROP-11042,Commercial Space / Office in Mission District,San Francisco,Mission District,Commercial,27826785.25,22554.0,0,9,1974.0,2025-11-28,Active,9,4.7,1233.78,52.0,8.0
PROP-11043,Commercial Space / Office in Manhattan,New York,Manhattan,Commercial,31080083.88,19251.0,0,6,1980.0,2025-01-06,Sold,7,4.5,1614.47,46.0,7.2
PROP-11044,2 BHK Apartment for sale in West Lake Hills,Austin,West Lake Hills,Apartment,519252.04,897.0,2,3,2006.0,2025-06-25,Pending,3,3.4,578.88,20.0,5.0
PROP-11045,1 BHK Apartment for sale in SOMA,San Francisco,SOMA,Apartment,1688995.17,1070.0,1,3,1925.0,2025-10-06,Active,10,4.2,1578.5,101.0,7.8
PROP-11046,3 BHK Villa for sale in Brooklyn,New York,Brooklyn,Villa,3232832.86,2848.0,3,4,1991.0,2025-11-09,Active,2,3.9,1135.12,35.0,4.7
PROP-11047,Commercial Space / Office in Marina,San Francisco,Marina,Commercial,2188900.15,2149.0,0,5,1992.0,2025-09-29,Sold,3,4.0,1018.57,34.0,5.2
PROP-11048,Residential plot of 7119 sqft in Little Havana,Miami,Little Havana,Plot,3895202.64,7119.0,0,0,1994.0,2024-12-26,Sold,4,4.8,547.16,32.0,5.8
PROP-11049,5 BHK Villa for sale in Lincoln Park,Chicago,Lincoln Park,Villa,2306888.12,4153.0,5,5,2024.0,2024-08-15,Active,3,3.5,555.48,2.0,4.7
PROP-11050,3 BHK Villa for sale in Bronx,New York,Bronx,Villa,5441654.31,5878.0,3,3,1992.0,2024-04-11,Active,3,3.8,925.77,34.0,5.1
PROP-11051,Commercial Space / Office in Brickell,Miami,Brickell,Commercial,16073479.99,24181.0,0,6,1994.0,2025-02-16,Pending,8,4.5,664.72,32.0,7.3
PROP-11052,3 BHK Apartment for sale in SOMA,San Francisco,SOMA,Apartment,2729485.18,2044.0,3,2,1939.0,2025-11-17,Sold,5,4.4,1335.36,87.0,6.2
PROP-11053,4 BHK Villa for sale in Loop,Chicago,Loop,Villa,1381722.51,4565.0,4,4,2021.0,2025-02-02,Sold,8,4.7,302.68,5.0,7.8
PROP-11054,5 BHK Villa for sale in Hyde Park,Chicago,Hyde Park,Villa,1835822.82,5777.0,5,3,2015.0,2024-05-04,Pending,3,3.0,317.78,11.0,4.3
PROP-11055,Commercial Space / Office in West Lake Hills,Austin,West Lake Hills,Commercial,9852317.45,13652.0,0,3,1980.0,2025-05-02,Pending,5,4.1,721.68,46.0,5.9
PROP-11056,4 BHK Apartment for sale in Hyde Park,Chicago,Hyde Park,Apartment,335867.1,1175.0,4,2,1922.0,2025-11-17,Sold,7,4.2,285.84,104.0,6.8
PROP-11057,4 BHK Apartment for sale in Loop,Chicago,Loop,Apartment,252710.3,845.0,4,1,2005.0,2025-09-29,Pending,2,3.3,299.07,21.0,4.5
PROP-11058,Commercial Space / Office in River North,Chicago,River North,Commercial,701106.69,2190.0,0,10,1990.0,2024-06-17,Pending,4,3.2,320.14,36.0,5.2
PROP-11059,Commercial Space / Office in Bronx,New York,Bronx,Commercial,12541628.73,12547.0,0,5,2013.0,2024-07-31,Sold,10,4.7,999.57,13.0,8.3
PROP-11060,2 BHK Apartment for sale in East Austin,Austin,East Austin,Apartment,271134.02,872.0,2,1,1938.0,2024-05-03,Pending,1,4.5,310.93,88.0,4.8
PROP-11061,4 BHK Apartment for sale in West Lake Hills,Austin,West Lake Hills,Apartment,514593.92,787.0,4,3,1979.0,2024-11-12,Pending,8,3.8,653.87,47.0,7.0
PROP-11062,Commercial Space / Office in Marina,San Francisco,Marina,Commercial,9039847.0,9419.0,0,7,1962.0,2024-09-07,Sold,4,3.9,959.75,64.0,5.6
PROP-11063,Commercial Space / Office in Brickell,Miami,Brickell,Commercial,2818000.96,4601.0,0,7,1968.0,2025-01-24,Active,1,4.4,612.48,58.0,4.5
PROP-11064,Commercial Space / Office in SOMA,San Francisco,SOMA,Commercial,24034014.54,14977.0,0,6,1975.0,2024-11-17,Sold,10,4.8,1604.73,51.0,8.1
PROP-11065,Residential plot of 5786 sqft in Lincoln Park,Chicago,Lincoln Park,Plot,3261217.13,5786.0,0,0,1989.5,2024-11-10,Active,5,4.2,563.64,36.5,5.9
PROP-11066,Residential plot of 5670 sqft in Brickell,Miami,Brickell,Plot,3122779.1,5670.0,0,0,1995.5,2024-10-03,Pending,1,4.1,550.75,30.5,4.5
PROP-11067,Residential plot of 3102 sqft in SOMA,San Francisco,SOMA,Plot,4480169.82,3102.0,0,0,1992.0,2025-05-03,Active,10,4.5,1444.28,34.0,8.2
PROP-11068,6 BHK Villa for sale in Downtown,Austin,Downtown,Villa,887407.49,1865.0,6,3,1983.0,2024-04-27,Active,10,4.9,475.82,43.0,8.3
PROP-11069,1 BHK Apartment for sale in Lincoln Park,Chicago,Lincoln Park,Apartment,278461.5,520.0,2,2,1955.0,2024-11-07,Active,3,4.4,535.5,71.0,5.3
PROP-11070,5 BHK Villa for sale in Brooklyn,New York,Brooklyn,Villa,6753783.16,5580.0,5,5,2002.0,2025-09-01,Pending,10,4.7,1210.36,24.0,8.3
PROP-11071,Residential plot of 5888 sqft in Brickell,Miami,Brickell,Plot,3203351.46,5888.0,0,0,1995.5,2024-12-01,Active,2,4.2,544.05,30.5,5.0
PROP-11072,4 BHK Villa for sale in Pacific Heights,San Francisco,Pacific Heights,Villa,6371001.6,3090.0,4,2,1995.0,2025-04-13,Pending,7,3.4,2061.81,31.0,6.3
PROP-11073,Residential plot of 5597 sqft in Loop,Chicago,Loop,Plot,1889267.66,5597.0,0,0,1991.0,2025-08-19,Active,2,4.3,337.55,35.0,4.9
PROP-11074,3 BHK Apartment for sale in Hyde Park,Chicago,Hyde Park,Apartment,237895.2,925.0,3,1,1939.0,2025-01-10,Active,3,4.6,257.18,87.0,5.6
PROP-11075,4 BHK Villa for sale in SOMA,San Francisco,SOMA,Villa,3656289.0,3055.0,4,2,1988.0,2024-12-04,Active,6,3.4,1196.82,38.0,6.2
PROP-11076,Residential plot of 8168 sqft in Bronx,New York,Bronx,Plot,8678500.0,8168.0,0,0,1993.0,2024-05-25,Sold,10,4.8,1062.5,33.0,8.2
PROP-11077,2 BHK Apartment for sale in South Austin,Austin,South Austin,Apartment,1081712.89,2364.0,2,3,1991.0,2024-09-21,Active,4,3.1,457.58,35.0,5.0
PROP-11078,2 BHK Apartment for sale in Loop,Chicago,Loop,Apartment,750567.47,1969.0,2,1,2004.0,2024-10-26,Pending,1,3.9,381.19,22.0,4.1
PROP-11079,Residential plot of 7781 sqft in Bronx,New York,Bronx,Plot,6586544.95,7781.0,0,0,1993.0,2025-09-07,Active,5,3.1,846.49,33.0,5.5
PROP-11080,3 BHK Villa for sale in Lincoln Park,Chicago,Lincoln Park,Villa,2948462.67,5943.0,3,3,1989.0,2024-02-11,Sold,6,3.8,496.12,37.0,6.2
PROP-11081,4 BHK Villa for sale in Marina,San Francisco,Marina,Villa,2377480.2,2425.0,4,2,1988.0,2024-02-18,Pending,9,4.2,980.4,38.0,7.8
PROP-11082,Commercial Space / Office in Bronx,New York,Bronx,Commercial,23661335.59,23727.0,0,2,2011.0,2024-08-18,Pending,2,4.2,997.23,15.0,4.8
PROP-11083,6 BHK Villa for sale in Bronx,New York,Bronx,Villa,2631838.52,2964.0,6,5,1996.0,2025-07-24,Active,1,3.7,887.93,30.0,4.3
PROP-11084,4 BHK Villa for sale in West Lake Hills,Austin,West Lake Hills,Villa,1147669.34,1812.0,4,3,1998.0,2025-03-29,Active,5,4.0,633.37,28.0,6.0
PROP-11085,Residential plot of 9314 sqft in Brooklyn,New York,Brooklyn,Plot,11794948.74,9314.0,0,0,1994.0,2024-03-14,Pending,4,4.6,1266.37,32.0,5.8
PROP-11086,6 BHK Villa for sale in Marina,San Francisco,Marina,Villa,4455184.99,4393.0,6,3,1997.0,2025-05-24,Active,3,4.8,1014.16,29.0,5.7
PROP-11087,Residential plot of 3472 sqft in SOMA,San Francisco,SOMA,Plot,4995729.73,3472.0,0,0,1992.0,2024-04-29,Pending,6,3.1,1438.86,34.0,5.7
PROP-11088,Commercial Space / Office in Little Havana,Miami,Little Havana,Commercial,7553458.24,16180.0,0,4,2001.0,2025-09-29,Sold,3,3.1,466.84,25.0,4.5
PROP-11089,4 BHK Villa for sale in Coral Gables,Miami,Coral Gables,Villa,2244107.16,2676.0,4,2,1982.0,2025-07-01,Active,3,3.1,838.61,44.0,4.6
PROP-11090,2 BHK Apartment for sale in Queens,New York,Queens,Apartment,1874622.42,1602.0,2,2,1989.0,2025-05-26,Pending,1,3.2,1170.18,37.0,3.9
PROP-11091,4 BHK Apartment for sale in South Austin,Austin,South Austin,Apartment,391194.75,863.0,4,2,2001.0,2024-09-07,Sold,6,4.6,453.3,25.0,6.7
PROP-11092,3 BHK Villa for sale in Bronx,New York,Bronx,Villa,3436180.0,3276.0,3,3,2007.0,2024-07-02,Active,1,3.6,1048.89,19.0,3.9
PROP-11093,4 BHK Apartment for sale in Queens,New York,Queens,Apartment,1707390.67,1464.0,4,1,2017.0,2025-09-16,Sold,5,4.2,1166.25,9.0,6.1
PROP-11094,Commercial Space / Office in Manhattan,New York,Manhattan,Commercial,27438503.88,14429.0,0,2,2007.0,2024-06-21,Active,3,3.7,1901.62,19.0,4.9
PROP-11095,Residential plot of 6351 sqft in Mission District,San Francisco,Mission District,Plot,9717268.0,6351.0,0,0,1994.0,2024-10-03,Sold,4,4.1,1530.04,32.0,5.4
PROP-11096,4 BHK Apartment for sale in Lincoln Park,Chicago,Lincoln Park,Apartment,743455.14,1315.0,4,1,1978.0,2024-09-06,Active,9,4.2,565.37,48.0,7.5
PROP-11097,1 BHK Apartment for sale in Marina,San Francisco,Marina,Apartment,2265813.22,1800.0,1,3,1989.0,2025-02-16,Pending,2,3.5,1258.79,37.0,4.2
PROP-11098,3 BHK Villa for sale in Brickell,Miami,Brickell,Villa,2047000.44,3048.0,3,3,2002.0,2025-04-17,Sold,2,4.1,671.59,24.0,4.6
PROP-11099,3 BHK Apartment for sale in River North,Chicago,River North,Apartment,406986.0,1365.0,3,3,1941.0,2025-07-05,Sold,5,3.5,298.16,85.0,5.8
PROP-11100,Commercial Space / Office in South Beach,Miami,South Beach,Commercial,11778664.86,18728.0,0,6,1982.0,2024-07-01,Active,5,4.4,628.93,44.0,6.1
PROP-11101,4 BHK Villa for sale in Pacific Heights,San Francisco,Pacific Heights,Villa,11514019.18,5471.0,4,4,1991.0,2025-08-02,Active,6,3.7,2104.55,35.0,6.1
PROP-11102,Commercial Space / Office in South Austin,Austin,South Austin,Commercial,10471849.04,21558.0,0,9,1991.0,2025-02-25,Pending,2,4.2,485.75,35.0,4.7
PROP-11103,Commercial Space / Office in Little Havana,Miami,Little Havana,Commercial,9602342.24,19322.0,0,7,2003.0,2025-08-07,Pending,2,4.9,496.96,23.0,5.1
PROP-11104,Residential plot of 9503 sqft in River North,Chicago,River North,Plot,3768804.36,9503.0,0,0,1986.0,2024-12-17,Sold,10,4.5,396.59,40.0,8.0
PROP-11105,Residential plot of 3730 sqft in Queens,New York,Queens,Plot,4694717.07,3730.0,0,0,1988.0,2025-06-11,Active,6,4.2,1258.64,38.0,6.4
PROP-11106,3 BHK Apartment for sale in Lincoln Park,Chicago,Lincoln Park,Apartment,775931.77,1319.0,3,3,1990.0,2024-01-19,Active,5,4.1,588.27,36.0,5.8
PROP-11107,Residential plot of 5999 sqft in Brickell,Miami,Brickell,Plot,3779467.86,5999.0,0,0,1995.5,2025-07-07,Sold,10,4.3,630.02,30.5,8.0
PROP-11108,3 BHK Villa for sale in Lincoln Park,Chicago,Lincoln Park,Villa,2319709.78,4835.0,3,2,1980.0,2025-11-26,Pending,7,3.2,479.77,46.0,6.3
PROP-11109,2 BHK Apartment for sale in West Lake Hills,Austin,West Lake Hills,Apartment,1467108.22,2071.0,2,2,1989.0,2024-10-28,Sold,1,4.0,708.41,37.0,4.2
PROP-11110,3 BHK Apartment for sale in Loop,Chicago,Loop,Apartment,415935.54,1375.0,3,3,1935.0,2024-10-04,Pending,5,3.3,302.5,91.0,5.7
PROP-11111,6 BHK Villa for sale in Little Havana,Miami,Little Havana,Villa,898926.31,2116.0,6,3,1988.0,2024-12-18,Pending,8,3.3,424.82,38.0,6.9
PROP-11112,6 BHK Villa for sale in Queens,New York,Queens,Villa,5056336.84,4215.0,6,2,1996.0,2025-05-06,Pending,9,4.8,1199.61,30.0,7.9
PROP-11113,1 BHK Apartment for sale in SOMA,San Francisco,SOMA,Apartment,2925707.65,2200.0,1,1,1956.0,2024-12-22,Active,10,4.7,1329.87,70.0,8.4
PROP-11114,Commercial Space / Office in Lincoln Park,Chicago,Lincoln Park,Commercial,3004688.69,6146.0,0,8,2009.0,2025-10-19,Active,10,4.3,488.89,17.0,8.2
PROP-11115,3 BHK Villa for sale in South Austin,Austin,South Austin,Villa,2243569.0,4361.0,3,5,1987.0,2024-12-01,Sold,2,3.9,514.46,39.0,4.4
PROP-11116,Commercial Space / Office in South Beach,Miami,South Beach,Commercial,6103534.86,11068.0,0,6,1990.0,2025-01-09,Pending,5,3.6,551.46,36.0,5.8
PROP-11117,Residential plot of 4267 sqft in Loop,Chicago,Loop,Plot,1385902.55,4267.0,0,0,1991.0,2025-09-09,Pending,4,4.0,324.8,35.0,5.6
PROP-11118,2 BHK Apartment for sale in Marina,San Francisco,Marina,Apartment,1113117.62,990.0,2,2,1924.0,2025-06-02,Active,9,4.8,1124.36,102.0,8.0
PROP-11119,5 BHK Villa for sale in Downtown,Austin,Downtown,Villa,2694592.86,5446.0,5,5,2000.0,2024-08-05,Sold,6,4.0,494.78,26.0,6.1
PROP-11120,Residential plot of 7250 sqft in River North,Chicago,River North,Plot,2534884.36,7250.0,0,0,1986.0,2025-05-05,Pending,3,4.2,349.64,40.0,5.2
PROP-11121,6 BHK Villa for sale in SOMA,San Francisco,SOMA,Villa,6238985.0,3904.0,6,5,1996.0,2024-12-15,Sold,10,4.0,1598.1,30.0,7.7
PROP-11122,6 BHK Villa for sale in Brooklyn,New York,Brooklyn,Villa,2698855.98,2496.0,6,4,1998.0,2024-10-28,Sold,9,4.3,1081.27,28.0,7.8
PROP-11123,Commercial Space / Office in Lincoln Park,Chicago,Lincoln Park,Commercial,11519133.0,21811.0,0,7,2008.0,2025-06-14,Sold,1,3.4,528.13,18.0,3.9
PROP-11124,3 BHK Villa for sale in Brooklyn,New York,Brooklyn,Villa,7445289.36,5501.0,3,5,1980.0,2025-08-17,Pending,6,4.6,1353.44,46.0,6.5
PROP-11125,2 BHK Apartment for sale in Little Havana,Miami,Little Havana,Apartment,870760.0,1987.0,2,3,1923.0,2025-05-29,Pending,9,4.1,438.23,103.0,7.7
PROP-11126,6 BHK Villa for sale in Downtown,Austin,Downtown,Villa,2315569.22,5447.0,6,2,2003.0,2025-07-27,Pending,10,4.8,425.11,23.0,8.5
PROP-11127,Residential plot of 3073 sqft in Bronx,New York,Bronx,Plot,3103485.24,6041.5,0,0,1993.0,2024-01-21,Active,2,4.2,513.69,33.0,5.5
PROP-11128,Residential plot of 6163 sqft in Brickell,Miami,Brickell,Plot,3530912.82,6163.0,0,0,1995.5,2024-09-06,Active,10,4.5,572.92,30.5,8.3
PROP-11129,Residential plot of 3222 sqft in Manhattan,New York,Manhattan,Plot,5450470.22,3222.0,0,0,1991.0,2025-04-17,Active,8,4.9,1691.64,35.0,7.7
PROP-11130,3 BHK Apartment for sale in Lincoln Park,Chicago,Lincoln Park,Apartment,1034329.0,1913.0,3,3,2012.0,2025-08-04,Pending,4,4.6,540.68,14.0,5.8
PROP-11131,Residential plot of 5035 sqft in Loop,Chicago,Loop,Plot,1543351.17,5035.0,0,0,1991.0,2024-12-08,Pending,4,4.2,306.52,35.0,5.8
PROP-11132,Residential plot of 7437 sqft in Manhattan,New York,Manhattan,Plot,15219970.36,7437.0,0,0,1991.0,2025-09-20,Active,10,4.5,2046.52,35.0,8.0
PROP-11133,Commercial Space / Office in Little Havana,Miami,Little Havana,Commercial,5307350.8,12243.0,0,5,1994.0,2024-03-25,Pending,5,3.1,433.5,32.0,5.5
PROP-11134,Residential plot of 7710 sqft in Hyde Park,Chicago,Hyde Park,Plot,2371378.43,7710.0,0,0,1993.0,2024-02-13,Active,1,3.4,307.57,33.0,3.8
PROP-11135,4 BHK Villa for sale in Mission District,San Francisco,Mission District,Villa,8287161.89,5238.0,4,5,1988.0,2025-06-05,Pending,5,4.4,1582.12,38.0,5.9
PROP-11136,4 BHK Apartment for sale in Bronx,New York,Bronx,Apartment,1565138.96,1514.0,4,2,2008.0,2025-11-06,Sold,1,4.1,1033.78,18.0,4.2
PROP-11137,3 BHK Apartment for sale in East Austin,Austin,East Austin,Apartment,886123.82,2202.0,3,3,2015.0,2024-05-19,Active,8,3.5,402.42,11.0,6.6
PROP-11138,Residential plot of 4327 sqft in Manhattan,New York,Manhattan,Plot,7333123.16,4327.0,0,0,1991.0,2024-08-01,Sold,4,4.0,1694.74,35.0,5.6
PROP-11139,6 BHK Villa for sale in South Austin,Austin,South Austin,Villa,2040179.15,4126.0,6,5,1980.0,2024-04-06,Active,10,4.9,494.47,46.0,8.3
PROP-11140,5 BHK Villa for sale in Brooklyn,New York,Brooklyn,Villa,3958241.09,2891.0,5,4,1990.0,2024-09-25,Active,4,4.2,1369.16,36.0,5.4
PROP-11141,3 BHK Apartment for sale in Downtown,Austin,Downtown,Apartment,786859.41,1912.0,3,1,1992.0,2024-10-04,Active,10,4.1,411.54,34.0,8.1
PROP-11142,Commercial Space / Office in West Lake Hills,Austin,West Lake Hills,Commercial,10504505.13,13772.0,0,6,2015.0,2025-02-20,Active,6,3.2,762.74,11.0,5.6
PROP-11143,Commercial Space / Office in South Austin,Austin,South Austin,Commercial,2115353.88,4535.0,0,10,2013.0,2024-02-06,Pending,9,4.7,466.45,13.0,7.9
PROP-11144,3 BHK Apartment for sale in Mission District,San Francisco,Mission District,Apartment,2687397.33,1717.0,3,1,1970.0,2025-02-28,Active,10,4.4,1565.17,56.0,8.0
PROP-11145,3 BHK Villa for sale in Manhattan,New York,Manhattan,Villa,7463032.28,4532.0,3,2,2009.0,2025-04-17,Active,10,4.1,1646.74,17.0,8.1
PROP-11146,3 BHK Villa for sale in Bronx,New York,Bronx,Villa,2967281.11,2782.0,3,4,2000.0,2024-10-13,Active,8,4.2,1066.6,26.0,7.1
PROP-11147,Commercial Space / Office in East Austin,Austin,East Austin,Commercial,1943705.0,5741.0,0,5,2008.0,2024-05-14,Active,2,4.3,338.57,18.0,4.9
PROP-11148,Residential plot of 8308 sqft in Brooklyn,New York,Brooklyn,Plot,10860392.64,8308.0,0,0,1994.0,2025-04-30,Pending,10,4.7,1307.22,32.0,8.2
PROP-11149,Commercial Space / Office in SOMA,San Francisco,SOMA,Commercial,34276734.98,22349.0,0,9,1998.0,2025-07-24,Sold,5,3.5,1533.7,28.0,5.4
PROP-11150,1 BHK Apartment for sale in Loop,Chicago,Loop,Apartment,601290.75,1677.0,1,2,1988.0,2024-04-03,Pending,9,5.0,358.55,38.0,8.1
PROP-11151,6 BHK Villa for sale in Little Havana,Miami,Little Havana,Villa,2686721.1,5597.0,6,2,1980.0,2024-10-02,Pending,1,4.0,480.03,46.0,4.3
PROP-11152,Residential plot of 2404 sqft in South Beach,Miami,South Beach,Plot,1415217.92,2404.0,0,0,1990.0,2024-02-14,Sold,10,4.8,588.69,36.0,8.4
PROP-11153,6 BHK Villa for sale in SOMA,San Francisco,SOMA,Villa,6351602.3,4003.0,6,4,2008.0,2024-02-10,Active,6,4.1,1586.71,18.0,6.2
PROP-11154,4 BHK Villa for sale in Mission District,San Francisco,Mission District,Villa,9143251.0,5827.0,4,2,2002.0,2024-01-02,Active,1,3.1,1569.12,24.0,3.6
PROP-11155,1 BHK Apartment for sale in River North,Chicago,River North,Apartment,156863.36,506.0,1,1,1952.0,2024-01-03,Active,7,4.1,310.01,74.0,6.9
PROP-11156,Commercial Space / Office in River North,Chicago,River North,Commercial,6648508.48,18752.0,0,7,1979.0,2024-03-25,Sold,7,4.0,354.55,47.0,6.7
PROP-11157,3 BHK Villa for sale in Coral Gables,Miami,Coral Gables,Villa,2182312.78,2772.0,3,3,2008.0,2024-04-08,Active,6,3.2,787.27,18.0,6.0
PROP-11158,3 BHK Apartment for sale in Coral Gables,Miami,Coral Gables,Apartment,1411815.0,1802.0,3,3,1921.0,2024-07-27,Active,5,3.8,783.47,105.0,6.0
PROP-11159,Commercial Space / Office in Coral Gables,Miami,Coral Gables,Commercial,4573992.31,5858.0,0,2,1966.0,2024-05-21,Sold,1,4.6,780.81,60.0,4.8
PROP-11160,Residential plot of 3445 sqft in SOMA,San Francisco,SOMA,Plot,5489980.0,3445.0,0,0,1992.0,2025-02-04,Sold,8,4.0,1593.61,34.0,6.9
PROP-11161,Residential plot of 7743 sqft in Marina,San Francisco,Marina,Plot,8796890.57,7743.0,0,0,1991.5,2024-08-15,Pending,1,3.0,1136.11,34.5,3.7
PROP-11162,4 BHK Apartment for sale in Brickell,Miami,Brickell,Apartment,1032678.6,1906.0,2,1,2000.0,2025-10-08,Pending,10,4.7,541.8,26.0,8.5
PROP-11163,Commercial Space / Office in Queens,New York,Queens,Commercial,3375607.95,2762.0,0,3,1968.0,2025-06-18,Active,1,3.2,1222.16,58.0,3.8
PROP-11164,Residential plot of 3049 sqft in Little Havana,Miami,Little Havana,Plot,1256884.91,3049.0,0,0,1994.0,2024-09-27,Sold,6,3.0,412.23,32.0,5.9
PROP-11165,2 BHK Apartment for sale in East Austin,Austin,East Austin,Apartment,646647.0,1841.0,2,1,1994.0,2024-08-12,Pending,7,4.7,351.25,32.0,7.1
PROP-11166,5 BHK Villa for sale in Pacific Heights,San Francisco,Pacific Heights,Villa,7799681.5,3724.0,5,5,1985.0,2025-02-23,Active,6,4.5,2094.44,41.0,6.6
PROP-11167,Commercial Space / Office in Bronx,New York,Bronx,Commercial,20550490.73,23897.0,0,8,2020.0,2024-05-13,Active,10,4.9,859.96,6.0,8.6
PROP-11168,Commercial Space / Office in Coral Gables,Miami,Coral Gables,Commercial,20069621.25,22705.0,0,4,1997.0,2024-07-31,Active,7,4.9,883.93,29.0,7.2
PROP-11169,4 BHK Villa for sale in South Austin,Austin,South Austin,Villa,1784225.41,4027.0,4,4,1983.0,2025-03-05,Pending,9,4.1,443.07,43.0,7.6
PROP-11170,Residential plot of 1281 sqft in South Austin,Austin,South Austin,Plot,576405.56,1281.0,0,0,1991.0,2025-11-06,Pending,2,4.5,449.97,35.0,5.0
PROP-11171,Commercial Space / Office in Mission District,San Francisco,Mission District,Commercial,1426967.2,13053.0,0,8,1974.0,2024-12-11,Pending,9,4.5,109.32,52.0,9.2
PROP-11172,Commercial Space / Office in Loop,Chicago,Loop,Commercial,492213.22,1599.0,0,7,2014.0,2024-04-13,Active,2,3.3,307.83,12.0,4.5
PROP-11173,3 BHK Apartment for sale in SOMA,San Francisco,SOMA,Apartment,960025.37,604.0,3,3,2015.0,2025-03-10,Active,10,4.7,1589.45,11.0,8.1
PROP-11174,3 BHK Apartment for sale in Mission District,San Francisco,Mission District,Apartment,872969.46,683.0,3,1,1921.0,2025-05-01,Active,2,4.5,1278.14,105.0,5.2
PROP-11175,5 BHK Villa for sale in Manhattan,New York,Manhattan,Villa,4167799.61,2217.0,5,2,2017.0,2025-10-13,Sold,8,4.7,1879.93,9.0,7.4
PROP-11176,2 BHK Apartment for sale in South Austin,Austin,South Austin,Apartment,1131811.26,2389.0,2,3,1987.0,2025-03-30,Active,8,3.3,473.76,39.0,6.6
PROP-11177,2 BHK Apartment for sale in Bronx,New York,Bronx,Apartment,2525307.33,2498.0,2,1,1945.0,2025-08-25,Pending,5,4.2,1010.93,81.0,5.9
PROP-11178,5 BHK Villa for sale in Loop,Chicago,Loop,Villa,746790.82,1922.0,5,4,2009.0,2025-05-27,Active,5,4.3,388.55,17.0,6.0
PROP-11179,4 BHK Apartment for sale in Mission District,San Francisco,Mission District,Apartment,2678706.23,1733.0,4,3,1965.0,2024-09-22,Pending,1,3.8,1545.7,61.0,4.0
PROP-11180,1 BHK Apartment for sale in Coral Gables,Miami,Coral Gables,Apartment,604247.11,612.0,1,2,1958.0,2025-02-01,Pending,1,3.4,987.33,68.0,3.8
PROP-11181,2 BHK Apartment for sale in Pacific Heights,San Francisco,Pacific Heights,Apartment,3399450.89,1683.0,2,2,1989.0,2025-05-30,Active,1,4.2,2019.88,37.0,4.4
PROP-11182,1 BHK Apartment for sale in Mission District,San Francisco,Mission District,Apartment,3530715.47,2366.0,1,2,1980.0,2025-07-17,Sold,5,3.8,1492.27,46.0,5.7
PROP-11183,1 BHK Apartment for sale in Downtown,Austin,Downtown,Apartment,234576.86,534.0,1,2,1983.0,2024-06-08,Sold,9,4.1,439.28,43.0,7.6
PROP-11184,Commercial Space / Office in Mission District,San Francisco,Mission District,Commercial,6081620.09,4227.0,0,4,1974.0,2025-07-30,Active,6,3.7,1438.76,52.0,6.0
PROP-11185,3 BHK Villa for sale in Little Havana,Miami,Little Havana,Villa,2575195.2,4940.0,3,3,1998.0,2025-03-21,Pending,5,4.2,521.29,28.0,5.9
PROP-11186,3 BHK Apartment for sale in Mission District,San Francisco,Mission District,Apartment,1817445.45,1286.0,3,3,1994.0,2025-10-18,Pending,1,3.4,1413.25,32.0,3.9
PROP-11187,Residential plot of 8520 sqft in Hyde Park,Chicago,Hyde Park,Plot,2508495.81,8520.0,0,0,1993.0,2025-01-27,Sold,3,3.7,294.42,33.0,4.9
PROP-11188,Residential plot of 8351 sqft in Marina,San Francisco,Marina,Plot,9119159.54,8351.0,0,0,1991.5,2024-09-13,Pending,7,4.4,1091.98,34.5,7.0
PROP-11189,Commercial Space / Office in Pacific Heights,San Francisco,Pacific Heights,Commercial,31791778.75,14682.0,0,4,1991.0,2024-08-11,Pending,9,4.6,2165.36,35.0,7.9
PROP-11190,5 BHK Villa for sale in Little Havana,Miami,Little Havana,Villa,1856668.71,4541.0,5,3,1996.0,2024-01-27,Sold,3,3.9,408.87,30.0,5.3
PROP-11191,Residential plot of 6270 sqft in Hyde Park,Chicago,Hyde Park,Plot,1708985.6,6270.0,0,0,1993.0,2024-02-29,Sold,10,4.5,272.57,33.0,8.3
PROP-11192,Residential plot of 3964 sqft in Manhattan,New York,Manhattan,Plot,7085660.75,3964.0,0,0,1991.0,2025-02-16,Active,10,4.2,1787.5,35.0,8.0
PROP-11193,3 BHK Apartment for sale in Loop,Chicago,Loop,Apartment,752888.99,2200.0,3,3,1982.0,2024-05-03,Active,7,3.3,342.22,44.0,6.3
PROP-11194,1 BHK Apartment for sale in Little Havana,Miami,Little Havana,Apartment,351444.7,859.0,1,2,1994.0,2025-08-21,Active,3,3.1,409.13,32.0,4.8
PROP-11195,Commercial Space / Office in Queens,New York,Queens,Commercial,20199920.47,17235.0,0,3,1963.0,2024-01-26,Pending,8,4.8,1172.03,63.0,7.7
PROP-11196,Residential plot of 1539 sqft in Marina,San Francisco,Marina,Plot,1615711.42,1539.0,0,0,1991.5,2024-07-22,Pending,8,3.4,1049.84,34.5,6.8
PROP-11197,Residential plot of 8098 sqft in Bronx,New York,Bronx,Plot,8890953.89,8098.0,0,0,1993.0,2025-07-22,Active,10,4.4,1097.92,33.0,7.9
PROP-11198,4 BHK Villa for sale in East Austin,Austin,East Austin,Villa,1176600.54,3642.0,4,5,1994.0,2025-05-20,Active,3,4.8,323.06,32.0,5.7
PROP-11199,6 BHK Villa for sale in Little Havana,Miami,Little Havana,Villa,2386864.34,5238.0,6,5,2021.0,2024-06-24,Active,9,4.4,455.68,5.0,7.8
PROP-11200,Residential plot of 7859 sqft in Loop,Chicago,Loop,Plot,2955449.0,7859.0,0,0,1991.0,2025-01-07,Active,3,3.1,376.06,35.0,4.4
PROP-11201,5 BHK Villa for sale in Mission District,San Francisco,Mission District,Villa,5828224.67,4842.0,5,3,1994.0,2024-09-22,Active,10,4.9,1203.68,32.0,8.6
PROP-11202,5 BHK Villa for sale in Downtown,Austin,Downtown,Villa,2103324.89,4514.0,5,2,1987.0,2024-08-19,Pending,8,4.6,465.96,39.0,7.4
PROP-11203,4 BHK Villa for sale in Coral Gables,Miami,Coral Gables,Villa,2943625.0,3378.0,4,4,1995.0,2024-06-16,Active,1,4.6,871.41,31.0,4.7
PROP-11204,1 BHK Apartment for sale in Pacific Heights,San Francisco,Pacific Heights,Apartment,4590504.32,2301.0,1,2,2019.0,2025-09-04,Sold,10,5.0,1995.0,7.0,8.5
PROP-11205,6 BHK Villa for sale in East Austin,Austin,East Austin,Villa,748587.55,1921.0,6,3,2018.0,2024-10-01,Sold,4,4.8,389.69,8.0,5.8
PROP-11206,Commercial Space / Office in Brooklyn,New York,Brooklyn,Commercial,11703260.52,8606.0,0,8,1968.0,2024-10-07,Active,9,4.2,1359.9,58.0,7.5
PROP-11207,Commercial Space / Office in Little Havana,Miami,Little Havana,Commercial,920694.06,13386.0,0,2,1996.0,2025-11-06,Sold,5,3.6,68.78,30.0,6.9
PROP-11208,Residential plot of 6206 sqft in South Austin,Austin,South Austin,Plot,2792484.69,6206.0,0,0,1991.0,2024-08-02,Active,2,4.2,449.97,35.0,4.8
PROP-11209,Commercial Space / Office in Little Havana,Miami,Little Havana,Commercial,4457346.17,9550.0,0,9,1998.0,2025-01-18,Pending,3,3.3,466.74,28.0,4.7
PROP-11210,4 BHK Apartment for sale in Downtown,Austin,Downtown,Apartment,916743.31,2080.0,4,2,1925.0,2025-10-11,Sold,6,4.9,440.74,101.0,6.8
PROP-11211,4 BHK Apartment for sale in Queens,New York,Queens,Apartment,1506462.92,1196.0,4,3,1989.0,2025-03-19,Sold,6,4.3,1259.58,37.0,6.4
PROP-11212,Commercial Space / Office in Pacific Heights,San Francisco,Pacific Heights,Commercial,32087767.3,14255.0,0,4,1961.0,2024-09-29,Active,10,4.4,2250.98,65.0,8.1
PROP-11213,4 BHK Villa for sale in Downtown,Austin,Downtown,Villa,1190125.99,3102.0,4,3,2002.0,2024-04-18,Pending,9,4.9,383.66,24.0,8.3
PROP-11214,5 BHK Villa for sale in Mission District,San Francisco,Mission District,Villa,5448443.09,3812.0,4,2,1998.0,2024-06-28,Active,10,4.2,1429.29,28.0,8.0
PROP-11215,Commercial Space / Office in Downtown,Austin,Downtown,Commercial,3499674.0,7065.0,0,3,1990.0,2025-10-24,Sold,6,4.2,495.35,36.0,6.3
PROP-11216,3 BHK Villa for sale in SOMA,San Francisco,SOMA,Villa,7184030.78,5598.0,4,2,2017.0,2024-01-06,Pending,3,4.9,1283.32,9.0,5.8
PROP-11217,Commercial Space / Office in Loop,Chicago,Loop,Commercial,5135770.25,13809.0,0,6,1973.0,2024-12-28,Sold,6,3.5,371.91,53.0,5.9
PROP-11218,3 BHK Villa for sale in SOMA,San Francisco,SOMA,Villa,8172339.09,5161.0,3,2,2021.0,2025-09-24,Sold,4,4.9,1583.48,5.0,5.9
PROP-11219,Commercial Space / Office in Downtown,Austin,Downtown,Commercial,8153842.71,16201.0,0,9,2002.0,2025-06-19,Pending,3,3.8,503.29,24.0,4.8
PROP-11220,3 BHK Apartment for sale in Queens,New York,Queens,Apartment,1426479.93,1171.0,3,1,1985.0,2024-01-21,Pending,10,4.2,1218.17,41.0,8.0
PROP-11221,2 BHK Apartment for sale in East Austin,Austin,East Austin,Apartment,297313.58,844.0,2,2,1964.0,2024-12-09,Sold,7,4.1,352.27,62.0,6.8
PROP-11222,Commercial Space / Office in Coral Gables,Miami,Coral Gables,Commercial,11407735.83,14697.0,0,10,1996.0,2025-04-23,Sold,7,4.2,776.19,30.0,7.0
PROP-11223,Residential plot of 5389 sqft in South Austin,Austin,South Austin,Plot,2188157.35,5389.0,0,0,1991.0,2025-02-04,Active,6,4.2,406.04,35.0,6.6
PROP-11224,Residential plot of 1817 sqft in Marina,San Francisco,Marina,Plot,1915822.09,1817.0,0,0,1991.5,2025-10-25,Sold,2,3.6,1054.39,34.5,4.6
PROP-11225,4 BHK Apartment for sale in South Austin,Austin,South Austin,Apartment,963318.5,1990.0,4,1,1989.0,2025-10-29,Pending,7,3.5,484.08,37.0,6.3
PROP-11226,Residential plot of 9510 sqft in South Beach,Miami,South Beach,Plot,5488202.56,9510.0,0,0,1990.0,2025-06-13,Sold,3,4.9,577.1,36.0,5.7
PROP-11227,Residential plot of 1671 sqft in South Beach,Miami,South Beach,Plot,1062005.35,1671.0,0,0,1990.0,2025-10-27,Sold,9,5.0,635.55,36.0,8.0
PROP-11228,6 BHK Villa for sale in Downtown,Austin,Downtown,Villa,1539586.91,3987.0,6,3,1993.0,2025-05-09,Sold,6,3.0,386.15,33.0,5.9
PROP-11229,Commercial Space / Office in SOMA,San Francisco,SOMA,Commercial,24273443.31,19829.0,0,6,2009.0,2024-01-17,Pending,10,4.4,1224.14,17.0,8.3
PROP-11230,4 BHK Villa for sale in Bronx,New York,Bronx,Villa,5457907.0,5197.0,4,4,2023.0,2025-06-11,Sold,8,5.0,1050.2,3.0,7.6
PROP-11231,3 BHK Apartment for sale in South Austin,Austin,South Austin,Apartment,272520.57,620.0,3,3,1991.0,2024-03-20,Pending,8,3.1,439.55,35.0,6.6
PROP-11232,3 BHK Villa for sale in South Beach,Miami,South Beach,Villa,1728762.05,3252.0,3,3,2011.0,2024-06-06,Pending,6,4.5,531.6,15.0,6.8
PROP-11233,Commercial Space / Office in East Austin,Austin,East Austin,Commercial,2190781.16,6168.0,0,2,1973.0,2025-08-28,Sold,4,4.9,355.19,53.0,6.0
PROP-11234,Residential plot of 7857 sqft in South Beach,Miami,South Beach,Plot,4642979.5,7857.0,0,0,1990.0,2025-01-24,Active,10,4.5,590.94,36.0,8.2
PROP-11235,5 BHK Villa for sale in Brickell,Miami,Brickell,Villa,3812529.18,5999.0,5,3,1996.0,2025-11-25,Active,8,4.4,635.53,30.0,7.3
PROP-11236,Residential plot of 2686 sqft in South Austin,Austin,South Austin,Plot,1165046.71,2686.0,0,0,1991.0,2024-09-15,Sold,3,4.2,433.75,35.0,5.3
PROP-11237,Commercial Space / Office in Loop,Chicago,Loop,Commercial,7503855.73,20630.0,0,4,1986.0,2024-02-13,Active,4,3.1,363.74,40.0,4.9
PROP-11238,Commercial Space / Office in Bronx,New York,Bronx,Commercial,19944030.78,18324.0,0,4,1998.0,2025-07-17,Pending,5,4.2,1088.41,28.0,5.8
PROP-11239,Commercial Space / Office in Pacific Heights,San Francisco,Pacific Heights,Commercial,8309130.23,3910.0,0,3,1986.0,2025-03-09,Sold,2,4.4,2125.1,40.0,5.0
PROP-11240,2 BHK Apartment for sale in River North,Chicago,River North,Apartment,575899.67,1586.0,2,1,1950.0,2025-04-12,Active,7,3.4,363.11,76.0,6.3
PROP-11241,Commercial Space / Office in Pacific Heights,San Francisco,Pacific Heights,Commercial,8231920.91,3661.0,0,4,1960.0,2024-10-29,Sold,3,4.2,2248.54,66.0,5.2
PROP-11242,Commercial Space / Office in Brooklyn,New York,Brooklyn,Commercial,11145391.68,9147.0,0,2,1994.0,2024-09-29,Pending,1,3.5,1218.48,32.0,4.0
PROP-11243,Residential plot of 6051 sqft in South Austin,Austin,South Austin,Plot,2348840.0,6051.0,0,0,1991.0,2024-12-29,Pending,5,4.0,388.17,35.0,6.1
PROP-11244,4 BHK Villa for sale in East Austin,Austin,East Austin,Villa,1612900.05,4028.0,4,2,2002.0,2025-08-06,Pending,4,4.0,400.42,24.0,5.3
PROP-11245,Commercial Space / Office in Marina,San Francisco,Marina,Commercial,16957230.65,16191.0,0,10,1986.0,2024-03-16,Sold,5,4.1,1047.32,40.0,6.0
PROP-11246,4 BHK Villa for sale in Mission District,San Francisco,Mission District,Villa,7089489.58,4969.0,4,3,2006.0,2024-05-11,Pending,7,3.1,1426.74,20.0,6.1
PROP-11247,6 BHK Villa for sale in Lincoln Park,Chicago,Lincoln Park,Villa,2954146.22,5711.0,6,5,2011.0,2024-07-10,Pending,1,3.6,517.27,15.0,4.1
PROP-11248,Residential plot of 9648 sqft in Brickell,Miami,Brickell,Plot,6216075.0,5742.0,0,0,1995.5,2025-09-05,Active,7,3.0,1082.56,30.5,4.9
PROP-11249,2 BHK Apartment for sale in River North,Chicago,River North,Apartment,754891.22,2017.0,2,1,1956.0,2025-07-31,Pending,2,3.0,374.26,70.0,4.0
PROP-11250,Commercial Space / Office in Lincoln Park,Chicago,Lincoln Park,Commercial,10842041.43,22999.0,0,8,1979.0,2025-11-14,Active,5,4.8,471.41,47.0,6.5
PROP-11251,6 BHK Villa for sale in SOMA,San Francisco,SOMA,Villa,9146963.32,5768.0,6,5,2018.0,2024-04-14,Pending,10,4.4,1585.81,8.0,8.0
PROP-11252,6 BHK Villa for sale in Queens,New York,Queens,Villa,3111414.61,2497.0,6,4,1995.0,2024-01-03,Pending,7,3.2,1246.06,31.0,6.1
PROP-11253,5 BHK Villa for sale in Downtown,Austin,Downtown,Villa,2475992.0,5820.0,5,2,1990.0,2024-03-15,Pending,10,4.4,425.43,36.0,8.2
PROP-11254,Commercial Space / Office in Downtown,Austin,Downtown,Commercial,7717457.26,19861.0,0,4,2021.0,2024-12-07,Sold,10,4.2,388.57,5.0,8.2
PROP-11255,Residential plot of 8349 sqft in South Austin,Austin,South Austin,Plot,3516536.24,8349.0,0,0,1991.0,2025-09-15,Pending,8,3.9,421.19,35.0,7.1
PROP-11256,4 BHK Apartment for sale in SOMA,San Francisco,SOMA,Apartment,2341372.81,1916.0,4,2,1961.0,2025-09-14,Pending,3,5.0,1222.01,65.0,5.9
PROP-11257,Residential plot of 7283 sqft in Pacific Heights,San Francisco,Pacific Heights,Plot,13883793.9,7283.0,0,0,1991.0,2024-09-18,Active,9,4.5,1906.33,35.0,7.9
PROP-11258,Residential plot of 7429 sqft in Queens,New York,Queens,Plot,9366985.98,7429.0,0,0,1988.0,2024-09-11,Active,7,3.1,1260.87,38.0,6.1
PROP-11259,Residential plot of 6107 sqft in Brooklyn,New York,Brooklyn,Plot,6486871.77,6107.0,0,0,1994.0,2024-10-09,Active,10,4.7,1062.2,32.0,8.5
PROP-11260,4 BHK Villa for sale in Marina,San Francisco,Marina,Villa,2420181.98,2126.0,4,4,2014.0,2025-12-01,Sold,1,4.3,1138.37,12.0,4.4
PROP-11261,Commercial Space / Office in Bronx,New York,Bronx,Commercial,7856129.18,7675.0,0,5,1981.0,2024-05-15,Active,10,4.3,1023.6,45.0,8.0
PROP-11262,Commercial Space / Office in River North,Chicago,River North,Commercial,8225365.1,20548.0,0,4,1962.0,2024-04-30,Sold,2,4.1,400.3,64.0,4.6
PROP-11263,6 BHK Villa for sale in Mission District,San Francisco,Mission District,Villa,3677738.45,2989.0,6,5,1986.0,2025-07-04,Pending,9,4.2,1230.42,40.0,7.8
PROP-11264,4 BHK Villa for sale in West Lake Hills,Austin,West Lake Hills,Villa,2512340.86,4368.0,4,5,2023.0,2025-05-03,Pending,5,3.6,575.17,3.0,5.9
PROP-11265,Commercial Space / Office in SOMA,San Francisco,SOMA,Commercial,12791962.27,10478.0,0,8,2007.0,2025-09-24,Sold,6,4.2,1220.84,19.0,6.6
PROP-11266,3 BHK Villa for sale in Marina,San Francisco,Marina,Villa,6245173.38,4879.0,3,4,1994.0,2024-05-21,Active,9,4.1,1280.01,32.0,7.3
PROP-11267,1 BHK Apartment for sale in Loop,Chicago,Loop,Apartment,317403.1,984.0,2,2,1970.0,2024-01-09,Active,9,4.1,322.56,56.0,7.7
PROP-11268,3 BHK Villa for sale in Mission District,San Francisco,Mission District,Villa,4666799.94,3743.0,3,3,2003.0,2025-09-14,Active,4,4.5,1246.81,23.0,5.9
PROP-11269,4 BHK Apartment for sale in Brooklyn,New York,Brooklyn,Apartment,2363313.4,1776.0,4,1,1937.0,2025-04-19,Pending,5,4.2,1330.69,89.0,5.9
PROP-11270,Residential plot of 9418 sqft in East Austin,Austin,East Austin,Plot,2974023.55,9418.0,0,0,1994.0,2025-07-24,Sold,2,4.4,315.78,32.0,5.1
PROP-11271,Residential plot of 7654 sqft in Pacific Heights,San Francisco,Pacific Heights,Plot,14418966.21,7654.0,0,0,1991.0,2024-06-20,Sold,6,3.3,1883.85,35.0,6.0
PROP-11272,6 BHK Villa for sale in River North,Chicago,River North,Villa,935576.08,2640.0,6,3,1986.0,2024-02-01,Pending,8,4.7,354.38,40.0,7.5
PROP-11273,Residential plot of 2163 sqft in Queens,New York,Queens,Plot,2497843.6,2163.0,0,0,1988.0,2024-07-22,Active,8,3.5,1154.81,38.0,6.9
PROP-11274,4 BHK Apartment for sale in Queens,New York,Queens,Apartment,1821692.25,1578.0,4,3,1927.0,2024-07-02,Active,4,3.5,1154.43,99.0,5.3
PROP-11275,Residential plot of 1891 sqft in South Austin,Austin,South Austin,Plot,804824.57,1891.0,0,0,1991.0,2025-04-16,Sold,2,4.5,425.61,35.0,5.1
PROP-11276,6 BHK Villa for sale in Hyde Park,Chicago,Hyde Park,Villa,1160880.43,4504.0,6,2,2015.0,2024-11-26,Pending,5,4.3,257.74,11.0,6.2
PROP-11277,Commercial Space / Office in SOMA,San Francisco,SOMA,Commercial,29068459.03,18762.0,0,6,1975.0,2025-10-19,Active,5,3.1,1549.33,51.0,5.2
PROP-11278,5 BHK Villa for sale in Marina,San Francisco,Marina,Villa,5190235.97,5116.0,5,4,1982.0,2025-07-28,Pending,4,4.5,1014.51,44.0,5.9
PROP-11279,4 BHK Villa for sale in Brickell,Miami,Brickell,Villa,3632599.35,5678.0,4,3,1994.0,2024-12-12,Active,3,3.5,639.77,32.0,4.7
PROP-11280,5 BHK Villa for sale in Brickell,Miami,Brickell,Villa,2789677.0,4084.0,5,3,1993.0,2025-05-21,Sold,10,4.9,683.07,33.0,8.3
PROP-11281,Commercial Space / Office in East Austin,Austin,East Austin,Commercial,5694858.0,15501.0,0,7,1987.0,2025-09-15,Active,9,4.1,367.39,39.0,7.5
PROP-11282,Commercial Space / Office in SOMA,San Francisco,SOMA,Commercial,7213046.66,5203.0,0,9,1988.0,2024-08-11,Active,9,4.5,1386.32,38.0,7.8
PROP-11283,3 BHK Apartment for sale in Loop,Chicago,Loop,Apartment,554081.17,1643.0,3,1,1950.0,2024-02-05,Pending,3,4.2,337.24,76.0,5.3
PROP-11284,3 BHK Villa for sale in Hyde Park,Chicago,Hyde Park,Villa,1218531.81,4013.0,3,5,2010.0,2025-01-10,Pending,8,3.8,303.65,16.0,6.8
PROP-11285,6 BHK Villa for sale in Brooklyn,New York,Brooklyn,Villa,6056842.56,4723.0,6,4,2006.0,2024-10-16,Pending,6,4.2,1282.41,20.0,6.3
PROP-11286,4 BHK Apartment for sale in Little Havana,Miami,Little Havana,Apartment,888153.63,1726.0,4,1,1995.0,2024-11-18,Active,5,4.2,514.57,31.0,5.9
PROP-11287,6 BHK Villa for sale in SOMA,San Francisco,SOMA,Villa,4814809.45,3907.0,6,2,1988.0,2025-07-15,Sold,4,4.3,1232.35,38.0,5.9
PROP-11288,6 BHK Villa for sale in Manhattan,New York,Manhattan,Villa,11094335.51,5489.0,6,3,1988.0,2025-08-28,Sold,7,4.9,2021.19,38.0,7.0
PROP-11289,6 BHK Villa for sale in River North,Chicago,River North,Villa,1155486.0,3479.0,6,5,1983.0,2025-07-13,Pending,2,3.8,332.13,43.0,4.7
PROP-11290,Residential plot of 9789 sqft in Coral Gables,Miami,Coral Gables,Plot,10058843.21,9789.0,0,0,1991.0,2024-10-04,Sold,6,4.0,1027.57,35.0,6.1
PROP-11291,2 BHK Apartment for sale in Lincoln Park,Chicago,Lincoln Park,Apartment,379011.27,815.0,2,2,2022.0,2025-07-10,Active,7,3.2,465.04,4.0,6.4
PROP-11292,Residential plot of 9564 sqft in River North,Chicago,River North,Plot,3796308.37,9564.0,0,0,1986.0,2024-11-26,Pending,8,3.7,396.94,40.0,6.7
PROP-11293,4 BHK Apartment for sale in Downtown,Austin,Downtown,Apartment,768285.17,1572.0,4,2,1986.0,2025-02-28,Active,7,4.4,488.73,40.0,6.8
PROP-11294,3 BHK Apartment for sale in East Austin,Austin,East Austin,Apartment,946120.1,2410.0,3,1,1938.0,2024-07-25,Pending,9,4.0,392.58,88.0,7.3
PROP-11295,Commercial Space / Office in Loop,Chicago,Loop,Commercial,986839.0,2493.0,0,6,2011.0,2024-06-06,Sold,7,3.1,395.84,15.0,6.0
PROP-11296,Residential plot of 4483 sqft in Brickell,Miami,Brickell,Plot,2503489.51,4483.0,0,0,1995.5,2025-08-15,Pending,2,4.6,558.44,30.5,5.2
PROP-11297,Residential plot of 3504 sqft in Little Havana,Miami,Little Havana,Plot,1709792.11,3504.0,0,0,1994.0,2024-04-22,Pending,10,4.0,487.95,32.0,7.9
PROP-11298,2 BHK Apartment for sale in River North,Chicago,River North,Apartment,560222.16,1520.0,2,3,1952.0,2024-12-10,Sold,9,4.7,368.57,74.0,7.8
PROP-11299,Residential plot of 6441 sqft in Brooklyn,New York,Brooklyn,Plot,7776930.56,6441.0,0,0,1994.0,2025-09-17,Active,8,3.4,1207.41,32.0,6.7
PROP-11300,Residential plot of 8541 sqft in River North,Chicago,River North,Plot,2866105.84,8541.0,0,0,1986.0,2025-01-09,Active,5,3.1,335.57,40.0,5.4
PROP-11301,3 BHK Apartment for sale in Brickell,Miami,Brickell,Apartment,1480032.7,2218.0,3,3,1986.0,2025-06-10,Pending,2,4.1,667.28,40.0,4.6
PROP-11302,6 BHK Villa for sale in West Lake Hills,Austin,West Lake Hills,Villa,3229054.95,5240.0,6,4,2013.0,2025-03-30,Active,7,3.8,616.23,13.0,6.7
PROP-11303,6 BHK Villa for sale in Manhattan,New York,Manhattan,Villa,5504098.9,3001.0,6,4,2001.0,2025-02-28,Sold,3,4.9,1834.09,25.0,5.6
PROP-11304,2 BHK Apartment for sale in Bronx,New York,Bronx,Apartment,2336891.13,2310.0,2,1,1980.0,2025-08-09,Sold,7,3.6,1011.64,46.0,6.4
PROP-11305,Commercial Space / Office in Coral Gables,Miami,Coral Gables,Commercial,22464847.17,24044.0,0,6,1964.0,2025-03-31,Pending,6,3.4,934.32,62.0,5.9
PROP-11306,5 BHK Villa for sale in South Beach,Miami,South Beach,Villa,1403317.01,2343.0,5,2,2000.0,2024-02-29,Pending,8,4.0,598.94,26.0,7.1
PROP-11307,Commercial Space / Office in Coral Gables,Miami,Coral Gables,Commercial,14693044.3,18207.0,0,2,2015.0,2024-01-18,Pending,2,3.3,807.0,11.0,4.4
PROP-11308,4 BHK Apartment for sale in South Beach,Miami,South Beach,Apartment,528143.95,816.0,4,3,2020.0,2025-06-07,Active,10,4.2,647.24,6.0,7.9
PROP-11309,Commercial Space / Office in Brickell,Miami,Brickell,Commercial,11778647.99,20316.0,0,10,1969.0,2025-09-13,Active,5,4.8,579.77,57.0,6.5
PROP-11310,Residential plot of 7893 sqft in Loop,Chicago,Loop,Plot,2754950.06,7893.0,0,0,1991.0,2025-04-16,Pending,9,4.9,349.04,35.0,8.0
PROP-11311,Commercial Space / Office in Loop,Chicago,Loop,Commercial,1653200.35,4327.0,0,4,2013.0,2024-08-11,Pending,6,4.3,382.07,13.0,6.3
PROP-11312,Commercial Space / Office in South Austin,Austin,South Austin,Commercial,8846843.0,13333.0,0,6,2005.0,2024-09-26,Pending,9,4.1,663.53,21.0,6.9
PROP-11313,Residential plot of 4251 sqft in Brooklyn,New York,Brooklyn,Plot,4949076.63,4251.0,0,0,1994.0,2025-03-30,Sold,7,4.6,1164.21,32.0,7.1
PROP-11314,Commercial Space / Office in Little Havana,Miami,Little Havana,Commercial,3101095.41,5657.0,0,5,1994.0,2025-10-04,Pending,9,4.4,548.19,32.0,7.5
PROP-11315,Residential plot of 2087 sqft in Marina,San Francisco,Marina,Plot,2289760.72,2087.0,0,0,1991.5,2024-05-17,Pending,4,4.5,1097.15,34.5,5.8
PROP-11316,Commercial Space / Office in Little Havana,Miami,Little Havana,Commercial,9758013.13,20707.0,0,4,2002.0,2024-04-16,Sold,4,4.4,471.24,24.0,5.7
PROP-11317,3 BHK Villa for sale in South Austin,Austin,South Austin,Villa,1668332.5,4258.0,3,5,2003.0,2024-12-21,Pending,9,4.4,391.81,23.0,7.9
PROP-11318,5 BHK Villa for sale in Hyde Park,Chicago,Hyde Park,Villa,733587.63,2802.0,5,4,2014.0,2024-03-25,Pending,5,4.5,261.81,12.0,6.3
PROP-11319,1 BHK Apartment for sale in SOMA,San Francisco,SOMA,Apartment,2590515.48,1656.0,1,3,1956.0,2024-04-11,Pending,7,4.3,1564.32,70.0,6.7
PROP-11320,2 BHK Apartment for sale in River North,Chicago,River North,Apartment,560873.72,1711.0,2,3,1971.0,2025-10-14,Active,1,4.2,327.8,55.0,4.5
PROP-11321,4 BHK Apartment for sale in Little Havana,Miami,Little Havana,Apartment,575159.0,1351.0,4,2,1978.0,2025-01-21,Pending,7,4.9,425.73,48.0,7.4
PROP-11322,5 BHK Villa for sale in Brooklyn,New York,Brooklyn,Villa,4841970.73,3603.0,5,2,1984.0,2024-08-01,Pending,9,4.4,1343.87,42.0,7.5
PROP-11323,Residential plot of 2970 sqft in South Austin,Austin,South Austin,Plot,1246024.76,2970.0,0,0,1991.0,2024-01-28,Active,4,4.6,419.54,35.0,6.0
PROP-11324,3 BHK Villa for sale in West Lake Hills,Austin,West Lake Hills,Villa,1500560.96,2230.0,3,5,1995.0,2024-05-11,Active,10,4.8,672.9,31.0,8.4
PROP-11325,Commercial Space / Office in SOMA,San Francisco,SOMA,Commercial,13886437.6,9608.0,0,3,1979.0,2024-01-27,Sold,8,3.0,1445.3,47.0,6.4
PROP-11326,Residential plot of 8882 sqft in Pacific Heights,San Francisco,Pacific Heights,Plot,16641577.76,8882.0,0,0,1991.0,2025-06-30,Active,10,4.5,1873.63,35.0,8.4
PROP-11327,4 BHK Apartment for sale in East Austin,Austin,East Austin,Apartment,753978.4,1906.0,4,2,1994.0,2024-06-01,Active,5,4.4,395.58,32.0,6.0
PROP-11328,2 BHK Apartment for sale in Mission District,San Francisco,Mission District,Apartment,1586179.51,1084.0,2,2,1983.0,2025-03-11,Active,1,4.4,1463.27,43.0,4.5
PROP-11329,5 BHK Villa for sale in Mission District,San Francisco,Mission District,Villa,3224728.45,2490.0,5,2,1984.0,2025-03-19,Pending,3,4.3,1295.07,42.0,5.4
PROP-11330,Residential plot of 5934 sqft in Bronx,New York,Bronx,Plot,5062388.49,5934.0,0,0,1993.0,2025-04-10,Pending,9,4.0,853.12,33.0,7.7
PROP-11331,Residential plot of 4214 sqft in Mission District,San Francisco,Mission District,Plot,5036318.69,4214.0,0,0,1994.0,2024-02-04,Active,1,3.4,1195.14,32.0,4.2
PROP-11332,3 BHK Villa for sale in Downtown,Austin,Downtown,Villa,2034376.0,4161.0,3,2,1998.0,2024-01-28,Pending,3,3.2,488.92,28.0,4.5
PROP-11333,4 BHK Villa for sale in River North,Chicago,River North,Villa,964350.0,2952.0,4,3,1988.0,2024-02-02,Active,10,4.7,326.68,38.0,8.4
PROP-11334,3 BHK Apartment for sale in South Beach,Miami,South Beach,Apartment,628385.48,1024.0,3,1,1948.0,2024-07-16,Active,8,3.4,613.66,78.0,6.7
PROP-11335,Residential plot of 3068 sqft in East Austin,Austin,East Austin,Plot,1010569.93,3068.0,0,0,1994.0,2024-07-09,Pending,5,4.2,329.39,32.0,6.1
PROP-11336,3 BHK Villa for sale in Little Havana,Miami,Little Havana,Villa,1518395.09,3224.0,3,4,1995.0,2025-04-09,Pending,4,3.6,470.97,31.0,5.3
PROP-11337,Residential plot of 7285 sqft in West Lake Hills,Austin,West Lake Hills,Plot,5628186.17,7285.0,0,0,1990.0,2025-02-17,Pending,10,4.3,772.57,36.0,7.9
PROP-11338,Commercial Space / Office in Mission District,San Francisco,Mission District,Commercial,6755433.97,4448.0,0,6,1990.0,2025-01-13,Pending,10,4.2,1518.76,36.0,7.8
PROP-11339,6 BHK Villa for sale in River North,Chicago,River North,Villa,1367635.63,3507.0,6,3,2020.0,2025-08-13,Pending,4,3.3,389.97,6.0,4.9
PROP-11340,Residential plot of 2340 sqft in Pacific Heights,San Francisco,Pacific Heights,Plot,4407839.66,2340.0,0,0,1991.0,2025-04-13,Sold,7,4.9,1883.69,35.0,7.4
PROP-11341,Commercial Space / Office in South Austin,Austin,South Austin,Commercial,8221679.76,17390.0,0,8,1975.0,2024-01-27,Active,7,4.5,472.78,51.0,6.9
PROP-11342,2 BHK Apartment for sale in South Beach,Miami,South Beach,Apartment,1362133.11,2262.0,2,3,1984.0,2025-02-07,Sold,6,4.4,602.18,42.0,6.5
PROP-11343,4 BHK Apartment for sale in Bronx,New York,Bronx,Apartment,1140883.04,1060.0,4,2,1990.0,2024-01-20,Active,7,4.5,1076.3,36.0,6.8
PROP-11344,Commercial Space / Office in Pacific Heights,San Francisco,Pacific Heights,Commercial,21748192.13,11594.0,0,6,2013.0,2025-08-15,Sold,3,3.8,1875.81,13.0,5.2
PROP-11345,3 BHK Villa for sale in Mission District,San Francisco,Mission District,Villa,5811605.98,4262.0,3,3,2005.0,2024-09-25,Sold,2,5.0,1363.59,21.0,5.3
PROP-11346,Commercial Space / Office in Loop,Chicago,Loop,Commercial,5086931.47,14490.0,0,10,1974.0,2024-08-13,Active,2,4.2,351.06,52.0,4.8
PROP-11347,2 BHK Apartment for sale in Lincoln Park,Chicago,Lincoln Park,Apartment,538216.2,898.0,2,1,1954.0,2024-08-08,Sold,7,4.7,599.35,72.0,6.9
PROP-11348,4 BHK Apartment for sale in Queens,New York,Queens,Apartment,2493430.0,2271.0,4,2,1996.0,2024-03-16,Sold,2,3.2,1097.94,30.0,4.4
PROP-11349,6 BHK Villa for sale in Manhattan,New York,Manhattan,Villa,5302494.13,3033.0,6,5,1987.0,2025-07-11,Sold,4,4.8,1748.27,39.0,6.0
PROP-11350,Residential plot of 1981 sqft in East Austin,Austin,East Austin,Plot,651014.5,1981.0,0,0,1994.0,2024-07-21,Active,8,4.1,328.63,32.0,7.3
PROP-11351,Commercial Space / Office in South Beach,Miami,South Beach,Commercial,2156941.96,3616.0,0,7,2010.0,2024-03-29,Active,6,4.8,596.5,16.0,6.8
PROP-11352,Commercial Space / Office in Brooklyn,New York,Brooklyn,Commercial,8239359.18,6294.0,0,10,1995.0,2024-03-31,Active,3,4.7,1309.08,31.0,5.5
PROP-11353,Commercial Space / Office in Brooklyn,New York,Brooklyn,Commercial,22716032.17,17084.0,0,8,1978.0,2024-07-11,Active,9,4.1,1329.67,48.0,7.5
PROP-11354,3 BHK Villa for sale in Loop,Chicago,Loop,Villa,1185500.0,3043.0,3,4,1998.0,2024-03-18,Active,6,3.4,389.58,28.0,5.8
PROP-11355,Residential plot of 6294 sqft in Hyde Park,Chicago,Hyde Park,Plot,1590758.34,6294.0,0,0,1993.0,2025-11-02,Pending,2,3.0,252.74,33.0,4.3
PROP-11356,Residential plot of 7978 sqft in Bronx,New York,Bronx,Plot,7407117.0,7978.0,0,0,1993.0,2024-10-16,Sold,4,5.0,928.44,33.0,6.2
PROP-11357,Residential plot of 4411 sqft in West Lake Hills,Austin,West Lake Hills,Plot,2857393.37,4411.0,0,0,1990.0,2025-05-31,Active,3,3.9,647.79,36.0,5.1
PROP-11358,Residential plot of 5243 sqft in Pacific Heights,San Francisco,Pacific Heights,Plot,10623117.03,5243.0,0,0,1991.0,2024-01-09,Sold,1,3.2,2026.15,35.0,3.9
PROP-11359,Commercial Space / Office in Mission District,San Francisco,Mission District,Commercial,14160581.89,9541.0,0,2,2010.0,2025-03-31,Active,1,3.0,1484.18,16.0,3.5
PROP-11360,3 BHK Villa for sale in Downtown,Austin,Downtown,Villa,1196290.83,2952.0,3,5,2006.0,2025-05-28,Active,8,4.7,405.25,20.0,7.7
PROP-11361,Residential plot of 6353 sqft in Pacific Heights,San Francisco,Pacific Heights,Plot,14807488.31,6353.0,0,0,1991.0,2025-06-22,Sold,10,4.0,2330.79,35.0,7.7
PROP-11362,3 BHK Villa for sale in West Lake Hills,Austin,West Lake Hills,Villa,1866323.86,2633.0,3,3,1990.0,2024-11-17,Pending,3,3.3,708.82,36.0,4.6
PROP-11363,Commercial Space / Office in Downtown,Austin,Downtown,Commercial,8556388.08,20621.0,0,9,1993.0,2024-05-10,Active,4,3.0,414.94,33.0,5.0
PROP-11364,2 BHK Apartment for sale in South Austin,Austin,South Austin,Apartment,1153611.2,2285.0,2,3,2017.0,2025-11-02,Pending,9,4.5,504.86,9.0,7.6
PROP-11365,Commercial Space / Office in Brickell,Miami,Brickell,Commercial,8282314.11,12283.0,0,9,2022.0,2025-10-19,Active,4,3.9,674.29,4.0,5.3
PROP-11366,3 BHK Villa for sale in Little Havana,Miami,Little Havana,Villa,2485129.0,5097.0,3,4,2001.0,2024-12-18,Pending,10,4.2,487.57,25.0,8.0
PROP-11367,Residential plot of 3510 sqft in River North,Chicago,River North,Plot,1235805.36,3510.0,0,0,1986.0,2025-07-10,Pending,2,4.5,352.08,40.0,5.0
PROP-11368,Commercial Space / Office in Hyde Park,Chicago,Hyde Park,Commercial,930076.0,3719.0,0,8,1980.0,2025-02-28,Active,7,4.3,250.09,46.0,7.0
PROP-11369,4 BHK Villa for sale in Mission District,San Francisco,Mission District,Villa,6599042.04,5064.0,4,5,1998.0,2025-04-15,Pending,3,3.6,1303.13,28.0,4.9
PROP-11370,Residential plot of 1522 sqft in South Austin,Austin,South Austin,Plot,638444.6,1522.0,0,0,1991.0,2025-04-10,Pending,2,4.4,419.48,35.0,5.0
PROP-11371,Residential plot of 8512 sqft in Queens,New York,Queens,Plot,9545730.52,8512.0,0,0,1988.0,2025-08-21,Pending,3,4.7,1121.44,38.0,5.6
PROP-11372,2 BHK Apartment for sale in Pacific Heights,San Francisco,Pacific Heights,Apartment,3868252.85,2062.0,2,1,2004.0,2024-12-12,Pending,6,3.4,1875.97,22.0,6.1
PROP-11373,Residential plot of 3290 sqft in Lincoln Park,Chicago,Lincoln Park,Plot,1732912.57,3290.0,0,0,1989.5,2025-02-05,Sold,10,4.4,526.72,36.5,8.2
PROP-11374,Residential plot of 7672 sqft in SOMA,San Francisco,SOMA,Plot,10624833.92,7672.0,0,0,1992.0,2024-06-30,Pending,6,4.2,1384.88,34.0,6.4
PROP-11375,4 BHK Villa for sale in Bronx,New York,Bronx,Villa,2038690.0,2070.0,4,2,1993.0,2025-05-27,Sold,6,3.0,984.87,33.0,5.7
PROP-11376,3 BHK Villa for sale in SOMA,San Francisco,SOMA,Villa,7032686.69,5791.0,3,2,1980.0,2024-01-23,Sold,8,3.9,1214.42,46.0,7.3
PROP-11377,Residential plot of 1040 sqft in Loop,Chicago,Loop,Plot,388798.68,1040.0,0,0,1991.0,2025-08-16,Active,4,3.0,373.84,35.0,4.8
PROP-11378,4 BHK Apartment for sale in SOMA,San Francisco,SOMA,Apartment,2592740.63,1833.0,2,2,2020.0,2024-03-18,Pending,7,3.9,1414.48,6.0,6.6
PROP-11379,4 BHK Apartment for sale in South Austin,Austin,South Austin,Apartment,1193509.4,1568.5,2,2,1973.0,2024-12-14,Active,8,4.3,760.92,53.0,6.3
PROP-11380,Commercial Space / Office in West Lake Hills,Austin,West Lake Hills,Commercial,14794252.4,24637.0,0,2,1969.0,2024-03-11,Pending,8,4.3,600.49,57.0,7.5
PROP-11382,4 BHK Villa for sale in Manhattan,New York,Manhattan,Villa,6726519.63,4352.0,4,2,1982.0,2024-09-07,Pending,6,4.1,1545.62,44.0,6.6
PROP-11383,Commercial Space / Office in SOMA,San Francisco,SOMA,Commercial,27859299.89,20642.0,0,10,2014.0,2025-09-19,Pending,10,4.1,1349.64,12.0,8.0
PROP-11384,3 BHK Villa for sale in South Beach,Miami,South Beach,Villa,1912917.18,2942.0,3,2,1986.0,2025-11-14,Pending,8,3.3,650.21,40.0,6.5
PROP-11385,Commercial Space / Office in Downtown,Austin,Downtown,Commercial,4361274.0,10163.0,0,7,2020.0,2024-09-11,Pending,9,4.8,429.13,6.0,8.1
PROP-11386,5 BHK Villa for sale in West Lake Hills,Austin,West Lake Hills,Villa,2644635.22,4159.0,5,2,1981.0,2025-10-02,Active,7,4.2,635.88,45.0,6.9
PROP-11387,6 BHK Villa for sale in Mission District,San Francisco,Mission District,Villa,8287628.04,5223.0,6,3,2018.0,2024-11-23,Sold,8,4.2,1586.76,8.0,7.0
PROP-11388,Residential plot of 4048 sqft in Queens,New York,Queens,Plot,4343681.85,4048.0,0,0,1988.0,2024-07-19,Pending,8,4.1,1073.04,38.0,7.3
PROP-11389,Commercial Space / Office in Queens,New York,Queens,Commercial,7303453.88,5487.0,0,7,1967.0,2024-10-25,Active,8,3.0,1331.05,59.0,6.4
PROP-11390,3 BHK Villa for sale in Brickell,Miami,Brickell,Villa,1605255.89,3078.0,3,4,2000.0,2025-02-08,Sold,8,3.0,521.53,26.0,6.7
PROP-11391,2 BHK Apartment for sale in Little Havana,Miami,Little Havana,Apartment,335269.45,637.0,2,1,1923.0,2024-02-20,Sold,9,4.9,526.33,103.0,7.9
PROP-11392,Commercial Space / Office in Marina,San Francisco,Marina,Commercial,22656275.82,17695.0,0,4,2020.0,2025-07-07,Pending,2,4.4,1280.38,6.0,4.7
PROP-11393,4 BHK Apartment for sale in West Lake Hills,Austin,West Lake Hills,Apartment,1708774.77,2378.0,4,2,1992.0,2024-02-23,Active,3,3.5,718.58,34.0,4.7
PROP-11394,Residential plot of 7414 sqft in Manhattan,New York,Manhattan,Plot,11782708.0,7414.0,0,0,1991.0,2024-12-19,Sold,3,4.1,1589.25,35.0,5.3
PROP-11395,Residential plot of 2003 sqft in South Beach,Miami,South Beach,Plot,1123146.0,2003.0,0,0,1990.0,2024-10-05,Pending,9,4.5,560.73,36.0,7.9
PROP-11396,6 BHK Villa for sale in South Beach,Miami,South Beach,Villa,2609042.8,4341.0,6,4,2002.0,2024-07-20,Sold,3,3.2,601.02,24.0,4.6
PROP-11397,4 BHK Apartment for sale in Hyde Park,Chicago,Hyde Park,Apartment,232097.1,816.0,4,3,1933.0,2025-09-12,Sold,4,4.0,284.43,93.0,5.5
PROP-11398,4 BHK Apartment for sale in Little Havana,Miami,Little Havana,Apartment,1077141.17,2192.0,4,2,1994.0,2025-06-17,Active,3,3.8,491.4,32.0,5.0
PROP-11399,3 BHK Villa for sale in Brickell,Miami,Brickell,Villa,2685145.83,4720.0,3,4,2007.0,2024-06-02,Active,6,4.9,568.89,19.0,6.9
PROP-11400,6 BHK Villa for sale in Marina,San Francisco,Marina,Villa,5445563.11,5634.0,4,4,2015.0,2025-11-28,Pending,7,3.9,966.55,11.0,6.8
PROP-11401,6 BHK Villa for sale in Pacific Heights,San Francisco,Pacific Heights,Villa,7044665.06,3264.0,6,5,2007.0,2025-10-24,Pending,2,4.3,2158.29,19.0,4.8
PROP-11402,4 BHK Villa for sale in West Lake Hills,Austin,West Lake Hills,Villa,4271595.31,5626.0,4,2,2014.0,2025-04-28,Sold,1,4.3,759.26,12.0,4.3
PROP-11403,3 BHK Apartment for sale in River North,Chicago,River North,Apartment,714916.64,2299.0,3,1,1960.0,2025-05-07,Pending,4,4.2,310.97,66.0,5.8
PROP-11404,6 BHK Villa for sale in Pacific Heights,San Francisco,Pacific Heights,Villa,8612192.14,4177.0,6,3,2023.0,2024-12-23,Pending,8,5.0,2061.81,3.0,7.7
PROP-11405,Commercial Space / Office in Bronx,New York,Bronx,Commercial,25186083.16,24257.0,0,8,1982.0,2025-02-16,Pending,5,3.1,1038.3,44.0,5.2
PROP-11406,2 BHK Apartment for sale in East Austin,Austin,East Austin,Apartment,334563.99,811.0,2,2,1937.0,2025-01-23,Pending,4,4.6,412.53,89.0,5.6
PROP-11407,Commercial Space / Office in South Austin,Austin,South Austin,Commercial,6083303.06,12856.0,0,6,1990.0,2025-03-07,Active,6,4.0,473.19,36.0,6.2
PROP-11408,Commercial Space / Office in Manhattan,New York,Manhattan,Commercial,26546977.52,14731.0,0,2,1961.0,2024-05-17,Sold,10,4.7,1802.12,65.0,8.3
PROP-11409,Residential plot of 6868 sqft in SOMA,San Francisco,SOMA,Plot,9592113.74,6868.0,0,0,1992.0,2024-04-01,Active,7,4.1,1396.64,34.0,6.8
PROP-11410,Residential plot of 3552 sqft in Marina,San Francisco,Marina,Plot,3408889.11,3552.0,0,0,1991.5,2024-07-31,Pending,3,4.6,959.71,34.5,5.7
PROP-11411,Residential plot of 3727 sqft in Pacific Heights,San Francisco,Pacific Heights,Plot,8973705.0,3727.0,0,0,1991.0,2025-05-25,Pending,1,3.1,2407.76,35.0,3.5
PROP-11412,4 BHK Apartment for sale in Mission District,San Francisco,Mission District,Apartment,1375714.4,1122.0,4,1,1960.0,2024-01-25,Pending,5,3.4,1226.13,66.0,5.7
PROP-11413,Commercial Space / Office in SOMA,San Francisco,SOMA,Commercial,16134349.68,13053.0,0,5,2011.0,2024-02-29,Active,10,4.8,1236.06,15.0,8.5
PROP-11414,2 BHK Apartment for sale in Queens,New York,Queens,Apartment,2150280.0,1578.0,2,2,2009.0,2024-03-07,Sold,3,4.2,1362.66,17.0,5.0
PROP-11415,4 BHK Apartment for sale in River North,Chicago,River North,Apartment,734319.0,2077.0,4,2,1941.0,2025-10-20,Active,3,5.0,353.55,85.0,5.7
PROP-11416,Residential plot of 1061 sqft in Coral Gables,Miami,Coral Gables,Plot,1061413.83,1061.0,0,0,1991.0,2024-08-13,Active,1,5.0,1000.39,35.0,4.7
PROP-11417,Commercial Space / Office in Mission District,San Francisco,Mission District,Commercial,29171751.26,20813.0,0,9,1999.0,2024-05-22,Sold,2,4.5,1401.61,27.0,4.9
PROP-11418,Commercial Space / Office in Downtown,Austin,Downtown,Commercial,7490719.17,14996.0,0,9,2004.0,2025-06-05,Pending,5,4.3,499.51,22.0,5.9
PROP-11419,2 BHK Apartment for sale in Coral Gables,Miami,Coral Gables,Apartment,1866248.39,2300.0,2,2,1971.0,2024-06-11,Pending,7,3.9,811.41,55.0,6.8
PROP-11420,Residential plot of 4068 sqft in Loop,Chicago,Loop,Plot,1445283.83,4068.0,0,0,1991.0,2025-10-18,Sold,9,4.0,355.28,35.0,7.4
PROP-11421,Residential plot of 8808 sqft in South Beach,Miami,South Beach,Plot,5253522.84,8808.0,0,0,1990.0,2024-06-04,Sold,10,4.0,596.45,36.0,7.9
PROP-11422,3 BHK Apartment for sale in South Beach,Miami,South Beach,Apartment,1402645.89,2380.0,3,1,2018.0,2025-01-31,Sold,10,4.1,589.35,8.0,8.0
PROP-11423,4 BHK Apartment for sale in Bronx,New York,Bronx,Apartment,1682277.23,1576.0,4,1,1927.0,2025-01-04,Active,10,4.3,1067.43,99.0,7.9
PROP-11424,4 BHK Villa for sale in West Lake Hills,Austin,West Lake Hills,Villa,1159193.49,1936.0,4,3,1981.0,2024-06-02,Active,2,4.3,598.76,45.0,5.1
PROP-11425,Residential plot of 3968 sqft in Bronx,New York,Bronx,Plot,3423077.0,3968.0,0,0,1993.0,2024-07-12,Active,2,4.2,862.67,33.0,5.0
PROP-11426,6 BHK Villa for sale in Lincoln Park,Chicago,Lincoln Park,Villa,1566126.4,3215.0,4,5,1988.0,2025-08-10,Active,8,4.9,487.13,38.0,7.7
PROP-11427,Commercial Space / Office in Queens,New York,Queens,Commercial,14913468.59,14369.0,0,9,1976.0,2025-01-24,Pending,4,3.7,1037.89,50.0,5.6
PROP-11428,Commercial Space / Office in Queens,New York,Queens,Commercial,15870362.6,12597.0,0,10,1972.0,2024-10-01,Pending,9,4.2,1259.85,54.0,7.6
PROP-11429,5 BHK Villa for sale in Marina,San Francisco,Marina,Villa,5027183.0,5008.0,5,4,1995.0,2025-11-09,Pending,6,4.0,1003.83,31.0,6.4
PROP-11430,Residential plot of 8055 sqft in Lincoln Park,Chicago,Lincoln Park,Plot,4859167.9,8055.0,0,0,1989.5,2024-12-11,Active,6,3.0,603.25,36.5,5.5
PROP-11431,Residential plot of 8593 sqft in Downtown,Austin,Downtown,Plot,3478446.14,8593.0,0,0,1988.0,2024-01-09,Active,7,3.3,404.8,38.0,6.4
PROP-11432,4 BHK Villa for sale in Bronx,New York,Bronx,Villa,5807381.52,3715.0,4,4,1997.0,2024-12-19,Sold,1,3.5,1563.23,29.0,3.1
PROP-11433,1 BHK Apartment for sale in Downtown,Austin,Downtown,Apartment,615962.34,1203.0,1,3,1943.0,2024-04-06,Pending,6,4.8,512.02,83.0,6.5
PROP-11434,Residential plot of 2288 sqft in SOMA,San Francisco,SOMA,Plot,3489073.34,2288.0,0,0,1992.0,2024-04-12,Active,8,4.2,1524.94,34.0,7.1
PROP-11435,6 BHK Villa for sale in Marina,San Francisco,Marina,Villa,5717882.74,5356.0,6,3,2022.0,2024-02-22,Pending,4,4.1,1067.57,4.0,5.6
PROP-11436,3 BHK Villa for sale in Loop,Chicago,Loop,Villa,1007162.14,2568.0,4,5,2022.0,2024-11-07,Pending,6,4.5,392.2,4.0,6.5
PROP-11437,Commercial Space / Office in Mission District,San Francisco,Mission District,Commercial,12312321.21,9108.0,0,9,1976.0,2024-05-23,Sold,6,4.7,1351.81,50.0,6.7
PROP-11438,4 BHK Apartment for sale in Marina,San Francisco,Marina,Apartment,2120684.0,2042.0,4,1,1985.0,2024-05-01,Sold,8,3.8,1038.53,41.0,7.1
PROP-11439,3 BHK Villa for sale in Lincoln Park,Chicago,Lincoln Park,Villa,2705988.4,4552.0,3,5,2011.0,2024-11-14,Sold,6,4.4,594.46,15.0,6.3
PROP-11440,2 BHK Apartment for sale in River North,Chicago,River North,Apartment,787824.28,2450.0,2,2,2020.0,2025-06-27,Sold,1,3.6,321.56,6.0,4.2
PROP-11441,Residential plot of 1756 sqft in South Austin,Austin,South Austin,Plot,875309.52,1756.0,0,0,1991.0,2024-05-28,Sold,4,3.2,498.47,35.0,4.9
PROP-11442,3 BHK Villa for sale in River North,Chicago,River North,Villa,835117.01,2323.0,3,4,1998.0,2024-10-19,Active,2,4.0,359.5,28.0,4.7
PROP-11443,Commercial Space / Office in Manhattan,New York,Manhattan,Commercial,7521882.03,4889.0,0,3,1980.0,2024-05-30,Active,10,4.4,1538.53,46.0,8.4
PROP-11444,3 BHK Villa for sale in Mission District,San Francisco,Mission District,Villa,3810016.0,2483.0,3,5,1994.0,2024-06-08,Sold,9,4.6,1534.44,32.0,7.7
PROP-11445,6 BHK Villa for sale in Manhattan,New York,Manhattan,Villa,10318593.99,5496.0,6,2,2008.0,2024-12-20,Sold,10,4.1,1877.47,18.0,7.9
PROP-11446,Commercial Space / Office in Mission District,San Francisco,Mission District,Commercial,28029394.43,19365.0,0,9,1995.0,2024-08-06,Pending,6,4.8,1447.43,31.0,6.7
PROP-11447,Residential plot of 4370 sqft in Brooklyn,New York,Brooklyn,Plot,4887107.79,4370.0,0,0,1994.0,2025-04-15,Pending,2,4.1,1118.33,32.0,4.9
PROP-11448,2 BHK Apartment for sale in South Beach,Miami,South Beach,Apartment,1324797.9,2200.0,2,2,1942.0,2024-11-17,Active,7,3.8,602.18,84.0,6.6
PROP-11449,4 BHK Villa for sale in Brickell,Miami,Brickell,Villa,1192842.33,2058.0,4,2,2023.0,2024-05-04,Sold,7,3.4,579.61,3.0,6.4
PROP-11450,3 BHK Apartment for sale in Lincoln Park,Chicago,Lincoln Park,Apartment,1044916.0,2034.0,3,3,1982.0,2024-07-07,Active,6,3.3,513.72,44.0,5.9
PROP-11451,3 BHK Villa for sale in Loop,Chicago,Loop,Villa,1516025.01,4791.0,3,4,1986.0,2025-04-14,Pending,2,4.5,316.43,40.0,5.2
PROP-11452,Commercial Space / Office in East Austin,Austin,East Austin,Commercial,1933698.17,5645.0,0,8,1982.0,2024-04-27,Pending,7,4.0,342.55,44.0,6.7
PROP-11453,Commercial Space / Office in Little Havana,Miami,Little Havana,Commercial,8533333.97,20157.0,0,7,1985.0,2025-02-15,Pending,8,4.1,423.34,41.0,7.3
PROP-11454,2 BHK Apartment for sale in Marina,San Francisco,Marina,Apartment,2336140.77,1993.0,2,1,2007.0,2024-10-22,Active,5,3.6,1172.17,19.0,5.6
PROP-11455,Commercial Space / Office in Downtown,Austin,Downtown,Commercial,1947549.62,4170.0,0,6,1971.0,2024-04-14,Pending,10,4.6,467.04,55.0,8.2
PROP-11456,Residential plot of 6131 sqft in West Lake Hills,Austin,West Lake Hills,Plot,3985850.8,6131.0,0,0,1990.0,2025-08-01,Sold,8,4.9,650.11,36.0,7.7
PROP-11457,Residential plot of 8969 sqft in Mission District,San Francisco,Mission District,Plot,13245623.0,8969.0,0,0,1994.0,2025-10-18,Sold,4,4.4,1476.82,32.0,5.7
PROP-11458,Commercial Space / Office in Mission District,San Francisco,Mission District,Commercial,17406738.29,13560.0,0,7,1998.0,2024-03-06,Pending,1,3.8,1283.68,28.0,4.2
PROP-11459,Residential plot of 3032 sqft in SOMA,San Francisco,SOMA,Plot,4268478.2,3032.0,0,0,1992.0,2024-01-21,Active,10,4.8,1407.81,34.0,8.4
PROP-11460,Residential plot of 5667 sqft in Hyde Park,Chicago,Hyde Park,Plot,1625620.69,5667.0,0,0,1993.0,2025-04-04,Active,6,3.3,286.86,33.0,5.9
PROP-11461,Commercial Space / Office in West Lake Hills,Austin,West Lake Hills,Commercial,12539860.76,17933.0,0,3,1995.0,2025-11-09,Active,7,3.2,699.26,31.0,6.2
PROP-11462,1 BHK Apartment for sale in West Lake Hills,Austin,West Lake Hills,Apartment,606395.87,909.0,1,1,1996.0,2025-01-10,Pending,3,4.5,667.1,30.0,5.4
PROP-11463,6 BHK Villa for sale in South Beach,Miami,South Beach,Villa,1160458.96,2238.0,6,3,2024.0,2024-07-31,Active,10,5.0,518.53,2.0,8.7
PROP-11464,5 BHK Villa for sale in Marina,San Francisco,Marina,Villa,5449304.53,5651.0,5,4,2017.0,2024-02-16,Sold,1,3.5,964.31,9.0,4.2
PROP-11465,Commercial Space / Office in Brickell,Miami,Brickell,Commercial,15357095.06,23284.0,0,10,2008.0,2024-06-05,Pending,4,4.2,659.56,18.0,5.5
PROP-11466,1 BHK Apartment for sale in Bronx,New York,Bronx,Apartment,1121030.45,1160.0,1,3,2014.0,2024-09-17,Pending,3,4.8,966.41,12.0,5.6
PROP-11467,Residential plot of 5230 sqft in Bronx,New York,Bronx,Plot,5105893.86,5230.0,0,0,1993.0,2024-07-31,Sold,5,3.6,976.27,33.0,5.6
PROP-11468,Commercial Space / Office in Brickell,Miami,Brickell,Commercial,12339662.54,18082.0,0,7,2009.0,2024-02-17,Pending,5,3.7,682.43,17.0,5.6
PROP-11469,Commercial Space / Office in Brooklyn,New York,Brooklyn,Commercial,27396555.38,21842.0,0,5,1981.0,2024-04-05,Sold,2,3.1,1254.31,45.0,4.2
PROP-11470,4 BHK Villa for sale in Loop,Chicago,Loop,Villa,2126675.46,5722.0,4,4,1980.0,2024-07-03,Sold,3,4.3,371.67,46.0,5.2
PROP-11471,6 BHK Villa for sale in Mission District,San Francisco,Mission District,Villa,5838890.16,3722.0,6,4,1999.0,2024-04-06,Active,5,3.6,1568.75,27.0,5.5
PROP-11472,5 BHK Villa for sale in Brooklyn,New York,Brooklyn,Villa,2131108.19,1859.0,5,5,2006.0,2024-04-03,Sold,9,4.1,1146.37,20.0,7.6
PROP-11473,4 BHK Villa for sale in West Lake Hills,Austin,West Lake Hills,Villa,1489060.35,2332.0,4,5,1982.0,2025-10-13,Pending,2,4.4,638.53,44.0,5.0
PROP-11474,Residential plot of 6235 sqft in Manhattan,New York,Manhattan,Plot,11615253.61,6235.0,0,0,1991.0,2024-07-04,Sold,5,3.1,1862.91,35.0,5.3
PROP-11475,4 BHK Villa for sale in River North,Chicago,River North,Villa,1568025.6,4642.0,4,3,2014.0,2025-08-05,Active,9,4.2,337.79,12.0,7.7
PROP-11476,2 BHK Apartment for sale in South Austin,Austin,South Austin,Apartment,558354.58,1369.0,2,3,2015.0,2025-02-23,Pending,9,4.2,407.86,11.0,7.8
PROP-11477,3 BHK Apartment for sale in River North,Chicago,River North,Apartment,683832.63,2089.0,3,2,1942.0,2025-07-29,Sold,3,4.2,327.35,84.0,5.3
PROP-11478,Residential plot of 1135 sqft in South Austin,Austin,South Austin,Plot,472250.48,1135.0,0,0,1991.0,2025-03-13,Sold,7,3.6,416.08,35.0,6.6
PROP-11479,1 BHK Apartment for sale in River North,Chicago,River North,Apartment,457897.12,1437.0,1,3,1986.0,2024-02-08,Sold,6,3.5,318.65,40.0,6.1
PROP-11480,Commercial Space / Office in Little Havana,Miami,Little Havana,Commercial,7737109.6,15744.0,0,10,1999.0,2025-04-12,Sold,2,3.9,491.43,27.0,4.5
PROP-11481,Residential plot of 2344 sqft in Loop,Chicago,Loop,Plot,717224.91,2344.0,0,0,1991.0,2024-08-08,Pending,8,3.2,305.98,35.0,6.8
PROP-11482,1 BHK Apartment for sale in Downtown,Austin,Downtown,Apartment,1056432.89,2432.0,1,3,1932.0,2025-11-09,Sold,5,3.4,434.39,94.0,5.6
PROP-11483,Residential plot of 1272 sqft in Coral Gables,Miami,Coral Gables,Plot,1194843.68,1272.0,0,0,1991.0,2025-02-22,Sold,10,4.2,939.34,35.0,8.0
PROP-11484,2 BHK Apartment for sale in South Austin,Austin,South Austin,Apartment,974759.01,2202.0,2,2,2022.0,2024-11-03,Active,6,3.1,442.67,4.0,5.8
PROP-11485,Residential plot of 7738 sqft in Lincoln Park,Chicago,Lincoln Park,Plot,4380041.55,7738.0,0,0,1989.5,2024-09-12,Pending,10,4.7,566.04,36.5,8.2
PROP-11486,3 BHK Villa for sale in Pacific Heights,San Francisco,Pacific Heights,Villa,5137864.1,2492.0,3,2,1989.0,2025-08-14,Pending,2,4.9,2061.74,37.0,5.2
PROP-11487,Commercial Space / Office in South Austin,Austin,South Austin,Commercial,8117483.38,18176.0,0,8,2008.0,2024-08-09,Pending,3,3.1,446.6,18.0,4.6
PROP-11488,Commercial Space / Office in Pacific Heights,San Francisco,Pacific Heights,Commercial,18574010.06,8622.0,0,3,1994.0,2024-06-03,Pending,8,4.2,2154.26,32.0,7.2
PROP-11489,Residential plot of 6854 sqft in Mission District,San Francisco,Mission District,Plot,9483285.66,6854.0,0,0,1994.0,2025-03-14,Pending,3,3.8,1383.61,32.0,5.0
PROP-11490,Residential plot of 7133 sqft in Bronx,New York,Bronx,Plot,7080382.79,7133.0,0,0,1993.0,2025-12-01,Active,5,4.7,992.62,33.0,6.3
PROP-11491,Residential plot of 4932 sqft in Marina,San Francisco,Marina,Plot,5484396.8,4932.0,0,0,1991.5,2025-04-21,Pending,5,3.1,1112.0,34.5,5.4
PROP-11492,4 BHK Apartment for sale in River North,Chicago,River North,Apartment,566184.98,1722.0,4,2,1986.0,2024-03-18,Pending,4,4.3,328.79,40.0,5.8
PROP-11493,Commercial Space / Office in Coral Gables,Miami,Coral Gables,Commercial,12673182.28,14055.0,0,7,2006.0,2024-09-04,Sold,5,3.7,901.68,20.0,5.7
PROP-11494,6 BHK Villa for sale in South Austin,Austin,South Austin,Villa,1340500.44,2866.0,6,5,1982.0,2025-11-18,Active,5,3.9,467.73,44.0,5.8
PROP-11495,4 BHK Apartment for sale in East Austin,Austin,East Austin,Apartment,544960.18,1728.0,4,2,1930.0,2024-04-14,Pending,9,5.0,315.37,96.0,8.3
PROP-11496,Commercial Space / Office in River North,Chicago,River North,Commercial,8552395.74,22919.0,0,2,1977.0,2025-08-20,Sold,7,4.1,373.16,49.0,6.7
PROP-11497,Residential plot of 9630 sqft in West Lake Hills,Austin,West Lake Hills,Plot,6776973.0,9630.0,0,0,1990.0,2024-03-10,Active,4,4.4,703.74,36.0,5.7
PROP-11498,4 BHK Apartment for sale in River North,Chicago,River North,Apartment,387972.04,1069.0,4,3,1950.0,2025-03-08,Active,2,4.2,362.93,76.0,4.8
PROP-11499,5 BHK Villa for sale in Hyde Park,Chicago,Hyde Park,Villa,676707.16,2539.0,5,5,2012.0,2024-09-24,Pending,3,3.0,266.53,14.0,4.5
PROP-11500,6 BHK Villa for sale in SOMA,San Francisco,SOMA,Villa,3902748.84,2472.0,6,5,1999.0,2025-05-23,Active,6,3.2,1578.78,27.0,5.6
PROP-11501,Residential plot of 6214 sqft in Coral Gables,Miami,Coral Gables,Plot,5650503.09,6214.0,0,0,1991.0,2024-03-21,Sold,9,4.4,909.32,35.0,7.7
PROP-11502,Residential plot of 3798 sqft in East Austin,Austin,East Austin,Plot,1560528.18,3798.0,0,0,1994.0,2025-07-21,Pending,6,4.6,410.88,32.0,6.4
PROP-11503,3 BHK Villa for sale in Hyde Park,Chicago,Hyde Park,Villa,984746.68,3483.0,3,3,1999.0,2025-08-08,Sold,1,4.5,282.73,27.0,4.5
PROP-11504,Residential plot of 2684 sqft in South Austin,Austin,South Austin,Plot,1276332.04,2684.0,0,0,1991.0,2025-01-13,Sold,4,5.0,475.53,35.0,6.0
PROP-11505,Residential plot of 8736 sqft in Brooklyn,New York,Brooklyn,Plot,10414031.85,8736.0,0,0,1994.0,2024-10-29,Active,5,4.4,1192.08,32.0,6.2
PROP-11506,2 BHK Apartment for sale in East Austin,Austin,East Austin,Apartment,361087.81,1156.0,2,1,1944.0,2024-11-10,Pending,8,4.1,312.36,82.0,7.3
PROP-11507,Residential plot of 7664 sqft in East Austin,Austin,East Austin,Plot,2958868.17,7664.0,0,0,1994.0,2025-03-18,Pending,6,5.0,386.07,32.0,6.8
PROP-11508,Commercial Space / Office in Mission District,San Francisco,Mission District,Commercial,16628647.78,12181.0,0,4,1963.0,2025-12-01,Sold,2,3.0,1365.13,63.0,4.1
PROP-11509,3 BHK Apartment for sale in Loop,Chicago,Loop,Apartment,293852.81,827.0,3,1,2022.0,2025-02-18,Pending,9,4.2,355.32,4.0,7.6
PROP-11510,3 BHK Apartment for sale in River North,Chicago,River North,Apartment,683960.02,1793.0,3,2,1993.0,2024-03-29,Active,6,4.1,381.46,33.0,6.2
PROP-11511,Commercial Space / Office in Lincoln Park,Chicago,Lincoln Park,Commercial,11284460.65,24050.0,0,5,1970.0,2024-02-17,Sold,8,4.8,469.21,56.0,7.7
PROP-11512,3 BHK Villa for sale in Marina,San Francisco,Marina,Villa,4732026.7,4664.0,3,4,1992.0,2024-02-15,Sold,1,4.4,1014.59,34.0,4.7
PROP-11513,6 BHK Villa for sale in Downtown,Austin,Downtown,Villa,956122.54,1904.0,6,4,1999.0,2024-09-26,Pending,10,4.0,502.17,27.0,7.7
PROP-11514,Commercial Space / Office in Coral Gables,Miami,Coral Gables,Commercial,7754740.67,7692.0,0,2,1966.0,2024-12-03,Pending,7,4.6,1008.16,60.0,6.9
PROP-11515,Commercial Space / Office in River North,Chicago,River North,Commercial,1256664.0,3427.0,0,5,1984.0,2024-02-23,Active,3,4.7,366.7,42.0,5.5
PROP-11516,Residential plot of 5539 sqft in Marina,San Francisco,Marina,Plot,6511523.0,5539.0,0,0,1991.5,2025-04-02,Active,10,4.2,1175.58,34.5,8.0
PROP-11517,5 BHK Villa for sale in East Austin,Austin,East Austin,Villa,1597891.41,4174.0,5,2,2017.0,2024-05-04,Sold,1,4.9,382.82,9.0,4.7
PROP-11518,2 BHK Apartment for sale in River North,Chicago,River North,Apartment,745338.95,1992.0,2,1,2004.0,2025-05-20,Sold,5,4.7,374.17,22.0,6.2
PROP-11519,4 BHK Villa for sale in West Lake Hills,Austin,West Lake Hills,Villa,2510639.0,3320.0,4,3,2014.0,2024-04-23,Active,4,3.7,756.22,12.0,5.1
PROP-11520,Commercial Space / Office in River North,Chicago,River North,Commercial,6966777.55,21015.0,0,8,1977.0,2025-07-18,Pending,5,4.1,331.51,49.0,6.1
PROP-11521,Residential plot of 6402 sqft in Mission District,San Francisco,Mission District,Plot,9230878.09,6402.0,0,0,1994.0,2024-06-11,Sold,10,4.5,1441.87,32.0,8.1
PROP-11522,Commercial Space / Office in Queens,New York,Queens,Commercial,19461650.36,15042.0,0,9,1980.0,2025-10-29,Sold,10,4.3,1293.82,46.0,8.0
PROP-11523,4 BHK Apartment for sale in West Lake Hills,Austin,West Lake Hills,Apartment,806650.65,1568.5,4,1,2012.0,2024-02-21,Active,6,4.5,514.28,14.0,7.0
PROP-11524,Commercial Space / Office in Queens,New York,Queens,Commercial,7089510.77,6654.0,0,6,1969.0,2024-10-14,Sold,4,3.6,1065.45,57.0,5.5
PROP-11525,1 BHK Apartment for sale in Coral Gables,Miami,Coral Gables,Apartment,2102516.62,2147.0,1,2,1921.0,2024-07-20,Sold,1,3.1,979.28,105.0,3.6
PROP-11526,Commercial Space / Office in Little Havana,Miami,Little Havana,Commercial,5516821.0,12335.0,0,7,1976.0,2024-01-17,Sold,3,4.8,447.25,50.0,5.6
PROP-11527,4 BHK Villa for sale in Lincoln Park,Chicago,Lincoln Park,Villa,2626894.4,4525.0,4,5,2024.0,2024-11-02,Active,2,4.2,580.53,2.0,4.6
PROP-11528,5 BHK Villa for sale in Pacific Heights,San Francisco,Pacific Heights,Villa,9169988.09,4727.0,5,3,2015.0,2024-01-21,Pending,6,4.7,1939.92,11.0,6.8
PROP-11529,Commercial Space / Office in Coral Gables,Miami,Coral Gables,Commercial,9241483.82,10455.0,0,8,1960.0,2025-09-16,Active,8,4.7,883.93,66.0,7.5
PROP-11530,Commercial Space / Office in Manhattan,New York,Manhattan,Commercial,24156010.46,13134.0,0,3,1969.0,2024-10-10,Pending,10,4.3,1839.2,57.0,8.1
PROP-11531,Commercial Space / Office in Brickell,Miami,Brickell,Commercial,8835342.29,15417.0,0,9,1987.0,2024-11-22,Active,8,3.0,573.09,39.0,6.6
PROP-11532,Commercial Space / Office in Pacific Heights,San Francisco,Pacific Heights,Commercial,45001235.62,22536.0,0,9,1966.0,2025-02-24,Active,3,4.5,1996.86,60.0,5.5
PROP-11533,Residential plot of 6665 sqft in River North,Chicago,River North,Plot,2378848.11,6665.0,0,0,1986.0,2025-08-30,Active,1,4.3,356.92,40.0,4.5
PROP-11534,Residential plot of 4938 sqft in River North,Chicago,River North,Plot,1812923.96,4938.0,0,0,1986.0,2025-11-06,Sold,8,3.3,367.14,40.0,6.6
PROP-11535,3 BHK Apartment for sale in West Lake Hills,Austin,West Lake Hills,Apartment,843234.95,1201.0,3,3,2013.0,2024-11-12,Sold,6,4.8,702.11,13.0,6.7
PROP-11536,Residential plot of 6636 sqft in Coral Gables,Miami,Coral Gables,Plot,6068300.36,6636.0,0,0,1991.0,2025-09-04,Pending,6,4.2,914.45,35.0,6.4
PROP-11537,4 BHK Villa for sale in Coral Gables,Miami,Coral Gables,Villa,2697384.78,3173.0,4,3,2021.0,2025-10-15,Active,5,3.0,850.11,5.0,5.3
PROP-11538,Commercial Space / Office in Queens,New York,Queens,Commercial,12064724.44,10530.0,0,3,1995.0,2024-11-23,Active,9,4.5,1145.75,31.0,7.9
PROP-11539,Commercial Space / Office in Brooklyn,New York,Brooklyn,Commercial,1869058.0,1632.0,0,3,1989.0,2025-11-25,Active,2,3.9,1145.26,37.0,4.8
PROP-11540,Commercial Space / Office in South Beach,Miami,South Beach,Commercial,11594105.01,18334.0,0,7,1980.0,2025-02-11,Active,4,4.5,632.38,46.0,5.7
PROP-11541,Commercial Space / Office in Little Havana,Miami,Little Havana,Commercial,5901715.47,12565.0,0,5,2010.0,2024-09-02,Sold,6,4.4,469.69,16.0,6.5
PROP-11542,3 BHK Apartment for sale in Brickell,Miami,Brickell,Apartment,529635.98,972.0,3,1,2016.0,2024-01-08,Active,1,4.2,544.89,10.0,4.6
PROP-11543,Residential plot of 7783 sqft in River North,Chicago,River North,Plot,2676348.7,7783.0,0,0,1986.0,2024-03-05,Pending,9,4.2,343.87,40.0,7.7
PROP-11544,Residential plot of 6976 sqft in Bronx,New York,Bronx,Plot,6818951.5,6976.0,0,0,1993.0,2024-06-06,Active,9,4.8,977.49,33.0,8.0
PROP-11545,6 BHK Villa for sale in Hyde Park,Chicago,Hyde Park,Villa,1529385.92,4997.0,6,2,1985.0,2025-11-19,Active,3,3.2,306.06,41.0,4.4
PROP-11546,6 BHK Villa for sale in Bronx,New York,Bronx,Villa,4709976.6,4307.0,6,4,2008.0,2025-10-06,Pending,6,4.4,1093.56,18.0,6.4
PROP-11547,4 BHK Apartment for sale in South Beach,Miami,South Beach,Apartment,771995.87,1282.0,4,1,1985.0,2024-12-12,Active,10,4.6,602.18,41.0,8.3
PROP-11548,Commercial Space / Office in Downtown,Austin,Downtown,Commercial,3816364.39,9525.0,0,8,2002.0,2024-01-29,Pending,10,4.2,400.67,24.0,8.2
PROP-11549,4 BHK Apartment for sale in SOMA,San Francisco,SOMA,Apartment,697590.27,503.0,4,2,1957.0,2025-05-09,Sold,3,5.0,1386.86,69.0,5.7
PROP-11550,4 BHK Apartment for sale in Lincoln Park,Chicago,Lincoln Park,Apartment,744333.15,1362.0,4,3,1990.0,2024-07-08,Pending,3,3.1,546.5,36.0,4.5
PROP-11551,2 BHK Apartment for sale in Little Havana,Miami,Little Havana,Apartment,1162149.0,2314.0,2,2,1958.0,2025-02-14,Pending,8,3.6,502.23,68.0,6.8
PROP-11552,Residential plot of 8971 sqft in Mission District,San Francisco,Mission District,Plot,13106385.45,8971.0,0,0,1994.0,2024-08-22,Pending,2,4.4,1460.97,32.0,4.9
PROP-11553,2 BHK Apartment for sale in Queens,New York,Queens,Apartment,1558842.02,1622.0,2,3,1970.0,2024-01-12,Active,2,4.9,961.06,56.0,5.5
PROP-11554,1 BHK Apartment for sale in South Austin,Austin,South Austin,Apartment,412353.19,856.0,1,2,1993.0,2024-01-26,Sold,8,3.7,481.72,33.0,6.8
PROP-11555,3 BHK Villa for sale in South Austin,Austin,South Austin,Villa,1097473.64,2477.0,3,5,2003.0,2024-11-30,Pending,5,3.7,443.07,23.0,5.7
PROP-11556,2 BHK Apartment for sale in Mission District,San Francisco,Mission District,Apartment,1155415.0,808.0,2,1,1931.0,2025-01-11,Sold,10,4.6,1429.97,95.0,8.3
PROP-11557,Commercial Space / Office in River North,Chicago,River North,Commercial,2486291.79,7299.0,0,2,1982.0,2025-04-07,Sold,5,3.1,340.63,44.0,5.4
PROP-11558,Residential plot of 4916 sqft in Hyde Park,Chicago,Hyde Park,Plot,1355096.95,4916.0,0,0,1993.0,2025-07-26,Sold,8,4.5,275.65,33.0,7.5
PROP-11559,Residential plot of 6081 sqft in Manhattan,New York,Manhattan,Plot,10369823.48,6081.0,0,0,1991.0,2025-11-02,Sold,10,4.7,1705.28,35.0,8.4
PROP-11560,6 BHK Villa for sale in Mission District,San Francisco,Mission District,Villa,6236211.0,3964.0,6,5,2001.0,2025-05-26,Pending,6,3.2,1573.21,25.0,5.6
PROP-11561,1 BHK Apartment for sale in Lincoln Park,Chicago,Lincoln Park,Apartment,609560.66,1292.0,1,2,1957.0,2024-02-22,Sold,6,4.6,471.8,69.0,6.8
PROP-11562,Commercial Space / Office in Bronx,New York,Bronx,Commercial,9938573.75,11049.0,0,9,1983.0,2024-12-25,Pending,3,4.0,899.5,43.0,5.2
PROP-11563,1 BHK Apartment for sale in East Austin,Austin,East Austin,Apartment,563195.98,1687.0,1,3,1984.0,2025-01-24,Pending,7,3.0,333.84,42.0,6.2
PROP-11564,3 BHK Villa for sale in Loop,Chicago,Loop,Villa,2229418.81,5702.0,3,5,2008.0,2025-03-25,Pending,1,4.5,390.99,18.0,4.5
PROP-11565,4 BHK Apartment for sale in Lincoln Park,Chicago,Lincoln Park,Apartment,284980.0,612.0,4,1,1965.0,2025-07-21,Active,3,4.3,465.65,61.0,5.4
PROP-11566,4 BHK Villa for sale in SOMA,San Francisco,SOMA,Villa,3886091.07,2972.0,4,3,1996.0,2024-01-24,Sold,3,4.7,1307.57,30.0,5.6
PROP-11567,Residential plot of 4124 sqft in Bronx,New York,Bronx,Plot,4026138.87,4124.0,0,0,1993.0,2025-07-04,Pending,3,4.2,976.27,33.0,5.2
PROP-11568,Residential plot of 9700 sqft in Manhattan,New York,Manhattan,Plot,16991802.99,9700.0,0,0,1991.0,2025-07-23,Sold,10,4.3,1751.73,35.0,8.1
PROP-11569,5 BHK Villa for sale in South Beach,Miami,South Beach,Villa,3054033.58,4667.0,5,3,2013.0,2024-11-27,Pending,9,4.3,654.39,13.0,7.5
PROP-11570,2 BHK Apartment for sale in River North,Chicago,River North,Apartment,232847.28,586.0,2,3,1995.0,2024-06-21,Active,8,3.1,397.35,31.0,6.3
PROP-11571,Commercial Space / Office in Lincoln Park,Chicago,Lincoln Park,Commercial,2976918.09,6225.0,0,10,1991.0,2024-03-19,Active,5,4.1,478.22,35.0,6.1
PROP-11572,Residential plot of 7997 sqft in Little Havana,Miami,Little Havana,Plot,3272382.0,5742.0,0,0,1994.0,2024-07-18,Sold,9,4.2,569.9,32.0,7.3
PROP-11573,Residential plot of 3458 sqft in Little Havana,Miami,Little Havana,Plot,1878439.29,3458.0,0,0,1994.0,2024-05-30,Sold,1,3.2,543.22,32.0,3.6
PROP-11574,Residential plot of 3252 sqft in Downtown,Austin,Downtown,Plot,1533005.97,3252.0,0,0,1988.0,2024-03-10,Pending,9,4.9,471.4,38.0,8.0
PROP-11575,Commercial Space / Office in South Austin,Austin,South Austin,Commercial,3907597.94,10036.0,0,4,2012.0,2025-02-11,Sold,6,4.2,389.36,14.0,6.6
PROP-11576,6 BHK Villa for sale in West Lake Hills,Austin,West Lake Hills,Villa,2083692.29,3570.0,6,2,2007.0,2024-03-31,Pending,8,5.0,583.67,19.0,7.9
PROP-11577,1 BHK Apartment for sale in Downtown,Austin,Downtown,Apartment,572175.97,1568.5,1,3,1933.0,2025-05-23,Pending,5,3.1,364.79,93.0,5.6
PROP-11578,6 BHK Villa for sale in Coral Gables,Miami,Coral Gables,Villa,2782200.7,3023.0,6,2,1997.0,2024-07-21,Sold,6,4.0,920.34,29.0,6.2
PROP-11579,Commercial Space / Office in Downtown,Austin,Downtown,Commercial,8750304.02,20803.0,0,9,1965.0,2024-06-17,Pending,8,4.7,420.63,61.0,7.6
PROP-11580,Commercial Space / Office in South Austin,Austin,South Austin,Commercial,8732943.19,20097.0,0,8,1970.0,2024-12-20,Sold,9,4.1,434.54,56.0,7.6
PROP-11581,Commercial Space / Office in River North,Chicago,River North,Commercial,6296914.39,16729.0,0,4,2016.0,2024-10-31,Pending,4,4.3,376.41,10.0,5.6
PROP-11582,Commercial Space / Office in Marina,San Francisco,Marina,Commercial,14363412.76,12061.0,0,8,2008.0,2024-11-10,Sold,1,4.7,1190.9,18.0,4.6
PROP-11583,6 BHK Villa for sale in South Beach,Miami,South Beach,Villa,2916199.41,5657.0,6,2,2020.0,2024-02-21,Active,10,4.7,515.5,6.0,8.5
PROP-11584,Residential plot of 1541 sqft in SOMA,San Francisco,SOMA,Plot,1976711.56,1541.0,0,0,1992.0,2025-09-05,Sold,4,4.4,1282.75,34.0,5.9
PROP-11585,Commercial Space / Office in Queens,New York,Queens,Commercial,5408895.78,4562.0,0,3,2008.0,2024-07-05,Active,5,4.2,1185.64,18.0,6.1
PROP-11586,Residential plot of 4649 sqft in Manhattan,New York,Manhattan,Plot,7658813.41,4649.0,0,0,1991.0,2024-12-03,Sold,7,3.9,1647.41,35.0,6.7
PROP-11587,Commercial Space / Office in Pacific Heights,San Francisco,Pacific Heights,Commercial,33359889.81,16619.0,0,3,2022.0,2025-09-01,Active,3,3.9,2007.33,4.0,5.1
PROP-11588,1 BHK Apartment for sale in Hyde Park,Chicago,Hyde Park,Apartment,235573.63,793.0,1,3,1924.0,2025-10-13,Pending,8,3.8,297.07,102.0,6.9
PROP-11589,2 BHK Apartment for sale in East Austin,Austin,East Austin,Apartment,320675.31,860.0,2,1,1971.0,2025-09-05,Sold,1,4.5,372.88,55.0,4.5
PROP-11590,Commercial Space / Office in Pacific Heights,San Francisco,Pacific Heights,Commercial,19342996.1,10082.0,0,7,2014.0,2025-11-18,Active,6,3.3,1918.57,12.0,6.0
PROP-11591,4 BHK Villa for sale in South Beach,Miami,South Beach,Villa,3432761.43,5743.0,4,4,2001.0,2025-11-26,Active,6,3.8,597.73,25.0,6.2
PROP-11592,Commercial Space / Office in Coral Gables,Miami,Coral Gables,Commercial,2405070.25,2801.0,0,5,1974.0,2024-11-27,Pending,1,3.3,858.65,52.0,3.9
PROP-11593,Residential plot of 1887 sqft in Queens,New York,Queens,Plot,2470894.13,1887.0,0,0,1988.0,2024-09-30,Sold,1,3.5,1309.43,38.0,3.9
PROP-11594,Residential plot of 2289 sqft in East Austin,Austin,East Austin,Plot,847211.49,2289.0,0,0,1994.0,2024-06-09,Pending,2,4.2,370.12,32.0,4.8
PROP-11595,3 BHK Villa for sale in Loop,Chicago,Loop,Villa,1731190.08,4628.0,3,4,1994.0,2024-11-13,Pending,2,4.2,374.07,32.0,4.8
PROP-11596,Commercial Space / Office in Loop,Chicago,Loop,Commercial,2446948.8,6691.0,0,10,2000.0,2024-10-11,Active,7,3.2,365.71,26.0,6.1
PROP-11597,3 BHK Villa for sale in Coral Gables,Miami,Coral Gables,Villa,2538561.72,2876.0,3,2,2009.0,2024-03-15,Pending,3,3.1,882.67,17.0,4.5
PROP-11598,2 BHK Apartment for sale in Little Havana,Miami,Little Havana,Apartment,365370.0,888.0,2,3,1974.0,2025-06-01,Sold,1,3.2,411.45,52.0,4.1
PROP-11599,3 BHK Apartment for sale in SOMA,San Francisco,SOMA,Apartment,715635.48,578.0,3,2,2004.0,2024-09-05,Active,9,4.5,1238.12,22.0,8.0
PROP-11600,4 BHK Apartment for sale in South Beach,Miami,South Beach,Apartment,765526.35,1184.0,4,3,1990.0,2025-01-24,Sold,3,3.0,646.56,36.0,4.4
PROP-11601,Commercial Space / Office in South Beach,Miami,South Beach,Commercial,11900163.1,21718.0,0,5,1989.0,2025-03-06,Pending,10,4.7,547.94,37.0,8.4
PROP-11602,3 BHK Apartment for sale in Little Havana,Miami,Little Havana,Apartment,528860.63,1209.0,3,3,1990.0,2025-04-17,Pending,7,4.0,437.44,36.0,6.9
PROP-11603,Commercial Space / Office in Downtown,Austin,Downtown,Commercial,1614611.9,3752.0,0,8,1979.0,2024-02-16,Sold,8,4.6,430.33,47.0,7.5
PROP-11604,4 BHK Villa for sale in Bronx,New York,Bronx,Villa,2181568.44,2065.0,4,4,2013.0,2024-12-20,Active,4,4.5,1056.45,13.0,5.7
PROP-11605,5 BHK Villa for sale in River North,Chicago,River North,Villa,933204.0,2682.0,5,4,2015.0,2024-06-06,Active,3,3.5,347.95,11.0,4.8
PROP-11606,2 BHK Apartment for sale in Queens,New York,Queens,Apartment,2169512.26,1863.0,2,3,1983.0,2025-04-14,Sold,8,3.3,1164.53,43.0,6.7
PROP-11607,1 BHK Apartment for sale in SOMA,San Francisco,SOMA,Apartment,2230533.27,1688.0,1,2,1948.0,2025-09-21,Active,3,4.0,1321.41,78.0,5.2
PROP-11608,Commercial Space / Office in Hyde Park,Chicago,Hyde Park,Commercial,1678251.5,6000.0,0,10,1999.0,2024-07-18,Sold,10,4.2,279.71,27.0,8.0
PROP-11609,4 BHK Villa for sale in Brooklyn,New York,Brooklyn,Villa,3302807.86,2862.0,4,4,1982.0,2025-04-24,Active,3,3.7,1154.02,44.0,5.0
PROP-11610,Residential plot of 7763 sqft in Brickell,Miami,Brickell,Plot,4521624.94,7763.0,0,0,1995.5,2024-02-14,Active,3,3.4,582.46,30.5,4.8
PROP-11611,Commercial Space / Office in West Lake Hills,Austin,West Lake Hills,Commercial,8816330.26,14640.0,0,3,1980.0,2025-02-04,Sold,5,3.6,602.21,46.0,5.8
PROP-11612,Commercial Space / Office in Brickell,Miami,Brickell,Commercial,16477478.85,24730.0,0,3,1975.0,2024-08-28,Pending,6,3.1,666.3,51.0,5.6
PROP-11613,Commercial Space / Office in Brooklyn,New York,Brooklyn,Commercial,12472877.41,9636.0,0,3,1998.0,2025-11-16,Active,7,3.2,1294.4,28.0,6.2
PROP-11614,6 BHK Villa for sale in South Beach,Miami,South Beach,Villa,2808322.21,4383.0,6,3,1999.0,2025-02-23,Sold,6,3.6,640.73,27.0,5.9
PROP-11615,3 BHK Apartment for sale in South Beach,Miami,South Beach,Apartment,330445.66,519.0,3,1,2009.0,2024-06-09,Active,10,4.7,636.7,17.0,8.2
PROP-11616,Commercial Space / Office in Downtown,Austin,Downtown,Commercial,4851561.8,10696.0,0,10,1989.0,2024-03-11,Active,7,4.6,453.59,37.0,7.1
PROP-11617,Commercial Space / Office in Marina,San Francisco,Marina,Commercial,2907059.92,2790.0,0,9,2006.0,2024-08-15,Pending,5,3.5,1041.96,20.0,5.7
PROP-11618,3 BHK Apartment for sale in Brickell,Miami,Brickell,Apartment,857186.0,1305.0,3,1,1943.0,2025-02-18,Active,1,4.7,656.85,83.0,4.6
PROP-11619,Commercial Space / Office in Manhattan,New York,Manhattan,Commercial,17659094.27,8911.0,0,3,2003.0,2024-03-24,Sold,10,4.3,1981.72,23.0,7.9
PROP-11620,3 BHK Apartment for sale in Hyde Park,Chicago,Hyde Park,Apartment,388306.12,1402.0,3,3,1971.0,2024-11-03,Pending,10,4.6,276.97,55.0,8.3
PROP-11621,Commercial Space / Office in Manhattan,New York,Manhattan,Commercial,2022046.89,1128.0,0,3,1988.0,2024-08-15,Pending,10,4.6,1792.59,38.0,8.3
PROP-11622,Commercial Space / Office in Manhattan,New York,Manhattan,Commercial,30850741.27,19800.0,0,8,2013.0,2024-02-07,Active,5,4.8,1558.12,13.0,6.6
PROP-11623,Residential plot of 4807 sqft in West Lake Hills,Austin,West Lake Hills,Plot,2985108.24,4807.0,0,0,1990.0,2025-11-08,Sold,10,5.0,620.99,36.0,8.6
PROP-11624,2 BHK Apartment for sale in South Beach,Miami,South Beach,Apartment,1338394.9,1988.0,2,2,1951.0,2024-02-26,Sold,10,4.4,673.24,75.0,8.0
PROP-11625,4 BHK Villa for sale in Little Havana,Miami,Little Havana,Villa,2805196.8,5522.0,4,4,2007.0,2024-06-07,Pending,3,4.9,508.0,19.0,5.6
PROP-11626,Commercial Space / Office in South Austin,Austin,South Austin,Commercial,7557661.83,19134.0,0,9,2002.0,2024-03-21,Active,5,4.2,394.99,24.0,6.2
PROP-11627,1 BHK Apartment for sale in Loop,Chicago,Loop,Apartment,478203.8,1245.0,1,2,1949.0,2025-04-18,Active,2,3.8,384.1,77.0,4.4
PROP-11628,Residential plot of 4418 sqft in East Austin,Austin,East Austin,Plot,1742980.13,4418.0,0,0,1994.0,2025-07-01,Pending,1,3.2,394.52,32.0,3.7
PROP-11629,5 BHK Villa for sale in West Lake Hills,Austin,West Lake Hills,Villa,2675503.84,3744.0,5,3,2010.0,2024-04-11,Pending,7,4.9,714.61,16.0,7.2
PROP-11630,3 BHK Villa for sale in Queens,New York,Queens,Villa,2348427.92,3715.0,3,2,2022.0,2024-04-23,Sold,1,3.2,632.15,4.0,4.5
PROP-11631,3 BHK Villa for sale in East Austin,Austin,East Austin,Villa,1424763.58,3692.0,3,2,2023.0,2025-06-08,Active,9,4.7,385.91,3.0,7.8
PROP-11632,3 BHK Villa for sale in Little Havana,Miami,Little Havana,Villa,1806643.71,3586.0,3,2,1996.0,2025-06-25,Sold,8,4.9,503.8,30.0,7.6
PROP-11633,4 BHK Villa for sale in Loop,Chicago,Loop,Villa,932505.3,2915.0,4,2,2006.0,2024-03-24,Pending,5,3.2,319.9,20.0,5.6
PROP-11634,Residential plot of 8149 sqft in SOMA,San Francisco,SOMA,Plot,11776700.87,8149.0,0,0,1992.0,2025-03-09,Pending,10,4.4,1445.17,34.0,8.1
PROP-11635,5 BHK Villa for sale in SOMA,San Francisco,SOMA,Villa,4097443.31,3271.0,5,3,2014.0,2025-10-12,Pending,4,3.3,1252.66,12.0,5.3
PROP-11636,Residential plot of 7790 sqft in South Austin,Austin,South Austin,Plot,3780622.5,7790.0,0,0,1991.0,2024-09-21,Sold,5,4.5,485.32,35.0,6.1
PROP-11637,2 BHK Apartment for sale in Little Havana,Miami,Little Havana,Apartment,531780.73,1133.0,2,1,1925.0,2024-01-25,Sold,1,3.6,469.36,101.0,4.1
PROP-11638,Commercial Space / Office in Bronx,New York,Bronx,Commercial,22692403.78,20980.0,0,2,1970.0,2025-08-13,Active,1,4.4,1081.62,56.0,4.3
PROP-11639,Commercial Space / Office in Lincoln Park,Chicago,Lincoln Park,Commercial,4022499.05,8089.0,0,4,1972.0,2024-10-31,Active,3,4.2,497.28,54.0,5.3
PROP-11640,Residential plot of 6174 sqft in Marina,San Francisco,Marina,Plot,7461793.51,6174.0,0,0,1991.5,2024-03-10,Sold,3,3.5,1208.58,34.5,4.7
PROP-11641,Commercial Space / Office in Lincoln Park,Chicago,Lincoln Park,Commercial,4101017.62,8157.0,0,10,1987.0,2024-12-29,Sold,8,4.7,502.76,39.0,7.6
PROP-11642,1 BHK Apartment for sale in SOMA,San Francisco,SOMA,Apartment,2565693.19,1612.0,1,2,1970.0,2024-02-02,Sold,5,4.2,1591.62,56.0,5.8
PROP-11643,Commercial Space / Office in Mission District,San Francisco,Mission District,Commercial,5126034.69,3727.0,0,4,2000.0,2025-03-13,Pending,9,4.2,1375.38,26.0,7.6
PROP-11644,Commercial Space / Office in Coral Gables,Miami,Coral Gables,Commercial,21892105.94,23066.0,0,3,1987.0,2024-06-13,Sold,7,4.5,949.11,39.0,6.9
PROP-11645,3 BHK Apartment for sale in East Austin,Austin,East Austin,Apartment,194089.47,537.0,3,1,1994.0,2025-09-25,Sold,5,4.4,361.43,32.0,6.1
PROP-11646,3 BHK Villa for sale in Bronx,New York,Bronx,Villa,4298446.91,4439.0,3,3,2021.0,2024-01-03,Active,5,4.4,968.34,5.0,6.2
PROP-11647,3 BHK Villa for sale in South Beach,Miami,South Beach,Villa,1124891.69,2046.0,3,5,2005.0,2025-03-08,Pending,10,4.6,549.8,21.0,8.4
PROP-11648,4 BHK Apartment for sale in East Austin,Austin,East Austin,Apartment,259175.55,703.0,4,2,1953.0,2024-01-05,Sold,5,3.6,368.67,73.0,5.6
PROP-11649,Commercial Space / Office in Hyde Park,Chicago,Hyde Park,Commercial,4454808.54,17899.0,0,2,1997.0,2024-04-08,Active,6,4.6,248.89,29.0,6.8
PROP-11650,2 BHK Apartment for sale in Loop,Chicago,Loop,Apartment,744918.32,2213.0,2,3,1962.0,2024-09-07,Active,9,4.3,336.61,64.0,7.7
PROP-11651,Residential plot of 7628 sqft in East Austin,Austin,East Austin,Plot,2477807.0,7628.0,0,0,1994.0,2024-12-14,Sold,4,4.2,324.83,32.0,5.8
PROP-11652,Residential plot of 3974 sqft in South Austin,Austin,South Austin,Plot,1788162.13,3974.0,0,0,1991.0,2025-07-10,Active,7,3.1,449.97,35.0,6.2
PROP-11653,Residential plot of 9743 sqft in Brooklyn,New York,Brooklyn,Plot,13062653.02,6041.5,0,0,1994.0,2025-06-03,Sold,8,3.2,2162.15,32.0,5.4
PROP-11654,5 BHK Villa for sale in South Austin,Austin,South Austin,Villa,2250401.55,4490.0,5,4,2018.0,2024-02-16,Pending,10,4.3,501.2,8.0,7.9
PROP-11655,Residential plot of 8663 sqft in Lincoln Park,Chicago,Lincoln Park,Plot,4427565.34,8663.0,0,0,1989.5,2024-05-26,Pending,6,4.5,511.09,36.5,6.7
PROP-11656,3 BHK Apartment for sale in Coral Gables,Miami,Coral Gables,Apartment,1870604.0,2298.0,3,3,1941.0,2024-07-29,Sold,9,4.4,814.01,85.0,7.9
PROP-11657,Commercial Space / Office in SOMA,San Francisco,SOMA,Commercial,17090484.66,13793.0,0,3,2007.0,2024-09-09,Sold,10,4.5,1239.07,19.0,8.4
PROP-11658,5 BHK Villa for sale in West Lake Hills,Austin,West Lake Hills,Villa,3966373.35,5779.0,5,3,2012.0,2025-10-20,Sold,10,4.5,686.34,14.0,8.2
PROP-11659,2 BHK Apartment for sale in Lincoln Park,Chicago,Lincoln Park,Apartment,718434.42,1463.0,2,2,1995.0,2025-08-19,Sold,5,4.6,491.07,31.0,6.4
PROP-11660,Commercial Space / Office in Downtown,Austin,Downtown,Commercial,8824517.59,20055.0,0,4,2007.0,2025-01-29,Pending,7,4.3,440.02,19.0,6.9
PROP-11661,5 BHK Villa for sale in Loop,Chicago,Loop,Villa,1345156.99,3514.0,5,2,2009.0,2025-08-09,Pending,9,4.5,382.8,17.0,7.7
PROP-11662,Commercial Space / Office in South Beach,Miami,South Beach,Commercial,4211561.66,8146.0,0,6,2003.0,2024-08-03,Pending,4,4.6,517.01,23.0,6.1
PROP-11663,2 BHK Apartment for sale in Pacific Heights,San Francisco,Pacific Heights,Apartment,2900951.88,1540.0,2,2,1994.0,2024-07-14,Sold,9,4.0,1883.73,32.0,7.6
PROP-11664,6 BHK Villa for sale in Downtown,Austin,Downtown,Villa,1184275.77,2932.0,6,4,1992.0,2024-08-31,Sold,8,4.6,403.91,34.0,7.6
PROP-11665,Commercial Space / Office in SOMA,San Francisco,SOMA,Commercial,5256458.68,3452.0,0,6,1987.0,2024-12-03,Sold,6,4.4,1522.73,39.0,6.4
PROP-11666,Commercial Space / Office in Mission District,San Francisco,Mission District,Commercial,20867585.56,16409.0,0,6,1964.0,2024-11-12,Pending,10,4.5,1271.72,62.0,8.3
PROP-11667,Commercial Space / Office in South Beach,Miami,South Beach,Commercial,8661953.39,14712.0,0,7,1961.0,2025-02-18,Active,5,4.7,588.77,65.0,6.3
PROP-11668,Residential plot of 7868 sqft in Queens,New York,Queens,Plot,9604346.49,7868.0,0,0,1988.0,2024-12-27,Active,5,3.7,1220.68,38.0,5.7
PROP-11669,6 BHK Villa for sale in Brooklyn,New York,Brooklyn,Villa,5428624.01,4526.0,6,2,2011.0,2025-07-05,Sold,5,4.8,1199.43,15.0,6.4
PROP-11670,Commercial Space / Office in South Beach,Miami,South Beach,Commercial,1242637.4,1957.0,0,10,1990.0,2024-09-07,Pending,5,4.9,634.97,36.0,6.4
PROP-11671,Commercial Space / Office in SOMA,San Francisco,SOMA,Commercial,14864304.83,12048.0,0,2,1985.0,2025-09-12,Sold,10,4.7,1233.76,41.0,8.5
PROP-11672,Residential plot of 8489 sqft in Brickell,Miami,Brickell,Plot,4996254.0,8489.0,0,0,1995.5,2025-05-02,Active,7,3.4,588.56,30.5,6.4
PROP-11673,Commercial Space / Office in Mission District,San Francisco,Mission District,Commercial,6238609.0,4685.0,0,2,2014.0,2024-01-26,Active,3,4.8,1331.61,12.0,5.6
PROP-11674,Commercial Space / Office in Brickell,Miami,Brickell,Commercial,3616388.42,6958.0,0,9,2009.0,2024-10-19,Pending,8,4.5,519.75,17.0,7.6
PROP-11675,3 BHK Villa for sale in Mission District,San Francisco,Mission District,Villa,4237647.76,3100.0,3,2,1990.0,2025-08-13,Pending,5,3.8,1366.98,36.0,5.8
PROP-11676,3 BHK Apartment for sale in Loop,Chicago,Loop,Apartment,857224.36,2314.0,3,2,1939.0,2024-09-20,Pending,3,3.7,370.45,87.0,4.8
PROP-11677,Commercial Space / Office in Coral Gables,Miami,Coral Gables,Commercial,20280765.5,23835.0,0,6,1986.0,2025-04-24,Active,7,3.2,850.88,40.0,6.3
PROP-11678,Commercial Space / Office in Pacific Heights,San Francisco,Pacific Heights,Commercial,47153360.47,20619.0,0,4,1992.0,2024-05-30,Sold,2,4.2,2286.89,34.0,4.7
PROP-11679,Commercial Space / Office in Marina,San Francisco,Marina,Commercial,14276524.17,11967.0,0,8,2006.0,2025-07-09,Active,2,4.4,1192.99,20.0,4.8
PROP-11680,3 BHK Villa for sale in Coral Gables,Miami,Coral Gables,Villa,2693947.17,3363.0,3,3,1996.0,2025-01-04,Pending,5,3.2,801.05,30.0,5.5
PROP-11681,1 BHK Apartment for sale in Downtown,Austin,Downtown,Apartment,714517.13,1465.0,1,3,1985.0,2025-02-13,Active,8,3.3,487.73,41.0,6.5
PROP-11682,6 BHK Villa for sale in Queens,New York,Queens,Villa,6174490.21,3715.0,5,5,2008.0,2025-10-25,Pending,2,4.3,1662.04,18.0,4.2
PROP-11683,3 BHK Apartment for sale in Bronx,New York,Bronx,Apartment,1419056.09,1637.0,3,1,2012.0,2025-01-16,Pending,5,4.1,866.86,14.0,6.1
PROP-11684,5 BHK Villa for sale in Manhattan,New York,Manhattan,Villa,10632236.96,5655.0,5,5,1997.0,2025-11-21,Sold,8,4.3,1880.15,29.0,7.2
PROP-11685,Residential plot of 7284 sqft in East Austin,Austin,East Austin,Plot,2750551.4,7284.0,0,0,1994.0,2025-11-27,Sold,5,4.3,377.62,32.0,6.0
PROP-11686,Commercial Space / Office in Queens,New York,Queens,Commercial,3076792.25,2289.0,0,7,1965.0,2024-07-11,Sold,4,4.7,1344.16,61.0,5.8
PROP-11687,1 BHK Apartment for sale in Little Havana,Miami,Little Havana,Apartment,947409.0,2071.0,1,3,1960.0,2024-03-31,Pending,5,4.2,457.46,66.0,6.1
PROP-11688,3 BHK Apartment for sale in Queens,New York,Queens,Apartment,1009067.0,933.0,3,3,1971.0,2024-02-16,Pending,5,3.5,1081.53,55.0,5.8
PROP-11689,Commercial Space / Office in Pacific Heights,San Francisco,Pacific Heights,Commercial,9291111.32,4184.0,0,3,1965.0,2024-02-28,Sold,6,4.6,2220.63,61.0,6.6
PROP-11690,5 BHK Villa for sale in Coral Gables,Miami,Coral Gables,Villa,3409281.92,3788.0,5,5,1987.0,2024-08-02,Sold,8,4.4,900.02,39.0,7.3
PROP-11691,Commercial Space / Office in Brooklyn,New York,Brooklyn,Commercial,8311722.52,6074.0,0,7,1999.0,2025-05-22,Active,1,3.7,1368.41,27.0,4.0
PROP-11692,3 BHK Apartment for sale in Loop,Chicago,Loop,Apartment,518168.85,1463.0,3,3,2013.0,2025-04-02,Active,5,3.3,354.18,13.0,5.5
PROP-11693,Residential plot of 2286 sqft in Lincoln Park,Chicago,Lincoln Park,Plot,1185032.14,2286.0,0,0,1989.5,2025-05-26,Active,5,3.7,518.39,36.5,5.8
PROP-11694,Commercial Space / Office in River North,Chicago,River North,Commercial,3929904.0,11834.0,0,6,1977.0,2024-09-21,Pending,2,3.5,332.09,49.0,4.5
PROP-11695,4 BHK Apartment for sale in Brickell,Miami,Brickell,Apartment,1461997.09,2471.0,4,1,2009.0,2025-11-10,Sold,10,4.4,591.66,17.0,8.2
PROP-11696,Commercial Space / Office in Coral Gables,Miami,Coral Gables,Commercial,11816765.56,14825.0,0,7,1986.0,2024-03-12,Pending,9,4.1,797.08,40.0,7.7
PROP-11697,Residential plot of 9494 sqft in Loop,Chicago,Loop,Plot,2854626.29,9494.0,0,0,1991.0,2024-11-19,Active,7,3.1,300.68,35.0,6.3
PROP-11698,6 BHK Villa for sale in SOMA,San Francisco,SOMA,Villa,4422867.21,3970.0,6,2,2014.0,2025-10-26,Pending,10,4.4,1114.07,12.0,8.5
PROP-11699,3 BHK Villa for sale in South Beach,Miami,South Beach,Villa,3038463.57,5799.0,3,5,2006.0,2024-11-01,Sold,8,4.0,523.96,20.0,7.3
PROP-11700,3 BHK Villa for sale in Brooklyn,New York,Brooklyn,Villa,3555089.76,2942.0,3,3,2022.0,2025-07-07,Sold,1,4.8,1208.39,4.0,4.8
PROP-11701,6 BHK Villa for sale in Coral Gables,Miami,Coral Gables,Villa,3345016.5,4147.0,6,2,2001.0,2024-09-05,Active,3,4.6,806.61,25.0,5.6
PROP-11702,4 BHK Apartment for sale in SOMA,San Francisco,SOMA,Apartment,3125678.81,2276.0,4,2,1986.0,2024-10-27,Pending,10,4.1,1373.32,40.0,8.0
PROP-11703,6 BHK Villa for sale in River North,Chicago,River North,Villa,594693.27,1851.0,6,5,2015.0,2024-10-02,Active,1,3.8,321.28,11.0,4.3
PROP-11704,Residential plot of 3842 sqft in West Lake Hills,Austin,West Lake Hills,Plot,2354407.41,3842.0,0,0,1990.0,2025-10-27,Pending,8,4.3,612.81,36.0,7.4
PROP-11705,6 BHK Villa for sale in East Austin,Austin,East Austin,Villa,1070512.0,2830.0,6,3,1994.0,2024-05-09,Pending,8,4.8,378.27,32.0,7.5
PROP-11706,Residential plot of 7726 sqft in Pacific Heights,San Francisco,Pacific Heights,Plot,16327825.26,7726.0,0,0,1991.0,2025-12-01,Sold,8,4.8,2113.36,35.0,7.6
PROP-11707,4 BHK Apartment for sale in Bronx,New York,Bronx,Apartment,2252257.88,2115.0,4,3,2020.0,2025-02-13,Pending,4,4.1,1064.9,6.0,5.4
PROP-11708,Commercial Space / Office in East Austin,Austin,East Austin,Commercial,2533760.66,7790.0,0,4,2005.0,2024-03-13,Active,5,4.1,325.26,21.0,6.1
PROP-11709,5 BHK Villa for sale in Bronx,New York,Bronx,Villa,3870801.11,3944.0,5,4,1990.0,2024-02-02,Active,9,4.2,981.44,36.0,7.6
PROP-11710,6 BHK Villa for sale in South Beach,Miami,South Beach,Villa,3179379.21,5933.0,6,2,2004.0,2024-08-17,Pending,10,4.2,535.88,22.0,8.2
PROP-11711,4 BHK Villa for sale in Queens,New York,Queens,Villa,4852649.99,3715.0,4,4,2005.0,2024-05-12,Pending,8,3.3,1306.23,21.0,6.5
PROP-11712,Residential plot of 9104 sqft in Coral Gables,Miami,Coral Gables,Plot,7801847.44,9104.0,0,0,1991.0,2024-12-17,Pending,6,3.1,856.97,35.0,5.8
PROP-11713,Commercial Space / Office in Lincoln Park,Chicago,Lincoln Park,Commercial,6332972.05,10842.0,0,10,1983.0,2024-10-20,Sold,4,4.2,584.11,43.0,5.4
PROP-11714,Commercial Space / Office in South Austin,Austin,South Austin,Commercial,1458764.01,3434.0,0,8,2001.0,2024-03-09,Sold,3,3.2,424.8,25.0,4.7
PROP-11715,4 BHK Apartment for sale in Mission District,San Francisco,Mission District,Apartment,2033913.0,1469.0,4,3,1953.0,2024-01-27,Sold,3,3.6,1384.56,73.0,4.9
PROP-11716,Residential plot of 3832 sqft in Brooklyn,New York,Brooklyn,Plot,4568059.76,3832.0,0,0,1994.0,2025-03-22,Sold,1,4.2,1192.08,32.0,4.4
PROP-11717,5 BHK Villa for sale in South Beach,Miami,South Beach,Villa,3206187.14,5717.0,5,2,1981.0,2025-05-04,Pending,4,4.2,560.82,45.0,5.7
PROP-11718,5 BHK Villa for sale in South Beach,Miami,South Beach,Villa,1937949.38,3710.0,5,4,2010.0,2024-08-07,Sold,10,4.2,522.36,16.0,8.2
PROP-11719,3 BHK Villa for sale in Mission District,San Francisco,Mission District,Villa,3865205.84,3155.0,3,3,2012.0,2024-08-17,Pending,10,4.6,1225.1,14.0,8.4
PROP-11720,Residential plot of 3585 sqft in Bronx,New York,Bronx,Plot,3119730.46,3585.0,0,0,1993.0,2025-08-09,Sold,10,4.2,870.22,33.0,8.2
PROP-11721,Commercial Space / Office in Brickell,Miami,Brickell,Commercial,5386604.03,8651.0,0,8,2016.0,2025-02-12,Pending,2,4.8,622.66,10.0,5.2
PROP-11722,Commercial Space / Office in South Beach,Miami,South Beach,Commercial,1445941.14,2171.0,0,7,2012.0,2024-04-24,Active,5,3.0,666.03,14.0,5.1
PROP-11723,Commercial Space / Office in West Lake Hills,Austin,West Lake Hills,Commercial,6852276.65,9391.0,0,10,1990.0,2024-12-19,Sold,8,3.9,729.66,36.0,6.9
PROP-11724,Commercial Space / Office in SOMA,San Francisco,SOMA,Commercial,7480604.32,4855.0,0,8,1961.0,2025-11-09,Sold,10,4.1,1540.8,65.0,7.8
PROP-11725,Commercial Space / Office in Loop,Chicago,Loop,Commercial,1158662.34,2980.0,0,8,1985.0,2024-01-24,Sold,10,4.9,388.81,41.0,8.3
PROP-11726,Commercial Space / Office in SOMA,San Francisco,SOMA,Commercial,2941868.65,13053.0,0,9,1966.0,2024-11-21,Active,3,4.2,225.38,60.0,6.5
PROP-11727,3 BHK Villa for sale in SOMA,San Francisco,SOMA,Villa,5574276.75,3565.0,3,5,2001.0,2025-05-17,Sold,10,4.6,1563.61,25.0,8.1
PROP-11728,4 BHK Villa for sale in Little Havana,Miami,Little Havana,Villa,2428038.71,4462.0,4,4,1994.0,2024-10-07,Active,4,4.2,544.16,32.0,5.4
PROP-11729,Commercial Space / Office in South Austin,Austin,South Austin,Commercial,7706518.3,18781.0,0,10,2018.0,2025-05-15,Sold,4,3.3,410.34,8.0,5.2
PROP-11730,Residential plot of 7899 sqft in West Lake Hills,Austin,West Lake Hills,Plot,5969382.27,7899.0,0,0,1990.0,2024-10-07,Sold,8,4.9,755.71,36.0,7.4
PROP-11731,Commercial Space / Office in Brooklyn,New York,Brooklyn,Commercial,5104608.94,4461.0,0,9,1994.0,2024-06-21,Pending,7,3.1,1144.27,32.0,6.3
PROP-11732,Residential plot of 3920 sqft in East Austin,Austin,East Austin,Plot,1429849.0,3920.0,0,0,1994.0,2024-11-15,Sold,7,4.8,364.76,32.0,7.1
PROP-11733,3 BHK Villa for sale in West Lake Hills,Austin,West Lake Hills,Villa,1757461.11,2423.0,3,3,2005.0,2024-01-23,Pending,6,4.4,725.32,21.0,6.4
PROP-11734,3 BHK Villa for sale in Marina,San Francisco,Marina,Villa,5605707.69,5503.0,3,4,1981.0,2025-11-23,Sold,6,4.2,1018.66,45.0,6.5
PROP-11735,2 BHK Apartment for sale in Mission District,San Francisco,Mission District,Apartment,2753996.47,1817.0,2,1,1983.0,2024-08-13,Pending,10,4.3,1515.68,43.0,8.0
PROP-11736,Residential plot of 6322 sqft in Marina,San Francisco,Marina,Plot,7798047.82,6322.0,0,0,1991.5,2025-10-08,Sold,4,3.5,1233.48,34.5,5.1
PROP-11737,3 BHK Apartment for sale in Downtown,Austin,Downtown,Apartment,563573.51,1343.0,3,1,1988.0,2025-06-24,Sold,7,3.4,419.64,38.0,6.4
PROP-11738,2 BHK Apartment for sale in Hyde Park,Chicago,Hyde Park,Apartment,614659.12,2161.0,2,3,1965.0,2025-09-19,Pending,10,4.1,284.43,61.0,7.9
PROP-11739,Commercial Space / Office in West Lake Hills,Austin,West Lake Hills,Commercial,5020191.42,6523.0,0,10,1960.0,2024-04-24,Sold,2,4.3,769.61,66.0,4.7
PROP-11740,6 BHK Villa for sale in East Austin,Austin,East Austin,Villa,913169.46,2762.0,6,3,2015.0,2024-06-15,Sold,9,4.2,330.62,11.0,7.7
PROP-11741,Residential plot of 8347 sqft in South Beach,Miami,South Beach,Plot,4865519.94,8347.0,0,0,1990.0,2024-03-17,Active,3,4.7,582.91,36.0,5.6
PROP-11742,Residential plot of 5017 sqft in East Austin,Austin,East Austin,Plot,1705002.16,5017.0,0,0,1994.0,2024-12-25,Sold,4,4.3,339.84,32.0,5.7
PROP-11743,2 BHK Apartment for sale in West Lake Hills,Austin,West Lake Hills,Apartment,412775.16,598.0,2,2,1961.0,2025-10-14,Sold,8,3.2,690.26,65.0,6.6
PROP-11744,Residential plot of 1033 sqft in Little Havana,Miami,Little Havana,Plot,494001.61,1033.0,0,0,1994.0,2025-08-13,Pending,2,3.2,478.22,32.0,4.2
PROP-11745,5 BHK Villa for sale in Manhattan,New York,Manhattan,Villa,10677894.11,5547.0,5,4,1991.0,2024-11-05,Pending,6,4.9,1924.99,35.0,6.7
PROP-11746,Commercial Space / Office in SOMA,San Francisco,SOMA,Commercial,23047076.05,19335.0,0,9,1989.0,2025-04-25,Active,5,3.7,1191.99,37.0,5.9
PROP-11747,3 BHK Villa for sale in South Beach,Miami,South Beach,Villa,3356652.98,5757.0,3,5,2022.0,2024-01-20,Pending,8,4.8,583.06,4.0,7.6
PROP-11748,Residential plot of 9677 sqft in Loop,Chicago,Loop,Plot,3014653.61,9677.0,0,0,1991.0,2024-04-21,Active,1,3.4,311.53,35.0,4.1
PROP-11749,1 BHK Apartment for sale in South Beach,Miami,South Beach,Apartment,902066.93,1498.0,1,3,2000.0,2025-03-02,Sold,9,4.9,602.18,26.0,8.0
PROP-11750,Residential plot of 8130 sqft in Brickell,Miami,Brickell,Plot,4865865.34,8130.0,0,0,1995.5,2024-11-07,Pending,3,4.2,598.51,30.5,5.2
PROP-11751,Residential plot of 3182 sqft in East Austin,Austin,East Austin,Plot,1120457.34,3182.0,0,0,1994.0,2025-02-08,Pending,2,4.5,352.12,32.0,5.0
PROP-11752,Commercial Space / Office in Coral Gables,Miami,Coral Gables,Commercial,944649.1,1114.0,0,2,1972.0,2024-05-15,Active,3,3.9,847.98,54.0,5.1
PROP-11753,Residential plot of 7082 sqft in Marina,San Francisco,Marina,Plot,9008460.63,7082.0,0,0,1991.5,2024-08-16,Sold,1,5.0,1272.02,34.5,4.7
PROP-11754,Residential plot of 8089 sqft in Bronx,New York,Bronx,Plot,7800245.75,8089.0,0,0,1993.0,2024-05-30,Pending,8,3.8,964.3,33.0,7.0
PROP-11755,3 BHK Apartment for sale in Brickell,Miami,Brickell,Apartment,1263753.51,1974.0,3,1,1971.0,2025-02-21,Active,4,3.3,640.2,55.0,5.0
PROP-11756,Commercial Space / Office in Lincoln Park,Chicago,Lincoln Park,Commercial,3877520.24,8179.0,0,9,2003.0,2024-12-11,Active,2,3.1,474.08,23.0,4.3
PROP-11757,Residential plot of 4401 sqft in Manhattan,New York,Manhattan,Plot,7330001.86,4401.0,0,0,1991.0,2024-02-04,Pending,3,3.5,1665.53,35.0,4.9
PROP-11758,Residential plot of 7531 sqft in Brooklyn,New York,Brooklyn,Plot,9402169.13,7531.0,0,0,1994.0,2024-03-25,Sold,8,4.8,1248.46,32.0,7.5
PROP-11759,4 BHK Apartment for sale in Loop,Chicago,Loop,Apartment,826053.55,2444.0,4,3,2004.0,2024-01-17,Sold,7,3.6,337.99,22.0,6.5
PROP-11760,Commercial Space / Office in West Lake Hills,Austin,West Lake Hills,Commercial,9751631.98,15256.0,0,6,1961.0,2024-05-28,Pending,4,4.3,639.2,65.0,5.8
PROP-11761,4 BHK Villa for sale in Pacific Heights,San Francisco,Pacific Heights,Villa,4352486.86,2111.0,4,5,2019.0,2025-04-24,Sold,9,4.7,2061.81,7.0,7.9
PROP-11762,Residential plot of 1489 sqft in Little Havana,Miami,Little Havana,Plot,634907.0,1489.0,0,0,1994.0,2024-01-12,Pending,9,4.7,426.4,32.0,8.1
PROP-11763,Commercial Space / Office in West Lake Hills,Austin,West Lake Hills,Commercial,6710271.65,10759.0,0,10,1987.0,2025-07-26,Sold,10,4.7,623.69,39.0,8.4
PROP-11764,4 BHK Apartment for sale in Lincoln Park,Chicago,Lincoln Park,Apartment,629826.2,1221.0,4,1,1990.0,2024-07-29,Pending,4,4.2,515.83,36.0,5.6
PROP-11765,Commercial Space / Office in East Austin,Austin,East Austin,Commercial,4795145.97,15269.0,0,7,1972.0,2024-02-29,Active,1,3.1,314.04,54.0,3.9
PROP-11766,Commercial Space / Office in Lincoln Park,Chicago,Lincoln Park,Commercial,13141223.59,23377.0,0,4,1982.0,2025-11-03,Active,3,3.3,562.14,44.0,4.5
PROP-11767,Commercial Space / Office in Mission District,San Francisco,Mission District,Commercial,5984118.41,4146.0,0,3,1962.0,2024-11-05,Pending,7,4.4,1443.35,64.0,6.8
PROP-11768,Residential plot of 4239 sqft in Marina,San Francisco,Marina,Plot,4981940.35,4239.0,0,0,1991.5,2025-06-10,Pending,5,3.2,1175.26,34.5,5.4
PROP-11769,Commercial Space / Office in South Beach,Miami,South Beach,Commercial,9905550.39,14593.0,0,6,2018.0,2025-11-03,Sold,10,4.3,678.79,8.0,7.9
PROP-11770,Commercial Space / Office in Coral Gables,Miami,Coral Gables,Commercial,20830684.62,23566.0,0,5,1994.0,2025-07-16,Sold,6,3.3,883.93,32.0,5.9
PROP-11771,Residential plot of 8250 sqft in Brooklyn,New York,Brooklyn,Plot,8683995.55,8250.0,0,0,1994.0,2025-06-25,Sold,9,4.2,1052.61,32.0,7.8
PROP-11772,3 BHK Apartment for sale in Hyde Park,Chicago,Hyde Park,Apartment,212447.96,823.0,3,1,1939.0,2025-06-07,Sold,10,4.4,258.14,87.0,8.3
PROP-11773,Commercial Space / Office in Pacific Heights,San Francisco,Pacific Heights,Commercial,15635829.0,6793.0,0,3,1971.0,2024-12-30,Active,9,4.0,2301.76,55.0,7.4
PROP-11774,1 BHK Apartment for sale in West Lake Hills,Austin,West Lake Hills,Apartment,1175511.87,1703.0,1,1,1981.0,2025-03-27,Pending,10,4.2,690.26,45.0,8.0
PROP-11775,Residential plot of 9236 sqft in Marina,San Francisco,Marina,Plot,10998982.15,9236.0,0,0,1991.5,2024-03-12,Sold,1,3.1,1190.88,34.5,3.7
PROP-11776,Residential plot of 9909 sqft in SOMA,San Francisco,SOMA,Plot,13522943.34,9909.0,0,0,1992.0,2025-11-08,Active,6,4.0,1364.71,34.0,6.3
PROP-11777,3 BHK Villa for sale in Pacific Heights,San Francisco,Pacific Heights,Villa,3905073.48,1894.0,3,2,1984.0,2024-10-28,Pending,2,4.9,2061.81,42.0,5.2
PROP-11778,4 BHK Apartment for sale in Queens,New York,Queens,Apartment,3035136.74,2370.0,4,3,2020.0,2024-02-07,Pending,2,4.2,1280.65,6.0,4.7
PROP-11779,Commercial Space / Office in Little Havana,Miami,Little Havana,Commercial,1706042.61,3516.0,0,9,1960.0,2025-10-19,Active,10,4.7,485.22,66.0,8.2
PROP-11780,2 BHK Apartment for sale in Downtown,Austin,Downtown,Apartment,275457.12,671.0,2,3,1948.0,2024-05-23,Active,7,4.2,410.52,78.0,6.9
PROP-11781,6 BHK Villa for sale in Downtown,Austin,Downtown,Villa,1086270.72,3830.0,6,5,2003.0,2024-12-23,Sold,10,4.0,283.62,23.0,8.5
PROP-11782,5 BHK Villa for sale in Lincoln Park,Chicago,Lincoln Park,Villa,2472245.0,4981.0,5,2,2007.0,2025-11-20,Active,2,4.1,496.34,19.0,4.8
PROP-11783,5 BHK Villa for sale in SOMA,San Francisco,SOMA,Villa,5125479.06,3291.0,5,4,2017.0,2025-06-04,Sold,5,3.1,1557.42,9.0,5.2
PROP-11784,Commercial Space / Office in Loop,Chicago,Loop,Commercial,6993759.61,19701.0,0,8,2015.0,2024-10-22,Pending,3,3.2,355.0,11.0,4.6
PROP-11785,Residential plot of 1218 sqft in South Beach,Miami,South Beach,Plot,676685.56,1218.0,0,0,1990.0,2025-02-20,Sold,4,4.2,555.57,36.0,5.7
PROP-11786,Commercial Space / Office in Brickell,Miami,Brickell,Commercial,6433853.46,9638.0,0,6,1996.0,2024-01-31,Active,10,4.8,667.55,30.0,8.3
PROP-11787,Residential plot of 8081 sqft in Marina,San Francisco,Marina,Plot,9306278.88,8081.0,0,0,1991.5,2024-08-13,Sold,9,4.3,1151.62,34.5,7.6
PROP-11788,5 BHK Villa for sale in Downtown,Austin,Downtown,Villa,981021.8,1931.0,5,4,2009.0,2025-10-28,Pending,5,3.6,508.04,17.0,5.5
PROP-11789,6 BHK Villa for sale in South Beach,Miami,South Beach,Villa,1382484.21,2584.0,6,4,1990.0,2025-10-07,Pending,7,4.3,535.02,36.0,7.0
PROP-11790,Commercial Space / Office in Lincoln Park,Chicago,Lincoln Park,Commercial,2321910.38,4963.0,0,8,1984.0,2025-07-07,Active,4,3.6,467.84,42.0,5.4
PROP-11791,3 BHK Apartment for sale in Little Havana,Miami,Little Havana,Apartment,692784.26,1310.0,3,2,1940.0,2025-05-17,Pending,1,3.3,528.84,86.0,3.8
PROP-11792,Residential plot of 4327 sqft in Pacific Heights,San Francisco,Pacific Heights,Plot,8651091.16,4327.0,0,0,1991.0,2024-12-15,Pending,1,3.0,1999.33,35.0,3.8
PROP-11793,Commercial Space / Office in West Lake Hills,Austin,West Lake Hills,Commercial,3384068.46,4538.0,0,7,2021.0,2024-12-13,Active,6,4.8,745.72,5.0,6.6
PROP-11794,Commercial Space / Office in Queens,New York,Queens,Commercial,14369065.96,11793.0,0,5,1978.0,2024-09-05,Sold,2,3.0,1218.44,48.0,4.1
PROP-11795,Residential plot of 5604 sqft in South Austin,Austin,South Austin,Plot,2795757.96,5604.0,0,0,1991.0,2025-07-05,Pending,9,4.7,498.89,35.0,7.8
PROP-11796,Residential plot of 3434 sqft in River North,Chicago,River North,Plot,1056470.89,3434.0,0,0,1986.0,2024-04-27,Sold,3,3.5,307.65,40.0,5.0
PROP-11797,4 BHK Apartment for sale in South Beach,Miami,South Beach,Apartment,1157278.73,2146.0,4,1,1959.0,2025-02-22,Pending,10,4.8,539.27,67.0,8.5
PROP-11798,Commercial Space / Office in East Austin,Austin,East Austin,Commercial,8703131.95,24012.0,0,6,1992.0,2025-06-29,Sold,8,4.6,362.45,34.0,7.4
PROP-11799,4 BHK Apartment for sale in South Austin,Austin,South Austin,Apartment,1071495.19,2341.0,4,3,2006.0,2024-07-10,Pending,1,5.0,457.71,20.0,4.9
PROP-11800,Residential plot of 7499 sqft in Lincoln Park,Chicago,Lincoln Park,Plot,3904867.14,7499.0,0,0,1989.5,2025-01-23,Sold,1,4.1,520.72,36.5,4.4
PROP-11801,5 BHK Villa for sale in Little Havana,Miami,Little Havana,Villa,2872350.55,5671.0,5,3,1984.0,2024-08-08,Pending,9,4.2,506.5,42.0,7.6
PROP-11802,3 BHK Apartment for sale in Bronx,New York,Bronx,Apartment,2115975.74,2118.0,3,1,1920.0,2024-05-04,Pending,2,3.6,999.04,106.0,4.4
PROP-11803,Residential plot of 4498 sqft in West Lake Hills,Austin,West Lake Hills,Plot,2643691.97,4498.0,0,0,1990.0,2025-09-19,Active,2,4.4,587.75,36.0,5.1
PROP-11804,Commercial Space / Office in West Lake Hills,Austin,West Lake Hills,Commercial,1402635.19,1933.0,0,3,1961.0,2024-07-29,Pending,4,3.6,725.63,65.0,5.2
PROP-11805,4 BHK Apartment for sale in West Lake Hills,Austin,West Lake Hills,Apartment,1200373.37,1548.0,4,1,2010.0,2024-05-13,Sold,10,4.6,775.43,16.0,8.1
PROP-11806,4 BHK Villa for sale in Downtown,Austin,Downtown,Villa,1556240.87,3112.0,4,3,1994.0,2024-11-25,Active,10,4.5,500.08,32.0,8.0
PROP-11807,Commercial Space / Office in Brickell,Miami,Brickell,Commercial,10677011.22,16067.0,0,9,2006.0,2024-09-18,Active,4,3.8,664.53,20.0,5.3
PROP-11808,3 BHK Villa for sale in Bronx,New York,Bronx,Villa,3071412.79,3066.0,3,3,2023.0,2024-05-10,Active,9,5.0,1001.77,3.0,8.1
PROP-11809,3 BHK Apartment for sale in SOMA,San Francisco,SOMA,Apartment,3183167.72,1978.0,2,3,1995.0,2025-03-17,Sold,3,4.8,1609.29,31.0,5.3
PROP-11810,4 BHK Villa for sale in Mission District,San Francisco,Mission District,Villa,6072590.13,3967.0,4,4,2013.0,2024-10-10,Sold,2,3.2,1530.78,13.0,4.1
PROP-11811,2 BHK Apartment for sale in South Austin,Austin,South Austin,Apartment,965332.86,2034.0,2,2,1991.0,2025-04-30,Active,5,4.1,474.6,35.0,5.9
PROP-11812,Residential plot of 7099 sqft in Bronx,New York,Bronx,Plot,6963709.03,7099.0,0,0,1993.0,2024-09-21,Sold,4,4.0,980.94,33.0,5.5
PROP-11813,Residential plot of 3904 sqft in Lincoln Park,Chicago,Lincoln Park,Plot,2042750.94,3904.0,0,0,1989.5,2025-04-17,Pending,8,4.0,523.25,36.5,7.1
PROP-11814,1 BHK Apartment for sale in Brooklyn,New York,Brooklyn,Apartment,1127800.93,1026.0,1,3,1964.0,2025-07-22,Sold,9,4.2,1099.22,62.0,7.7
PROP-11815,Residential plot of 1543 sqft in River North,Chicago,River North,Plot,474268.16,1543.0,0,0,1986.0,2024-03-24,Active,6,3.6,307.37,40.0,6.3
PROP-11816,Commercial Space / Office in Marina,San Francisco,Marina,Commercial,3977290.25,3444.0,0,6,1997.0,2024-03-30,Sold,9,4.1,1154.85,29.0,7.5
PROP-11817,4 BHK Apartment for sale in Loop,Chicago,Loop,Apartment,863813.15,2354.0,2,1,1987.0,2024-01-28,Sold,10,4.7,366.96,39.0,8.3
PROP-11818,4 BHK Villa for sale in SOMA,San Francisco,SOMA,Villa,5778111.59,4303.0,4,3,1983.0,2025-01-31,Pending,5,4.8,1342.81,43.0,6.5
PROP-11819,6 BHK Villa for sale in East Austin,Austin,East Austin,Villa,1848824.02,5805.0,6,2,1987.0,2024-12-09,Sold,2,4.7,318.49,39.0,5.3
PROP-11820,Residential plot of 9329 sqft in Loop,Chicago,Loop,Plot,3315914.61,9329.0,0,0,1991.0,2025-07-02,Sold,9,4.1,355.44,35.0,7.5
PROP-11821,Commercial Space / Office in Lincoln Park,Chicago,Lincoln Park,Commercial,9772473.02,20371.0,0,6,2013.0,2024-07-18,Pending,5,3.5,479.72,13.0,5.7
PROP-11822,Commercial Space / Office in River North,Chicago,River North,Commercial,4385345.69,11970.0,0,10,1988.0,2025-01-31,Pending,10,5.0,366.36,38.0,8.4
PROP-11823,Residential plot of 1591 sqft in Pacific Heights,San Francisco,Pacific Heights,Plot,3558506.49,1591.0,0,0,1991.0,2024-05-12,Pending,4,3.9,2236.65,35.0,5.3
PROP-11824,5 BHK Villa for sale in West Lake Hills,Austin,West Lake Hills,Villa,2598444.24,3919.0,5,2,1995.0,2024-12-23,Active,8,4.0,663.04,31.0,7.1
PROP-11825,4 BHK Apartment for sale in Brickell,Miami,Brickell,Apartment,805765.31,1333.0,4,2,2014.0,2024-10-10,Active,8,4.2,604.48,12.0,7.2
PROP-11826,Residential plot of 6148 sqft in Lincoln Park,Chicago,Lincoln Park,Plot,2843629.3,6148.0,0,0,1989.5,2024-05-24,Sold,4,4.7,462.53,36.5,6.1
PROP-11827,Residential plot of 5365 sqft in West Lake Hills,Austin,West Lake Hills,Plot,3829593.49,5365.0,0,0,1990.0,2025-02-07,Sold,1,3.5,713.81,36.0,3.9
PROP-11828,2 BHK Apartment for sale in Marina,San Francisco,Marina,Apartment,2185492.0,1717.0,2,1,2010.0,2025-08-12,Active,1,4.8,1272.85,16.0,4.6
PROP-11829,Commercial Space / Office in Coral Gables,Miami,Coral Gables,Commercial,18017297.88,17965.0,0,6,1991.0,2025-05-02,Pending,4,4.0,1002.91,35.0,5.3
PROP-11830,Commercial Space / Office in South Austin,Austin,South Austin,Commercial,4544376.85,9833.0,0,9,1993.0,2024-12-15,Pending,3,3.8,462.16,33.0,5.0
PROP-11831,Commercial Space / Office in Hyde Park,Chicago,Hyde Park,Commercial,5179180.49,16757.0,0,3,2000.0,2025-07-08,Active,3,4.2,309.08,26.0,5.1
PROP-11832,5 BHK Villa for sale in South Beach,Miami,South Beach,Villa,3494496.16,5582.0,5,4,2018.0,2025-06-17,Sold,4,4.4,626.03,8.0,5.7
PROP-11833,1 BHK Apartment for sale in Queens,New York,Queens,Apartment,2205584.19,1685.0,1,1,2000.0,2025-02-18,Pending,2,4.8,1308.95,26.0,5.1
PROP-11834,Residential plot of 1174 sqft in Coral Gables,Miami,Coral Gables,Plot,970380.81,1174.0,0,0,1991.0,2025-06-13,Pending,8,3.4,826.56,35.0,6.9
PROP-11835,3 BHK Villa for sale in Queens,New York,Queens,Villa,3519619.46,3313.0,3,2,1992.0,2025-04-07,Sold,4,4.6,1062.37,34.0,6.0
PROP-11836,Residential plot of 1682 sqft in Hyde Park,Chicago,Hyde Park,Plot,478141.09,1682.0,0,0,1993.0,2025-11-05,Pending,10,4.2,284.27,33.0,8.0
PROP-11837,Residential plot of 7935 sqft in West Lake Hills,Austin,West Lake Hills,Plot,5547842.86,7935.0,0,0,1990.0,2024-02-25,Pending,3,3.4,699.16,36.0,4.7
PROP-11838,4 BHK Villa for sale in Little Havana,Miami,Little Havana,Villa,1046920.39,1974.0,4,3,2002.0,2025-02-13,Active,4,3.1,530.35,24.0,4.8
PROP-11839,3 BHK Villa for sale in Brooklyn,New York,Brooklyn,Villa,2491059.06,3715.0,3,3,2020.0,2024-08-08,Pending,1,4.2,670.54,6.0,5.1
PROP-11840,Residential plot of 1533 sqft in Lincoln Park,Chicago,Lincoln Park,Plot,820909.14,1533.0,0,0,1989.5,2024-02-27,Pending,5,4.1,535.49,36.5,6.0
PROP-11841,5 BHK Villa for sale in River North,Chicago,River North,Villa,1118106.97,3031.0,5,4,2020.0,2024-08-30,Active,6,4.7,368.89,6.0,6.7
PROP-11842,3 BHK Villa for sale in Marina,San Francisco,Marina,Villa,5859560.02,4708.0,3,4,1991.0,2025-01-08,Sold,7,4.5,1244.6,35.0,6.8
PROP-11843,Commercial Space / Office in Mission District,San Francisco,Mission District,Commercial,15322906.5,10939.0,0,6,2007.0,2025-01-31,Pending,1,4.6,1400.76,19.0,4.6
PROP-11844,Residential plot of 7671 sqft in Downtown,Austin,Downtown,Plot,3671333.9,7671.0,0,0,1988.0,2024-02-12,Pending,3,3.9,478.6,38.0,5.0
PROP-11845,Residential plot of 2015 sqft in South Austin,Austin,South Austin,Plot,908868.97,2015.0,0,0,1991.0,2024-05-17,Pending,8,4.6,451.05,35.0,7.5
PROP-11846,Residential plot of 7061 sqft in River North,Chicago,River North,Plot,2311111.5,7061.0,0,0,1986.0,2024-04-30,Sold,8,3.3,327.31,40.0,6.8
PROP-11847,3 BHK Apartment for sale in River North,Chicago,River North,Apartment,226023.32,627.0,3,2,1966.0,2024-10-18,Pending,10,4.4,360.48,60.0,8.1
PROP-11848,Commercial Space / Office in Pacific Heights,San Francisco,Pacific Heights,Commercial,13026796.43,6047.0,0,7,1991.0,2024-12-17,Active,8,3.9,2154.26,35.0,7.0
PROP-11849,6 BHK Villa for sale in SOMA,San Francisco,SOMA,Villa,8793338.2,5754.0,6,4,1992.0,2024-10-16,Active,6,3.6,1528.21,34.0,5.9
PROP-11850,Residential plot of 6826 sqft in East Austin,Austin,East Austin,Plot,2547658.42,6826.0,0,0,1994.0,2024-12-10,Pending,7,4.6,373.23,32.0,7.0
PROP-11851,Commercial Space / Office in SOMA,San Francisco,SOMA,Commercial,20796675.03,14590.0,0,10,1963.0,2025-09-19,Active,7,5.0,1425.41,63.0,7.3
PROP-11852,3 BHK Apartment for sale in Queens,New York,Queens,Apartment,810224.99,681.0,3,2,2007.0,2024-11-24,Active,10,4.2,1189.76,19.0,8.0
PROP-11853,1 BHK Apartment for sale in Mission District,San Francisco,Mission District,Apartment,2451556.93,1823.0,1,1,1924.0,2025-07-19,Active,2,4.2,1344.79,102.0,4.9
PROP-11854,Commercial Space / Office in SOMA,San Francisco,SOMA,Commercial,27315971.44,17376.0,0,2,1971.0,2025-11-12,Active,10,4.4,1572.05,55.0,7.9
PROP-11855,Residential plot of 9515 sqft in Brickell,Miami,Brickell,Plot,5022789.08,9515.0,0,0,1995.5,2025-02-26,Pending,7,3.5,527.88,30.5,6.6
PROP-11856,2 BHK Apartment for sale in Brooklyn,New York,Brooklyn,Apartment,1284615.43,1102.0,2,3,2018.0,2024-10-26,Active,7,3.6,1165.71,8.0,6.5
PROP-11857,Commercial Space / Office in Marina,San Francisco,Marina,Commercial,15234050.78,15494.0,0,7,1993.0,2025-07-16,Pending,5,4.2,983.22,33.0,6.2
PROP-11858,Residential plot of 2504 sqft in West Lake Hills,Austin,West Lake Hills,Plot,1847578.06,2504.0,0,0,1990.0,2024-12-04,Pending,5,4.3,737.85,36.0,5.9
PROP-11859,Residential plot of 7397 sqft in Loop,Chicago,Loop,Plot,2525494.42,7397.0,0,0,1991.0,2025-06-15,Active,9,4.1,341.42,35.0,7.6
PROP-11860,Commercial Space / Office in Pacific Heights,San Francisco,Pacific Heights,Commercial,14736453.41,7086.0,0,2,1974.0,2024-08-23,Sold,5,3.1,2079.66,52.0,5.4
PROP-11861,5 BHK Villa for sale in East Austin,Austin,East Austin,Villa,1381301.02,3974.0,5,4,2017.0,2024-11-29,Pending,7,4.3,347.58,9.0,6.9
PROP-11862,Residential plot of 2099 sqft in South Beach,Miami,South Beach,Plot,1391534.82,2099.0,0,0,1990.0,2024-05-14,Sold,10,4.3,662.95,36.0,7.9
PROP-11863,Commercial Space / Office in Lincoln Park,Chicago,Lincoln Park,Commercial,6346477.0,13046.0,0,8,1966.0,2025-03-20,Pending,5,3.4,486.47,60.0,5.6
PROP-11864,1 BHK Apartment for sale in Hyde Park,Chicago,Hyde Park,Apartment,191311.46,781.0,1,1,1961.0,2025-08-11,Sold,6,4.3,244.96,65.0,6.7
PROP-11865,2 BHK Apartment for sale in East Austin,Austin,East Austin,Apartment,324221.76,884.0,2,1,2010.0,2025-05-02,Pending,4,3.4,366.77,16.0,5.1
PROP-11866,Commercial Space / Office in Mission District,San Francisco,Mission District,Commercial,26971220.65,17561.0,0,3,2007.0,2024-02-14,Active,3,4.2,1535.86,19.0,5.0
PROP-11867,2 BHK Apartment for sale in West Lake Hills,Austin,West Lake Hills,Apartment,1600631.73,2235.0,2,2,1922.0,2024-12-25,Pending,2,4.9,716.17,104.0,5.2
PROP-11868,Commercial Space / Office in Downtown,Austin,Downtown,Commercial,2221725.57,5046.0,0,5,1962.0,2024-01-12,Active,5,3.2,440.29,64.0,5.5
PROP-11869,Commercial Space / Office in Loop,Chicago,Loop,Commercial,1965090.69,6078.0,0,2,1978.0,2025-09-16,Pending,4,4.6,323.31,48.0,6.0
PROP-11870,Commercial Space / Office in SOMA,San Francisco,SOMA,Commercial,20446329.44,14560.0,0,7,1981.0,2025-03-04,Pending,10,4.3,1404.28,45.0,8.1
PROP-11871,3 BHK Villa for sale in River North,Chicago,River North,Villa,1708893.0,4372.0,3,2,1980.0,2024-12-30,Sold,7,4.1,390.87,46.0,6.6
PROP-11872,Commercial Space / Office in Mission District,San Francisco,Mission District,Commercial,29805871.98,23549.0,0,5,2011.0,2024-09-03,Active,10,4.8,1265.7,15.0,8.5
PROP-11873,Commercial Space / Office in East Austin,Austin,East Austin,Commercial,5837641.27,16501.0,0,2,2017.0,2024-10-30,Active,9,4.1,353.77,9.0,7.6
PROP-11874,1 BHK Apartment for sale in East Austin,Austin,East Austin,Apartment,787374.0,1976.0,1,2,1928.0,2025-10-30,Pending,5,4.1,398.47,98.0,5.8
PROP-11875,Commercial Space / Office in South Austin,Austin,South Austin,Commercial,3939503.0,8802.0,0,2,1980.0,2025-01-12,Active,8,4.4,447.57,46.0,7.4
PROP-11876,Commercial Space / Office in Hyde Park,Chicago,Hyde Park,Commercial,632724.59,2081.0,0,4,1966.0,2024-01-11,Sold,5,3.9,304.05,60.0,5.7
PROP-11877,Commercial Space / Office in SOMA,San Francisco,SOMA,Commercial,22068273.84,15715.0,0,10,1983.0,2024-04-21,Sold,10,4.4,1404.28,43.0,8.1
PROP-11878,3 BHK Apartment for sale in Brickell,Miami,Brickell,Apartment,1276910.73,1527.5,3,3,1966.0,2025-08-26,Pending,10,4.2,835.95,60.0,7.4
PROP-11879,Residential plot of 7319 sqft in Loop,Chicago,Loop,Plot,2446672.02,7319.0,0,0,1991.0,2025-10-06,Pending,3,5.0,334.29,35.0,5.7
PROP-11880,Commercial Space / Office in Loop,Chicago,Loop,Commercial,385682.21,1219.0,0,6,1985.0,2024-01-13,Sold,6,3.9,316.39,41.0,6.4
PROP-11881,3 BHK Villa for sale in Marina,San Francisco,Marina,Villa,5423457.23,4937.0,3,2,2015.0,2024-01-21,Active,10,4.8,1098.53,11.0,8.4
PROP-11882,2 BHK Apartment for sale in Manhattan,New York,Manhattan,Apartment,4349707.4,2286.0,2,1,1983.0,2025-11-13,Active,8,4.9,1902.76,43.0,7.5
PROP-11883,Residential plot of 3197 sqft in Loop,Chicago,Loop,Plot,1185301.72,3197.0,0,0,1991.0,2025-06-02,Active,2,4.1,370.75,35.0,4.6
PROP-11884,2 BHK Apartment for sale in Hyde Park,Chicago,Hyde Park,Apartment,452678.15,1420.0,2,3,1960.0,2025-01-05,Sold,2,5.0,318.79,66.0,5.1
PROP-11885,5 BHK Villa for sale in Pacific Heights,San Francisco,Pacific Heights,Villa,10089072.01,5564.0,5,3,2002.0,2025-05-22,Pending,8,4.5,1813.28,24.0,7.6
PROP-11886,Commercial Space / Office in Brooklyn,New York,Brooklyn,Commercial,13039064.99,9589.0,0,10,1988.0,2024-10-15,Sold,4,3.7,1359.79,38.0,5.2
PROP-11887,6 BHK Villa for sale in Coral Gables,Miami,Coral Gables,Villa,4270032.27,4967.0,6,2,1991.0,2024-02-06,Sold,4,3.1,859.68,35.0,5.0
PROP-11888,Commercial Space / Office in Loop,Chicago,Loop,Commercial,2915802.98,7908.0,0,7,1975.0,2024-08-05,Active,9,4.2,368.72,51.0,7.5
PROP-11889,4 BHK Villa for sale in Hyde Park,Chicago,Hyde Park,Villa,1139675.49,4515.0,4,5,2024.0,2024-05-19,Pending,9,4.3,252.42,2.0,7.8
PROP-11890,Residential plot of 8406 sqft in Brickell,Miami,Brickell,Plot,4636215.72,8406.0,0,0,1995.5,2024-06-18,Active,10,4.4,551.54,30.5,8.3
PROP-11891,Residential plot of 7119 sqft in Brooklyn,New York,Brooklyn,Plot,9405189.98,7119.0,0,0,1994.0,2025-10-21,Pending,6,4.9,1321.14,32.0,6.7
PROP-11892,Residential plot of 2215 sqft in South Beach,Miami,South Beach,Plot,1494312.31,2215.0,0,0,1990.0,2025-11-16,Pending,8,3.4,674.63,36.0,6.6
PROP-11893,4 BHK Apartment for sale in West Lake Hills,Austin,West Lake Hills,Apartment,1637938.42,2343.0,4,1,1926.0,2025-06-11,Active,7,4.2,699.08,100.0,6.8
PROP-11894,4 BHK Apartment for sale in South Austin,Austin,South Austin,Apartment,784748.54,1597.0,4,2,1920.0,2025-07-03,Active,7,4.1,491.39,106.0,6.7
PROP-11895,4 BHK Apartment for sale in Manhattan,New York,Manhattan,Apartment,1425171.0,798.0,4,3,1995.0,2025-09-29,Pending,10,4.9,1785.93,31.0,8.4
PROP-11896,5 BHK Villa for sale in Little Havana,Miami,Little Havana,Villa,1669769.68,3810.0,5,5,2000.0,2024-11-10,Sold,2,3.2,438.26,26.0,4.4
PROP-11897,Residential plot of 7297 sqft in Manhattan,New York,Manhattan,Plot,11902744.3,7297.0,0,0,1991.0,2024-12-08,Pending,9,4.0,1631.18,35.0,7.6
PROP-11898,5 BHK Villa for sale in West Lake Hills,Austin,West Lake Hills,Villa,2858890.5,3847.0,5,2,2011.0,2024-03-26,Active,5,3.5,743.15,15.0,5.5
PROP-11899,2 BHK Apartment for sale in West Lake Hills,Austin,West Lake Hills,Apartment,450157.4,603.0,2,3,1987.0,2024-03-19,Sold,6,3.2,746.53,39.0,5.7
PROP-11900,6 BHK Villa for sale in Mission District,San Francisco,Mission District,Villa,3257727.53,2674.0,6,4,2005.0,2025-06-10,Sold,6,3.9,1218.3,21.0,6.4
PROP-11901,Commercial Space / Office in SOMA,San Francisco,SOMA,Commercial,17995056.42,12785.0,0,2,1968.0,2025-09-03,Active,8,4.8,1407.51,58.0,7.6
PROP-11902,Commercial Space / Office in South Beach,Miami,South Beach,Commercial,11123238.84,19540.0,0,2,2005.0,2024-11-07,Active,4,4.6,569.25,21.0,5.9
PROP-11903,Residential plot of 5657 sqft in Coral Gables,Miami,Coral Gables,Plot,4338052.11,5657.0,0,0,1991.0,2024-03-27,Sold,6,4.4,766.85,35.0,6.8
PROP-11904,Commercial Space / Office in Queens,New York,Queens,Commercial,6423263.75,6040.0,0,2,2017.0,2024-06-15,Active,2,3.9,1063.45,9.0,4.8
PROP-11905,Commercial Space / Office in East Austin,Austin,East Austin,Commercial,4059118.18,12927.0,0,6,1994.0,2025-07-09,Active,10,4.7,314.0,32.0,8.5
PROP-11906,2 BHK Apartment for sale in Hyde Park,Chicago,Hyde Park,Apartment,253951.66,891.0,2,3,1934.0,2024-01-27,Active,4,3.1,285.02,92.0,4.9
PROP-11907,3 BHK Villa for sale in SOMA,San Francisco,SOMA,Villa,6011417.2,3853.0,3,3,1989.0,2024-09-14,Pending,10,4.6,1560.19,37.0,8.1
PROP-11908,Commercial Space / Office in South Austin,Austin,South Austin,Commercial,994471.61,2289.0,0,9,1990.0,2024-11-14,Sold,4,4.3,434.46,36.0,5.8
PROP-11909,Residential plot of 9832 sqft in River North,Chicago,River North,Plot,3648497.9,9832.0,0,0,1986.0,2025-05-26,Active,2,3.1,371.08,40.0,4.1
PROP-11910,5 BHK Villa for sale in Manhattan,New York,Manhattan,Villa,3979793.84,2093.0,5,2,1981.0,2025-09-04,Pending,5,3.6,1901.48,45.0,5.6
PROP-11911,6 BHK Villa for sale in Bronx,New York,Bronx,Villa,3202633.73,3257.0,6,5,1994.0,2024-11-22,Active,9,4.8,983.31,32.0,8.0
PROP-11912,1 BHK Apartment for sale in Marina,San Francisco,Marina,Apartment,2705348.43,2311.0,1,2,1943.0,2024-08-25,Pending,4,3.2,1170.64,83.0,5.0
PROP-11913,5 BHK Villa for sale in Brickell,Miami,Brickell,Villa,2199397.2,3843.0,5,5,1983.0,2025-04-25,Sold,1,4.0,572.31,43.0,4.4
PROP-11914,Residential plot of 7191 sqft in West Lake Hills,Austin,West Lake Hills,Plot,4860577.0,7191.0,0,0,1990.0,2025-02-28,Active,4,4.1,675.93,36.0,5.5
PROP-11915,Residential plot of 5553 sqft in Queens,New York,Queens,Plot,7159876.74,5553.0,0,0,1988.0,2024-06-15,Sold,6,3.7,1289.37,38.0,6.0
PROP-11916,1 BHK Apartment for sale in Queens,New York,Queens,Apartment,1206624.85,1102.0,1,3,1972.0,2024-12-28,Sold,2,3.1,1094.94,54.0,4.3
PROP-11917,Residential plot of 6491 sqft in Lincoln Park,Chicago,Lincoln Park,Plot,3646974.92,6491.0,0,0,1989.5,2024-09-14,Active,8,4.8,561.85,36.5,7.5
PROP-11918,2 BHK Apartment for sale in River North,Chicago,River North,Apartment,887074.69,2309.0,2,1,2001.0,2024-04-24,Active,8,3.1,384.18,25.0,6.4
PROP-11919,Residential plot of 2966 sqft in East Austin,Austin,East Austin,Plot,930213.11,2966.0,0,0,1994.0,2024-06-14,Pending,10,4.8,313.63,32.0,8.6
PROP-11920,4 BHK Apartment for sale in South Austin,Austin,South Austin,Apartment,621680.0,1595.0,4,1,1950.0,2025-03-18,Pending,10,4.7,389.77,76.0,8.5
PROP-11921,Residential plot of 1613 sqft in Marina,San Francisco,Marina,Plot,2032937.47,1613.0,0,0,1991.5,2024-05-12,Active,5,3.2,1260.35,34.5,5.2
PROP-11922,4 BHK Apartment for sale in Pacific Heights,San Francisco,Pacific Heights,Apartment,3938305.27,1799.0,4,3,1977.0,2025-10-09,Active,5,4.1,2189.16,49.0,5.9
PROP-11923,Residential plot of 5191 sqft in Queens,New York,Queens,Plot,5692950.26,5191.0,0,0,1988.0,2024-07-28,Active,2,3.1,1096.7,38.0,4.3
PROP-11924,3 BHK Apartment for sale in West Lake Hills,Austin,West Lake Hills,Apartment,1070022.59,1788.0,3,1,1945.0,2024-12-10,Sold,8,4.1,598.45,81.0,7.3
PROP-11925,Commercial Space / Office in SOMA,San Francisco,SOMA,Commercial,7114205.77,5275.0,0,3,1991.0,2024-03-19,Sold,10,4.6,1348.66,35.0,8.3
PROP-11926,4 BHK Apartment for sale in River North,Chicago,River North,Apartment,465624.58,1524.0,4,2,2004.0,2024-08-06,Active,9,4.2,305.53,22.0,7.8
PROP-11927,3 BHK Apartment for sale in Queens,New York,Queens,Apartment,1346196.81,1153.0,3,3,1984.0,2025-06-06,Active,8,4.7,1167.56,42.0,7.6
PROP-11928,1 BHK Apartment for sale in Little Havana,Miami,Little Havana,Apartment,933588.96,1782.0,1,2,1982.0,2025-06-06,Active,10,5.0,523.9,44.0,8.4
PROP-11929,6 BHK Villa for sale in East Austin,Austin,East Austin,Villa,1209178.5,3296.0,5,2,2023.0,2024-09-14,Pending,4,4.0,366.86,3.0,5.4
PROP-11930,Commercial Space / Office in Queens,New York,Queens,Commercial,9518375.31,7091.0,0,2,2003.0,2025-01-02,Pending,6,4.5,1342.32,23.0,6.5
PROP-11931,Commercial Space / Office in River North,Chicago,River North,Commercial,8838797.67,22113.0,0,4,2022.0,2024-04-18,Active,1,4.2,399.71,4.0,4.2
PROP-11932,2 BHK Apartment for sale in Coral Gables,Miami,Coral Gables,Apartment,1667990.61,2102.0,2,2,1971.0,2025-03-30,Pending,9,4.9,793.53,55.0,8.2
PROP-11933,3 BHK Apartment for sale in River North,Chicago,River North,Apartment,318817.92,1026.0,3,1,1975.0,2024-10-26,Pending,1,4.4,310.74,51.0,4.7
PROP-11934,2 BHK Apartment for sale in Little Havana,Miami,Little Havana,Apartment,517745.07,996.0,2,2,1979.0,2024-10-19,Active,1,3.9,519.82,47.0,4.1
PROP-11935,1 BHK Apartment for sale in Little Havana,Miami,Little Havana,Apartment,987733.74,1808.0,1,2,2022.0,2025-06-09,Pending,8,4.2,546.31,4.0,7.0
PROP-11936,Commercial Space / Office in Brickell,Miami,Brickell,Commercial,5425448.14,10257.0,0,10,1967.0,2025-11-27,Active,9,5.0,528.95,59.0,8.3
PROP-11937,3 BHK Apartment for sale in Hyde Park,Chicago,Hyde Park,Apartment,454106.57,1449.0,3,3,1930.0,2025-05-01,Active,5,3.5,313.39,96.0,5.4
PROP-11938,Residential plot of 7224 sqft in Hyde Park,Chicago,Hyde Park,Plot,1803096.0,7224.0,0,0,1993.0,2024-04-03,Sold,3,3.4,249.6,33.0,4.9
PROP-11939,4 BHK Apartment for sale in Manhattan,New York,Manhattan,Apartment,881442.82,556.0,4,1,1982.0,2025-02-15,Active,3,4.6,1585.33,44.0,5.6
PROP-11940,Residential plot of 5350 sqft in River North,Chicago,River North,Plot,1909502.99,5350.0,0,0,1986.0,2024-11-19,Active,2,4.7,356.92,40.0,5.1
PROP-11941,5 BHK Villa for sale in Coral Gables,Miami,Coral Gables,Villa,2052373.36,2498.0,5,4,2000.0,2024-11-20,Active,7,4.1,821.61,26.0,6.8
PROP-11942,4 BHK Villa for sale in Coral Gables,Miami,Coral Gables,Villa,2503362.94,2894.0,4,4,2015.0,2024-08-23,Sold,1,4.4,865.02,11.0,4.5
PROP-11943,1 BHK Apartment for sale in South Beach,Miami,South Beach,Apartment,722400.66,1147.0,1,2,2011.0,2024-03-31,Sold,10,4.4,629.82,15.0,8.1
PROP-11944,Commercial Space / Office in River North,Chicago,River North,Commercial,3502505.0,10347.0,0,6,1996.0,2025-08-24,Pending,7,3.6,338.5,30.0,6.5
PROP-11945,Residential plot of 3062 sqft in Brickell,Miami,Brickell,Plot,2090889.07,3062.0,0,0,1995.5,2025-11-18,Pending,4,4.0,682.85,30.5,5.3
PROP-11946,Commercial Space / Office in Coral Gables,Miami,Coral Gables,Commercial,16032311.84,20097.0,0,3,1968.0,2024-09-17,Active,6,4.2,797.75,58.0,6.6
PROP-11947,6 BHK Villa for sale in Loop,Chicago,Loop,Villa,1380727.47,3871.0,6,2,2008.0,2025-02-10,Pending,2,4.4,356.68,18.0,4.9
PROP-11948,Residential plot of 9331 sqft in Brooklyn,New York,Brooklyn,Plot,12656493.0,9331.0,0,0,1994.0,2024-09-21,Active,8,4.1,1356.39,32.0,7.0
PROP-11949,Residential plot of 5301 sqft in Bronx,New York,Bronx,Plot,4838771.39,5301.0,0,0,1993.0,2024-11-09,Sold,6,4.4,912.8,33.0,6.6
PROP-11950,6 BHK Villa for sale in Brooklyn,New York,Brooklyn,Villa,3453807.33,2694.0,6,4,2023.0,2025-11-05,Pending,2,4.1,1282.04,3.0,4.6
PROP-11951,3 BHK Villa for sale in Brickell,Miami,Brickell,Villa,3358752.96,4974.0,3,5,2006.0,2024-10-04,Sold,5,5.0,675.26,20.0,6.3
PROP-11952,1 BHK Apartment for sale in Little Havana,Miami,Little Havana,Apartment,1344004.59,2475.0,1,2,1920.0,2024-05-14,Sold,3,3.1,543.03,106.0,4.4
PROP-11953,Commercial Space / Office in Brickell,Miami,Brickell,Commercial,9179747.88,16778.0,0,6,1971.0,2024-08-03,Pending,4,4.8,547.13,55.0,6.1
PROP-11954,Commercial Space / Office in Marina,San Francisco,Marina,Commercial,3491358.0,3615.0,0,7,1967.0,2024-05-21,Pending,8,4.5,965.8,59.0,7.6
PROP-11955,Residential plot of 9138 sqft in Little Havana,Miami,Little Havana,Plot,3818155.0,9138.0,0,0,1994.0,2024-12-31,Active,1,3.7,417.83,32.0,4.3
PROP-11956,4 BHK Apartment for sale in Little Havana,Miami,Little Havana,Apartment,320133.76,605.0,4,3,1946.0,2025-04-23,Active,2,5.0,529.15,80.0,5.2
PROP-11957,5 BHK Villa for sale in East Austin,Austin,East Austin,Villa,1777528.0,5518.0,5,2,2013.0,2025-07-11,Active,10,4.2,322.13,13.0,8.2
PROP-11958,6 BHK Villa for sale in Queens,New York,Queens,Villa,4912583.8,4448.0,6,2,1988.0,2024-03-18,Sold,10,4.5,1104.45,38.0,8.3
PROP-11959,Commercial Space / Office in Mission District,San Francisco,Mission District,Commercial,25366876.15,20824.0,0,6,2020.0,2024-12-10,Sold,5,3.2,1218.16,6.0,5.6
PROP-11960,Commercial Space / Office in River North,Chicago,River North,Commercial,4831104.0,12163.0,0,10,1981.0,2024-01-06,Sold,2,3.6,397.2,45.0,4.3
PROP-11961,Residential plot of 3096 sqft in Marina,San Francisco,Marina,Plot,3410631.55,3096.0,0,0,1991.5,2025-05-28,Pending,2,4.1,1101.63,34.5,4.8
PROP-11962,Residential plot of 5247 sqft in South Austin,Austin,South Austin,Plot,2649209.08,5247.0,0,0,1991.0,2024-05-29,Pending,5,4.3,504.9,35.0,5.9
PROP-11963,Commercial Space / Office in Coral Gables,Miami,Coral Gables,Commercial,12165717.32,15717.0,0,6,2021.0,2025-07-23,Sold,7,4.1,774.05,5.0,7.0
PROP-11964,Residential plot of 2409 sqft in East Austin,Austin,East Austin,Plot,751359.75,2409.0,0,0,1994.0,2025-10-23,Pending,8,4.3,311.9,32.0,7.5
PROP-11965,Residential plot of 8446 sqft in Lincoln Park,Chicago,Lincoln Park,Plot,4397847.08,8446.0,0,0,1989.5,2024-03-15,Pending,10,4.8,520.7,36.5,8.4
PROP-11966,5 BHK Villa for sale in Brickell,Miami,Brickell,Villa,1079803.22,1919.0,5,5,1980.0,2025-05-09,Active,7,3.7,562.69,46.0,6.6
PROP-11967,6 BHK Villa for sale in Lincoln Park,Chicago,Lincoln Park,Villa,1763547.57,3102.0,6,3,1990.0,2024-04-30,Pending,8,5.0,568.52,36.0,7.6
PROP-11968,Residential plot of 3324 sqft in Hyde Park,Chicago,Hyde Park,Plot,988137.79,3324.0,0,0,1993.0,2024-07-04,Pending,7,3.0,297.27,33.0,6.0
PROP-11969,Commercial Space / Office in West Lake Hills,Austin,West Lake Hills,Commercial,14669019.15,23864.0,0,5,1961.0,2024-10-02,Active,7,3.7,614.69,65.0,6.7
PROP-11970,Commercial Space / Office in Coral Gables,Miami,Coral Gables,Commercial,13462444.06,17329.0,0,2,1987.0,2025-05-25,Pending,2,4.7,776.87,39.0,5.3
PROP-11971,Residential plot of 4227 sqft in Downtown,Austin,Downtown,Plot,1837963.45,4227.0,0,0,1988.0,2025-03-24,Sold,9,4.9,434.82,38.0,8.1
PROP-11972,Residential plot of 6325 sqft in West Lake Hills,Austin,West Lake Hills,Plot,3955533.28,6325.0,0,0,1990.0,2025-01-18,Pending,7,3.2,625.38,36.0,6.3
PROP-11973,5 BHK Villa for sale in Downtown,Austin,Downtown,Villa,2324550.86,5944.0,5,3,2020.0,2024-04-21,Sold,10,4.2,391.08,6.0,8.2
PROP-11974,1 BHK Apartment for sale in SOMA,San Francisco,SOMA,Apartment,2452133.21,1653.0,1,1,1979.0,2024-05-05,Active,3,3.6,1483.44,47.0,4.8
PROP-11975,Residential plot of 8612 sqft in Loop,Chicago,Loop,Plot,3149751.75,8612.0,0,0,1991.0,2025-01-23,Pending,6,3.8,365.74,35.0,6.1
PROP-11976,Residential plot of 7564 sqft in Bronx,New York,Bronx,Plot,7243032.62,7564.0,0,0,1993.0,2025-11-14,Pending,6,4.6,957.57,33.0,6.7
PROP-11977,Residential plot of 1137 sqft in River North,Chicago,River North,Plot,397965.99,1137.0,0,0,1986.0,2024-12-16,Active,10,4.3,350.01,40.0,8.1
PROP-11978,Commercial Space / Office in Queens,New York,Queens,Commercial,24437127.0,10371.0,0,10,1992.0,2024-05-27,Pending,5,3.3,2356.29,34.0,4.1
PROP-11979,4 BHK Villa for sale in Bronx,New York,Bronx,Villa,5040100.94,5629.0,4,5,2023.0,2024-03-04,Pending,3,3.6,895.38,3.0,5.0
PROP-11980,2 BHK Apartment for sale in Queens,New York,Queens,Apartment,755010.28,682.0,2,3,1950.0,2024-01-21,Active,2,4.6,1107.05,76.0,5.2
PROP-11981,Residential plot of 5743 sqft in West Lake Hills,Austin,West Lake Hills,Plot,3708453.4,5743.0,0,0,1990.0,2025-08-06,Pending,2,3.6,645.73,36.0,4.5
PROP-11982,2 BHK Apartment for sale in Lincoln Park,Chicago,Lincoln Park,Apartment,1275077.48,2461.0,2,3,1984.0,2024-04-01,Pending,6,4.9,518.11,42.0,6.9
PROP-11983,Residential plot of 8601 sqft in Pacific Heights,San Francisco,Pacific Heights,Plot,18892918.65,8601.0,0,0,1991.0,2024-05-24,Sold,7,4.8,2196.6,35.0,7.1
PROP-11984,Residential plot of 6022 sqft in Bronx,New York,Bronx,Plot,6013209.89,6022.0,0,0,1993.0,2025-03-07,Active,10,4.8,998.54,33.0,8.3
PROP-11985,Commercial Space / Office in Coral Gables,Miami,Coral Gables,Commercial,6666112.0,7266.0,0,8,1990.0,2025-09-12,Active,2,4.6,917.44,36.0,5.0
PROP-11986,Residential plot of 1147 sqft in Manhattan,New York,Manhattan,Plot,1871274.6,1147.0,0,0,1991.0,2025-11-07,Active,5,3.2,1631.45,35.0,5.5
PROP-11987,Commercial Space / Office in Queens,New York,Queens,Commercial,13927948.13,10985.0,0,6,1986.0,2024-06-03,Pending,6,3.9,1267.91,40.0,6.2
PROP-11988,Residential plot of 3154 sqft in Downtown,Austin,Downtown,Plot,1369593.0,3154.0,0,0,1988.0,2024-11-26,Sold,4,4.9,434.24,38.0,6.1
PROP-11989,Residential plot of 2004 sqft in East Austin,Austin,East Austin,Plot,643771.93,2004.0,0,0,1994.0,2024-10-16,Active,6,3.1,321.24,32.0,5.9
PROP-11990,6 BHK Villa for sale in Brickell,Miami,Brickell,Villa,1250920.38,2243.0,6,2,1988.0,2024-01-05,Active,2,3.0,557.7,38.0,4.2
PROP-11991,Commercial Space / Office in South Austin,Austin,South Austin,Commercial,9547099.11,21630.0,0,5,1991.0,2024-12-17,Pending,2,3.9,441.38,35.0,4.7
PROP-11992,Commercial Space / Office in South Beach,Miami,South Beach,Commercial,4044107.01,6889.0,0,8,1986.0,2024-12-13,Active,10,4.8,587.04,40.0,8.4
PROP-11993,Residential plot of 2609 sqft in Brooklyn,New York,Brooklyn,Plot,2856254.6,2609.0,0,0,1994.0,2024-09-17,Active,4,4.1,1094.77,32.0,5.7
PROP-11994,Residential plot of 8752 sqft in Coral Gables,Miami,Coral Gables,Plot,7141761.8,8752.0,0,0,1991.0,2025-08-01,Active,10,4.9,816.01,35.0,8.6
PROP-11995,Residential plot of 6941 sqft in Brooklyn,New York,Brooklyn,Plot,7867074.91,6941.0,0,0,1994.0,2025-11-14,Pending,3,3.2,1133.42,32.0,4.7
PROP-11996,Residential plot of 1751 sqft in Mission District,San Francisco,Mission District,Plot,2086525.25,1751.0,0,0,1994.0,2024-10-09,Active,7,3.5,1191.62,32.0,6.6
PROP-11997,Residential plot of 3560 sqft in Marina,San Francisco,Marina,Plot,4214492.1,3560.0,0,0,1991.5,2024-01-08,Pending,3,3.3,1183.85,34.5,4.6
PROP-11998,Commercial Space / Office in Pacific Heights,San Francisco,Pacific Heights,Commercial,50452715.65,21552.0,0,10,2017.0,2025-04-01,Pending,8,3.2,2340.98,9.0,6.5
PROP-11999,4 BHK Apartment for sale in Manhattan,New York,Manhattan,Apartment,3831731.92,1863.0,4,1,2001.0,2024-12-16,Pending,10,4.9,2056.75,25.0,8.2
PROP-12000,6 BHK Villa for sale in West Lake Hills,Austin,West Lake Hills,Villa,2471991.2,4046.0,6,3,1994.0,2024-10-20,Pending,7,4.7,610.97,32.0,7.3
PROP-12001,Commercial Space / Office in Pacific Heights,San Francisco,Pacific Heights,Commercial,41296745.49,17222.0,0,5,1980.0,2024-03-10,Sold,6,3.2,2397.91,46.0,5.7
PROP-12002,Residential plot of 1206 sqft in East Austin,Austin,East Austin,Plot,374477.11,1206.0,0,0,1994.0,2025-10-17,Active,4,3.9,310.51,32.0,5.6
PROP-12003,2 BHK Apartment for sale in East Austin,Austin,East Austin,Apartment,564370.12,1654.0,2,1,1936.0,2024-09-28,Pending,10,4.2,341.22,90.0,8.1
PROP-12004,Commercial Space / Office in Queens,New York,Queens,Commercial,9957136.79,8012.0,0,2,1971.0,2025-04-28,Active,4,4.2,1242.78,55.0,5.6
PROP-12005,Residential plot of 3503 sqft in Pacific Heights,San Francisco,Pacific Heights,Plot,6619630.39,3503.0,0,0,1991.0,2025-10-15,Active,5,4.2,1889.7,35.0,6.2
PROP-12006,2 BHK Apartment for sale in Hyde Park,Chicago,Hyde Park,Apartment,420846.8,1602.0,2,3,2004.0,2025-05-25,Sold,10,5.0,262.7,22.0,8.6
PROP-12007,Commercial Space / Office in Coral Gables,Miami,Coral Gables,Commercial,21067205.0,23282.0,0,6,1973.0,2025-06-01,Sold,6,4.8,904.87,53.0,6.8
PROP-12008,4 BHK Villa for sale in Lincoln Park,Chicago,Lincoln Park,Villa,2446758.86,4915.0,4,3,1989.0,2024-06-11,Sold,5,4.4,497.81,37.0,6.2
PROP-12009,5 BHK Villa for sale in Queens,New York,Queens,Villa,4413759.27,3773.0,5,4,2007.0,2024-04-17,Active,5,4.2,1169.83,19.0,6.0
PROP-12010,5 BHK Villa for sale in Marina,San Francisco,Marina,Villa,4547443.03,3852.0,5,2,1995.0,2025-10-27,Sold,6,3.2,1180.54,31.0,5.7
PROP-12011,3 BHK Villa for sale in East Austin,Austin,East Austin,Villa,1151595.31,3727.0,3,3,2014.0,2025-02-08,Active,5,3.9,308.99,12.0,6.0
PROP-12012,1 BHK Apartment for sale in Lincoln Park,Chicago,Lincoln Park,Apartment,397061.02,827.0,1,1,1969.0,2025-05-28,Active,1,3.0,480.12,57.0,3.8
PROP-12013,1 BHK Apartment for sale in Marina,San Francisco,Marina,Apartment,2096071.54,2072.0,1,3,1990.0,2024-06-20,Active,4,3.2,1011.62,36.0,5.2
PROP-12014,3 BHK Apartment for sale in Downtown,Austin,Downtown,Apartment,712607.99,1495.0,3,2,1993.0,2024-01-15,Active,4,4.3,476.66,33.0,5.6
PROP-12015,Residential plot of 5213 sqft in SOMA,San Francisco,SOMA,Plot,8373635.0,5213.0,0,0,1992.0,2025-06-06,Pending,4,3.7,1606.3,34.0,5.1
PROP-12016,Commercial Space / Office in Loop,Chicago,Loop,Commercial,7300393.0,24446.0,0,10,1988.0,2025-05-09,Active,1,4.7,298.63,38.0,4.9
PROP-12017,Residential plot of 3928 sqft in South Beach,Miami,South Beach,Plot,2595338.0,3928.0,0,0,1990.0,2024-06-20,Sold,3,3.1,660.73,36.0,4.4
PROP-12018,4 BHK Villa for sale in Downtown,Austin,Downtown,Villa,1886854.67,4669.0,4,5,2004.0,2024-05-31,Active,5,3.2,404.12,22.0,5.6
PROP-12019,Commercial Space / Office in SOMA,San Francisco,SOMA,Commercial,5958166.62,4326.0,0,3,1985.0,2024-04-23,Pending,10,4.7,1377.29,41.0,8.3
PROP-12020,Commercial Space / Office in Queens,New York,Queens,Commercial,7229133.77,6547.0,0,8,1988.0,2024-01-17,Active,10,4.1,1104.19,38.0,8.1
PROP-12021,Residential plot of 2271 sqft in Queens,New York,Queens,Plot,2813769.85,2271.0,0,0,1988.0,2024-10-14,Active,6,3.1,1239.0,38.0,5.7
PROP-12022,Residential plot of 9018 sqft in Coral Gables,Miami,Coral Gables,Plot,7986132.16,9018.0,0,0,1991.0,2024-08-26,Sold,5,4.2,885.58,35.0,6.1
PROP-12023,Commercial Space / Office in Mission District,San Francisco,Mission District,Commercial,27303436.39,22622.0,0,6,2013.0,2025-06-06,Pending,1,3.2,1206.94,13.0,4.0
PROP-12024,3 BHK Villa for sale in Lincoln Park,Chicago,Lincoln Park,Villa,900855.49,2011.0,3,3,1988.0,2024-04-20,Active,2,4.2,447.96,38.0,5.0
PROP-12025,1 BHK Apartment for sale in South Beach,Miami,South Beach,Apartment,584145.94,1527.5,1,2,1990.0,2025-11-21,Sold,7,4.7,382.42,36.0,7.7
PROP-12026,Commercial Space / Office in Coral Gables,Miami,Coral Gables,Commercial,7444660.68,7397.0,0,3,1970.0,2024-09-17,Pending,10,4.6,1006.44,56.0,8.1
PROP-12027,3 BHK Apartment for sale in South Beach,Miami,South Beach,Apartment,1190970.75,2042.0,3,2,1990.0,2025-02-15,Pending,4,4.2,583.24,36.0,5.7
PROP-12028,Commercial Space / Office in Brickell,Miami,Brickell,Commercial,7482442.72,11040.0,0,7,1996.0,2025-05-09,Pending,1,3.3,677.76,30.0,3.7
PROP-12029,Commercial Space / Office in South Austin,Austin,South Austin,Commercial,6185639.17,15431.0,0,9,2002.0,2024-07-13,Active,10,4.6,400.86,24.0,8.4
PROP-12030,Commercial Space / Office in Lincoln Park,Chicago,Lincoln Park,Commercial,8685454.5,16026.0,0,4,1999.0,2024-07-13,Sold,6,4.4,541.96,27.0,6.5
PROP-12031,Commercial Space / Office in Brooklyn,New York,Brooklyn,Commercial,9593249.33,7404.0,0,10,1979.0,2024-10-20,Pending,3,4.4,1295.68,47.0,5.3
PROP-12032,4 BHK Apartment for sale in South Austin,Austin,South Austin,Apartment,906642.33,1854.0,4,2,1941.0,2024-06-08,Pending,4,4.7,489.02,85.0,5.8
PROP-12033,3 BHK Villa for sale in Bronx,New York,Bronx,Villa,4073407.99,4013.0,3,2,1996.0,2024-05-16,Pending,4,3.5,1015.05,30.0,5.1
PROP-12034,6 BHK Villa for sale in Little Havana,Miami,Little Havana,Villa,2142412.32,4785.0,6,2,1998.0,2025-01-07,Sold,2,4.5,447.74,28.0,5.1
PROP-12035,Commercial Space / Office in Manhattan,New York,Manhattan,Commercial,17956936.87,9688.0,0,6,1978.0,2024-12-06,Pending,5,4.5,1853.52,48.0,6.2
PROP-12036,2 BHK Apartment for sale in West Lake Hills,Austin,West Lake Hills,Apartment,390326.85,652.0,2,3,1934.0,2025-02-21,Pending,10,4.3,598.66,92.0,8.3
PROP-12038,3 BHK Apartment for sale in Queens,New York,Queens,Apartment,2443047.44,1622.0,3,2,1992.0,2024-08-28,Pending,9,4.3,1506.19,34.0,7.3
PROP-12039,Commercial Space / Office in South Austin,Austin,South Austin,Commercial,4320736.63,11110.0,0,5,2007.0,2025-10-12,Pending,7,3.0,388.91,19.0,6.3
PROP-12040,Commercial Space / Office in River North,Chicago,River North,Commercial,7997498.72,20894.0,0,3,2016.0,2024-03-06,Pending,10,4.6,382.77,10.0,8.1
PROP-12041,2 BHK Apartment for sale in Loop,Chicago,Loop,Apartment,224692.76,720.0,2,2,1920.0,2024-07-14,Active,1,4.8,312.07,106.0,4.9
PROP-12042,3 BHK Villa for sale in Little Havana,Miami,Little Havana,Villa,1433622.0,3214.0,3,5,1985.0,2025-09-23,Active,6,3.1,446.06,41.0,5.9
PROP-12043,1 BHK Apartment for sale in Hyde Park,Chicago,Hyde Park,Apartment,477007.96,1825.0,1,2,1930.0,2024-10-03,Pending,1,4.3,261.37,96.0,4.6
PROP-12044,Residential plot of 9500 sqft in Queens,New York,Queens,Plot,12099837.0,9500.0,0,0,1988.0,2024-11-25,Sold,10,5.0,1273.67,38.0,8.4
PROP-12045,4 BHK Apartment for sale in Lincoln Park,Chicago,Lincoln Park,Apartment,594535.0,1143.0,4,2,1990.0,2025-09-07,Active,7,3.9,520.15,36.0,6.7
PROP-12046,Residential plot of 5599 sqft in Coral Gables,Miami,Coral Gables,Plot,5518783.91,5599.0,0,0,1991.0,2024-08-23,Active,6,4.9,985.67,35.0,6.7
PROP-12047,Commercial Space / Office in West Lake Hills,Austin,West Lake Hills,Commercial,13717101.47,21231.0,0,8,1973.0,2025-11-23,Pending,1,4.8,646.09,53.0,4.9
PROP-12048,Commercial Space / Office in Coral Gables,Miami,Coral Gables,Commercial,19299265.4,22734.0,0,4,1984.0,2025-11-02,Active,9,4.8,848.92,42.0,8.0
PROP-12049,Commercial Space / Office in Brickell,Miami,Brickell,Commercial,5807320.72,8877.0,0,7,1970.0,2025-10-18,Pending,10,4.8,654.2,56.0,8.3
PROP-12050,Commercial Space / Office in West Lake Hills,Austin,West Lake Hills,Commercial,14711907.82,19354.0,0,7,2006.0,2024-06-07,Active,3,4.9,760.15,20.0,5.5
PROP-12051,Commercial Space / Office in South Beach,Miami,South Beach,Commercial,3916907.15,6567.0,0,4,2014.0,2025-10-11,Sold,7,4.1,596.45,12.0,6.8
PROP-12052,Residential plot of 3329 sqft in Little Havana,Miami,Little Havana,Plot,1387100.0,3329.0,0,0,1994.0,2024-08-17,Pending,5,3.1,416.67,32.0,5.6
PROP-12053,Residential plot of 7796 sqft in Downtown,Austin,Downtown,Plot,3575801.48,5612.0,0,0,1988.0,2024-11-23,Pending,6,4.7,637.17,38.0,6.1
PROP-12054,5 BHK Villa for sale in Little Havana,Miami,Little Havana,Villa,1412813.99,3119.0,5,5,1984.0,2025-03-20,Active,5,3.1,452.97,42.0,5.5
PROP-12055,Commercial Space / Office in Manhattan,New York,Manhattan,Commercial,13020996.49,7188.0,0,9,1969.0,2025-10-28,Pending,10,4.2,1811.49,57.0,8.0
PROP-12056,2 BHK Apartment for sale in South Beach,Miami,South Beach,Apartment,391455.34,598.0,2,1,2014.0,2024-08-24,Pending,7,3.6,654.61,12.0,6.3
PROP-12057,1 BHK Apartment for sale in Mission District,San Francisco,Mission District,Apartment,2164309.64,1465.0,1,3,1940.0,2024-03-09,Active,7,4.0,1477.34,86.0,6.6
PROP-12058,Commercial Space / Office in Marina,San Francisco,Marina,Commercial,11781564.11,11195.0,0,7,1982.0,2025-09-24,Active,5,4.8,1052.4,44.0,6.4
PROP-12059,4 BHK Apartment for sale in Pacific Heights,San Francisco,Pacific Heights,Apartment,1687341.52,786.0,4,3,1946.0,2025-01-15,Active,9,4.8,2146.74,80.0,7.9
PROP-12060,Residential plot of 1466 sqft in Queens,New York,Queens,Plot,1740469.83,1466.0,0,0,1988.0,2024-05-26,Active,7,3.3,1187.22,38.0,6.3
PROP-12061,Residential plot of 9307 sqft in Queens,New York,Queens,Plot,11093053.42,9307.0,0,0,1988.0,2024-06-09,Pending,5,4.1,1191.9,38.0,6.0
PROP-12062,3 BHK Apartment for sale in River North,Chicago,River North,Apartment,604779.15,1694.0,3,1,1975.0,2025-05-04,Pending,3,4.3,357.01,51.0,5.2
PROP-12063,5 BHK Villa for sale in River North,Chicago,River North,Villa,1206512.5,3280.0,5,2,2017.0,2025-08-26,Pending,10,4.1,367.84,9.0,7.9
PROP-12064,Residential plot of 8087 sqft in East Austin,Austin,East Austin,Plot,2694212.0,8087.0,0,0,1994.0,2024-11-25,Sold,1,3.1,333.15,32.0,3.9
PROP-12065,Residential plot of 5188 sqft in Marina,San Francisco,Marina,Plot,5799596.35,5188.0,0,0,1991.5,2024-01-10,Sold,10,4.5,1117.89,34.5,8.2
PROP-12066,4 BHK Apartment for sale in West Lake Hills,Austin,West Lake Hills,Apartment,961944.45,1367.0,4,1,2017.0,2024-12-17,Sold,3,4.8,703.69,9.0,5.5
PROP-12067,Residential plot of 1702 sqft in Bronx,New York,Bronx,Plot,1718681.63,1702.0,0,0,1993.0,2024-04-18,Active,5,3.0,1009.8,33.0,5.2
PROP-12068,Residential plot of 6302 sqft in Bronx,New York,Bronx,Plot,6672514.3,6302.0,0,0,1993.0,2025-05-14,Sold,3,4.4,1058.79,33.0,5.2
PROP-12069,Residential plot of 6817 sqft in Marina,San Francisco,Marina,Plot,8047458.5,6817.0,0,0,1991.5,2025-03-09,Pending,9,4.1,1180.5,34.5,7.5
PROP-12070,3 BHK Apartment for sale in West Lake Hills,Austin,West Lake Hills,Apartment,839417.35,1349.0,3,1,1992.0,2024-09-01,Pending,1,3.7,622.25,34.0,4.3
PROP-12071,Commercial Space / Office in SOMA,San Francisco,SOMA,Commercial,11212839.46,7139.0,0,4,1976.0,2024-03-17,Pending,9,4.1,1570.65,50.0,7.4
PROP-12072,Commercial Space / Office in Little Havana,Miami,Little Havana,Commercial,9134471.61,19135.0,0,6,1993.0,2025-06-03,Pending,4,3.2,477.37,33.0,5.0
PROP-12073,Commercial Space / Office in Queens,New York,Queens,Commercial,8452156.46,6912.0,0,7,2012.0,2024-03-21,Active,4,3.0,1222.82,14.0,4.9
PROP-12074,Commercial Space / Office in Manhattan,New York,Manhattan,Commercial,8962081.3,4536.0,0,3,1996.0,2025-03-11,Sold,3,4.2,1975.77,30.0,5.1
PROP-12075,3 BHK Apartment for sale in SOMA,San Francisco,SOMA,Apartment,1131028.39,886.0,3,2,1992.0,2024-12-27,Pending,9,4.3,1276.56,34.0,7.8
PROP-12076,3 BHK Villa for sale in Manhattan,New York,Manhattan,Villa,5877058.81,3464.0,3,3,1988.0,2025-06-20,Pending,7,4.7,1696.61,38.0,7.2
PROP-12077,2 BHK Apartment for sale in West Lake Hills,Austin,West Lake Hills,Apartment,374939.79,526.0,2,3,1920.0,2025-03-15,Sold,10,4.7,712.81,106.0,8.3
PROP-12078,6 BHK Villa for sale in Manhattan,New York,Manhattan,Villa,3777393.01,2443.0,6,5,2018.0,2024-08-02,Pending,9,4.4,1546.21,8.0,7.9
PROP-12079,Residential plot of 1166 sqft in Marina,San Francisco,Marina,Plot,1185446.79,1166.0,0,0,1991.5,2025-12-01,Active,3,4.2,1016.68,34.5,5.4
PROP-12080,3 BHK Villa for sale in Marina,San Francisco,Marina,Villa,4073473.38,3421.0,3,3,1989.0,2024-12-17,Sold,8,4.2,1190.73,37.0,7.1
PROP-12081,Commercial Space / Office in Mission District,San Francisco,Mission District,Commercial,29216030.93,19200.0,0,2,1989.0,2024-05-08,Pending,6,3.3,1521.67,37.0,5.7
PROP-12082,4 BHK Villa for sale in Coral Gables,Miami,Coral Gables,Villa,5051377.88,5918.0,4,2,1984.0,2024-10-10,Pending,8,3.8,853.56,42.0,7.0
PROP-12083,3 BHK Villa for sale in Hyde Park,Chicago,Hyde Park,Villa,1294596.52,4968.0,3,4,2022.0,2025-07-31,Active,3,4.1,260.59,4.0,5.2
PROP-12084,Commercial Space / Office in East Austin,Austin,East Austin,Commercial,5595028.0,13946.0,0,3,2006.0,2025-07-09,Pending,6,4.2,401.19,20.0,6.2
PROP-12085,Residential plot of 8267 sqft in South Beach,Miami,South Beach,Plot,4983366.6,8267.0,0,0,1990.0,2024-05-25,Sold,8,4.9,602.8,36.0,7.6
PROP-12086,Residential plot of 3526 sqft in Manhattan,New York,Manhattan,Plot,6607877.65,3526.0,0,0,1991.0,2024-02-01,Active,10,4.7,1874.04,35.0,8.2
PROP-12087,2 BHK Apartment for sale in Bronx,New York,Bronx,Apartment,490703.2,559.0,2,3,2011.0,2025-07-16,Active,3,3.0,877.82,15.0,4.6
PROP-12088,4 BHK Villa for sale in Lincoln Park,Chicago,Lincoln Park,Villa,2743126.41,5435.0,4,4,1996.0,2025-01-19,Pending,1,3.9,504.72,30.0,4.3
PROP-12089,Commercial Space / Office in Hyde Park,Chicago,Hyde Park,Commercial,4333208.42,16673.0,0,2,1980.0,2025-04-06,Active,2,3.8,259.89,46.0,4.7
PROP-12090,5 BHK Villa for sale in West Lake Hills,Austin,West Lake Hills,Villa,1323709.71,2210.0,5,5,2014.0,2024-06-13,Active,3,4.9,598.96,12.0,5.8
PROP-12091,Residential plot of 6011 sqft in Loop,Chicago,Loop,Plot,1797190.28,6011.0,0,0,1991.0,2024-04-02,Pending,2,4.7,298.98,35.0,5.3
PROP-12092,2 BHK Apartment for sale in Manhattan,New York,Manhattan,Apartment,2898109.82,1423.0,2,3,1984.0,2024-09-20,Sold,6,4.3,2036.62,42.0,6.3
PROP-12093,3 BHK Apartment for sale in South Beach,Miami,South Beach,Apartment,431116.68,719.0,3,3,1968.0,2025-06-20,Active,6,4.9,599.61,58.0,6.8
PROP-12094,1 BHK Apartment for sale in Pacific Heights,San Francisco,Pacific Heights,Apartment,4976901.97,2479.0,1,1,2016.0,2024-11-03,Active,10,4.7,2007.62,10.0,8.4
PROP-12095,6 BHK Villa for sale in South Beach,Miami,South Beach,Villa,3627163.87,5467.0,6,5,2004.0,2024-02-07,Pending,5,4.7,663.47,22.0,6.1
PROP-12096,Commercial Space / Office in Downtown,Austin,Downtown,Commercial,7796799.21,18490.0,0,9,1978.0,2025-10-30,Sold,4,4.0,421.68,48.0,5.6
PROP-12097,4 BHK Villa for sale in Little Havana,Miami,Little Havana,Villa,2345516.19,4928.0,4,3,1980.0,2024-12-22,Sold,2,4.1,475.96,46.0,4.8
PROP-12098,Commercial Space / Office in Loop,Chicago,Loop,Commercial,4362486.0,14303.0,0,9,1991.0,2024-05-19,Sold,9,4.1,305.0,35.0,7.7
PROP-12099,Residential plot of 6857 sqft in Hyde Park,Chicago,Hyde Park,Plot,1921965.27,6857.0,0,0,1993.0,2024-07-09,Active,4,3.8,280.29,33.0,5.4
PROP-12100,Commercial Space / Office in Brickell,Miami,Brickell,Commercial,8635534.39,13386.0,0,7,1981.0,2025-04-21,Pending,5,4.2,645.12,45.0,5.9
PROP-12101,Commercial Space / Office in East Austin,Austin,East Austin,Commercial,2617403.65,6822.0,0,7,1988.0,2024-10-31,Sold,9,4.9,383.67,38.0,7.9
PROP-12102,Residential plot of 2687 sqft in Manhattan,New York,Manhattan,Plot,5299367.71,2687.0,0,0,1991.0,2024-11-18,Pending,6,4.6,1972.22,35.0,6.5
PROP-12103,Commercial Space / Office in Hyde Park,Chicago,Hyde Park,Commercial,6535640.46,22266.0,0,7,1963.0,2025-06-28,Sold,9,4.7,293.53,63.0,7.8
PROP-12104,Residential plot of 1845 sqft in Brooklyn,New York,Brooklyn,Plot,2047036.13,1845.0,0,0,1994.0,2025-10-02,Sold,6,3.8,1109.5,32.0,6.3
PROP-12105,Residential plot of 3267 sqft in Brickell,Miami,Brickell,Plot,1830177.85,3267.0,0,0,1995.5,2024-11-24,Pending,2,3.6,560.2,30.5,4.6
PROP-12106,4 BHK Villa for sale in Brickell,Miami,Brickell,Villa,1282539.12,1861.0,4,3,1997.0,2024-05-28,Pending,2,4.3,689.17,29.0,4.7
PROP-12107,Commercial Space / Office in River North,Chicago,River North,Commercial,9663127.85,24702.0,0,4,2020.0,2024-08-08,Active,4,4.4,391.19,6.0,5.6
PROP-12108,4 BHK Villa for sale in Marina,San Francisco,Marina,Villa,3717651.93,3069.0,4,4,1985.0,2024-06-28,Sold,4,3.3,1211.36,41.0,5.0
PROP-12109,3 BHK Apartment for sale in South Austin,Austin,South Austin,Apartment,415451.5,1062.0,3,2,1955.0,2025-07-06,Pending,9,4.9,391.2,71.0,8.3
PROP-12110,4 BHK Villa for sale in Lincoln Park,Chicago,Lincoln Park,Villa,2827784.1,5937.0,4,5,2010.0,2025-11-14,Sold,1,3.6,476.3,16.0,4.2
PROP-12111,3 BHK Apartment for sale in River North,Chicago,River North,Apartment,273780.15,802.0,3,1,1987.0,2025-07-06,Sold,6,3.8,341.37,39.0,6.2
PROP-12112,3 BHK Apartment for sale in Brickell,Miami,Brickell,Apartment,1214887.79,2242.0,3,3,1976.0,2025-09-04,Sold,5,3.8,541.88,50.0,5.9
PROP-12113,2 BHK Apartment for sale in Queens,New York,Queens,Apartment,1997690.31,1460.0,2,3,1970.0,2024-06-04,Active,4,4.9,1368.28,56.0,5.8
PROP-12114,2 BHK Apartment for sale in Hyde Park,Chicago,Hyde Park,Apartment,640044.85,2152.0,2,2,2003.0,2025-11-27,Active,1,4.4,297.42,23.0,4.4
PROP-12115,Residential plot of 2185 sqft in Pacific Heights,San Francisco,Pacific Heights,Plot,4299568.06,2185.0,0,0,1991.0,2024-01-03,Pending,8,4.2,1967.77,35.0,7.3
PROP-12116,3 BHK Apartment for sale in Coral Gables,Miami,Coral Gables,Apartment,1216786.17,1547.0,3,3,1991.0,2025-01-26,Pending,1,4.5,786.55,35.0,4.8
PROP-12117,Residential plot of 4264 sqft in Manhattan,New York,Manhattan,Plot,7700786.88,6041.5,0,0,1991.0,2025-10-11,Sold,9,4.2,1274.65,35.0,8.0
PROP-12118,Residential plot of 4618 sqft in River North,Chicago,River North,Plot,1785221.13,4618.0,0,0,1986.0,2024-05-31,Pending,6,3.1,386.58,40.0,5.6
PROP-12119,Residential plot of 1229 sqft in SOMA,San Francisco,SOMA,Plot,1700425.12,1229.0,0,0,1992.0,2024-03-10,Active,10,4.6,1383.58,34.0,8.3
PROP-12120,Commercial Space / Office in Queens,New York,Queens,Commercial,18907113.36,15565.0,0,3,1976.0,2024-08-27,Sold,4,4.6,1214.72,50.0,5.9
PROP-12121,5 BHK Villa for sale in East Austin,Austin,East Austin,Villa,968321.58,3158.0,5,3,1990.0,2024-07-03,Sold,9,4.8,306.62,36.0,8.2
PROP-12122,4 BHK Apartment for sale in River North,Chicago,River North,Apartment,539989.22,1354.0,4,1,1962.0,2024-12-01,Pending,4,5.0,398.81,64.0,5.9
PROP-12123,4 BHK Villa for sale in Mission District,San Francisco,Mission District,Villa,3136673.46,2175.0,4,5,1996.0,2024-06-04,Active,9,5.0,1442.15,30.0,8.0
PROP-12124,Residential plot of 4448 sqft in Marina,San Francisco,Marina,Plot,5125420.0,4448.0,0,0,1991.5,2025-08-29,Sold,9,4.2,1152.3,34.5,7.6
PROP-12125,Residential plot of 5027 sqft in Hyde Park,Chicago,Hyde Park,Plot,1546692.37,5027.0,0,0,1993.0,2025-08-27,Sold,6,4.6,307.68,33.0,6.6
PROP-12126,Residential plot of 6160 sqft in Little Havana,Miami,Little Havana,Plot,2617878.0,6160.0,0,0,1994.0,2024-05-08,Pending,8,3.3,424.98,32.0,6.8
PROP-12127,1 BHK Apartment for sale in West Lake Hills,Austin,West Lake Hills,Apartment,1093926.17,1465.0,1,2,1952.0,2024-01-11,Sold,5,3.7,746.71,74.0,5.6
PROP-12128,Commercial Space / Office in West Lake Hills,Austin,West Lake Hills,Commercial,6574461.0,10113.0,0,8,1985.0,2024-01-06,Active,7,3.8,650.1,41.0,6.7
PROP-12129,4 BHK Apartment for sale in Brooklyn,New York,Brooklyn,Apartment,980789.45,895.0,4,3,1996.0,2025-10-16,Active,9,4.6,1095.85,30.0,8.0
PROP-12130,Residential plot of 8227 sqft in Brooklyn,New York,Brooklyn,Plot,9497646.2,8227.0,0,0,1994.0,2025-03-16,Pending,9,4.2,1154.45,32.0,7.7
PROP-12131,Residential plot of 5286 sqft in South Beach,Miami,South Beach,Plot,3489610.7,5286.0,0,0,1990.0,2025-07-20,Pending,6,4.0,660.16,36.0,6.2
PROP-12132,3 BHK Apartment for sale in Brickell,Miami,Brickell,Apartment,1415820.51,2458.0,3,1,1996.0,2025-02-10,Sold,9,4.2,576.01,30.0,7.7
PROP-12133,Residential plot of 5990 sqft in Manhattan,New York,Manhattan,Plot,10637404.28,5990.0,0,0,1991.0,2024-12-02,Pending,6,4.2,1775.86,35.0,6.4
PROP-12134,Commercial Space / Office in South Beach,Miami,South Beach,Commercial,13665172.65,20764.0,0,6,1983.0,2025-02-02,Pending,10,4.5,658.12,43.0,8.1
PROP-12135,Commercial Space / Office in Downtown,Austin,Downtown,Commercial,7036506.73,14155.0,0,10,2017.0,2025-08-17,Active,10,4.0,497.1,9.0,7.8
PROP-12136,2 BHK Apartment for sale in Hyde Park,Chicago,Hyde Park,Apartment,631101.0,2252.0,2,1,2007.0,2025-06-02,Pending,2,4.4,280.24,19.0,4.9
PROP-12137,3 BHK Villa for sale in SOMA,San Francisco,SOMA,Villa,3361517.62,2374.0,3,2,1996.0,2024-12-05,Sold,9,4.9,1415.97,30.0,8.0
PROP-12138,4 BHK Apartment for sale in Brooklyn,New York,Brooklyn,Apartment,2800724.23,2239.0,4,3,1999.0,2025-06-30,Sold,3,3.5,1250.88,27.0,4.7
PROP-12139,Residential plot of 4167 sqft in Downtown,Austin,Downtown,Plot,1855573.06,4167.0,0,0,1988.0,2024-08-20,Pending,6,3.9,445.3,38.0,6.3
PROP-12140,1 BHK Apartment for sale in Little Havana,Miami,Little Havana,Apartment,1085773.05,2182.0,1,2,2016.0,2024-09-18,Sold,2,3.5,497.6,10.0,4.4
PROP-12141,3 BHK Villa for sale in West Lake Hills,Austin,West Lake Hills,Villa,2161307.87,2807.0,3,5,1999.0,2024-02-11,Sold,8,3.3,769.97,27.0,6.5
PROP-12142,Commercial Space / Office in East Austin,Austin,East Austin,Commercial,3736585.19,9761.0,0,6,1997.0,2025-08-12,Sold,3,4.8,382.81,29.0,5.4
PROP-12143,Residential plot of 8296 sqft in Marina,San Francisco,Marina,Plot,9940339.51,8296.0,0,0,1991.5,2025-01-10,Pending,9,4.9,1198.21,34.5,7.9
PROP-12144,5 BHK Villa for sale in Manhattan,New York,Manhattan,Villa,5655857.28,2970.0,5,2,2007.0,2025-05-22,Sold,8,3.4,1904.33,19.0,6.6
PROP-12145,3 BHK Villa for sale in Queens,New York,Queens,Villa,5198536.15,4888.0,5,2,1998.0,2024-04-11,Pending,8,3.9,1063.53,28.0,7.2
PROP-12146,Commercial Space / Office in River North,Chicago,River North,Commercial,2717612.75,7979.0,0,7,1960.0,2024-10-29,Sold,8,3.3,340.6,66.0,6.7
PROP-12147,Commercial Space / Office in South Beach,Miami,South Beach,Commercial,9338118.29,14029.0,0,4,2019.0,2025-03-24,Sold,8,3.6,665.63,7.0,6.7
PROP-12148,Residential plot of 5468 sqft in Queens,New York,Queens,Plot,7321020.12,5468.0,0,0,1988.0,2024-05-09,Active,5,3.8,1338.88,38.0,5.6
PROP-12149,1 BHK Apartment for sale in Brooklyn,New York,Brooklyn,Apartment,2508276.68,1920.0,1,2,2010.0,2024-12-25,Active,7,4.8,1306.39,16.0,7.0
PROP-12150,Commercial Space / Office in SOMA,San Francisco,SOMA,Commercial,24578508.01,15386.0,0,8,1985.0,2024-10-20,Pending,6,4.5,1597.46,41.0,6.4
PROP-12151,Residential plot of 3730 sqft in Hyde Park,Chicago,Hyde Park,Plot,1183842.0,3730.0,0,0,1993.0,2025-05-27,Active,8,4.1,317.38,33.0,7.0
PROP-12152,Commercial Space / Office in South Beach,Miami,South Beach,Commercial,4115854.94,7120.0,0,3,1974.0,2025-03-30,Sold,10,4.4,578.07,52.0,8.2
PROP-12153,Residential plot of 1137 sqft in Loop,Chicago,Loop,Plot,381733.95,1137.0,0,0,1991.0,2024-06-09,Pending,1,4.1,335.74,35.0,4.4
PROP-12154,Residential plot of 3839 sqft in Brooklyn,New York,Brooklyn,Plot,5204915.83,3839.0,0,0,1994.0,2024-11-21,Sold,3,4.2,1355.8,32.0,5.0
PROP-12155,4 BHK Apartment for sale in Pacific Heights,San Francisco,Pacific Heights,Apartment,1401048.79,678.0,4,3,2016.0,2025-01-06,Sold,4,3.9,2066.44,10.0,5.4
PROP-12156,Residential plot of 2083 sqft in Pacific Heights,San Francisco,Pacific Heights,Plot,4537565.06,2083.0,0,0,1991.0,2025-05-19,Active,2,3.4,2178.38,35.0,4.3
PROP-12157,5 BHK Villa for sale in Loop,Chicago,Loop,Villa,2042253.07,5335.0,5,3,1989.0,2024-05-10,Pending,8,3.1,382.8,37.0,6.5
PROP-12158,Commercial Space / Office in Brooklyn,New York,Brooklyn,Commercial,23665472.75,21166.0,0,10,1994.0,2025-07-22,Sold,5,3.5,1118.09,32.0,5.8
PROP-12159,2 BHK Apartment for sale in Brooklyn,New York,Brooklyn,Apartment,2095332.63,2044.0,2,1,2013.0,2024-01-19,Sold,10,4.0,1025.11,13.0,8.1
PROP-12160,1 BHK Apartment for sale in SOMA,San Francisco,SOMA,Apartment,888998.06,568.0,1,3,2012.0,2024-12-13,Sold,6,3.7,1565.14,14.0,5.9
PROP-12162,4 BHK Villa for sale in South Austin,Austin,South Austin,Villa,1807106.29,4640.0,4,5,1990.0,2024-09-30,Sold,5,4.2,389.46,36.0,6.2
PROP-12163,5 BHK Villa for sale in Brickell,Miami,Brickell,Villa,1431753.27,2447.0,5,5,2003.0,2024-12-28,Active,7,4.2,585.11,23.0,6.9
PROP-12164,Residential plot of 9213 sqft in Coral Gables,Miami,Coral Gables,Plot,8465352.0,9213.0,0,0,1991.0,2025-02-09,Active,7,3.5,918.85,35.0,6.4
PROP-12165,3 BHK Villa for sale in Coral Gables,Miami,Coral Gables,Villa,3773132.26,3652.0,3,5,1989.0,2025-07-19,Pending,5,3.2,1033.17,37.0,5.1
PROP-12166,Residential plot of 2942 sqft in West Lake Hills,Austin,West Lake Hills,Plot,1988224.31,2942.0,0,0,1990.0,2024-01-14,Sold,4,4.2,675.81,36.0,5.6
PROP-12167,5 BHK Villa for sale in East Austin,Austin,East Austin,Villa,1843906.82,5681.0,5,2,2017.0,2025-03-19,Pending,7,4.2,324.57,9.0,6.9
PROP-12168,3 BHK Villa for sale in Lincoln Park,Chicago,Lincoln Park,Villa,1865521.75,3732.0,3,3,2010.0,2024-09-17,Active,10,4.7,499.87,16.0,8.4
PROP-12169,4 BHK Apartment for sale in Brooklyn,New York,Brooklyn,Apartment,2860567.35,2263.0,4,2,1930.0,2024-01-28,Sold,5,3.7,1264.06,96.0,5.6
PROP-12170,5 BHK Villa for sale in Lincoln Park,Chicago,Lincoln Park,Villa,1181994.91,2582.0,5,3,2019.0,2024-08-10,Active,2,4.7,457.78,7.0,5.3
PROP-12171,Commercial Space / Office in Bronx,New York,Bronx,Commercial,16403422.0,16423.0,0,9,2001.0,2024-02-22,Active,2,4.3,998.81,25.0,4.8
PROP-12172,4 BHK Apartment for sale in Lincoln Park,Chicago,Lincoln Park,Apartment,945922.24,1815.0,4,2,2011.0,2025-09-27,Sold,4,3.4,521.17,15.0,5.1
PROP-12173,Residential plot of 6899 sqft in Brickell,Miami,Brickell,Plot,4617590.81,6899.0,0,0,1995.5,2025-05-19,Active,8,4.2,669.31,30.5,7.1
PROP-12174,3 BHK Apartment for sale in Queens,New York,Queens,Apartment,2840035.41,2416.0,3,3,1959.0,2024-02-05,Pending,4,4.1,1175.51,67.0,5.6
PROP-12175,Residential plot of 6426 sqft in South Austin,Austin,South Austin,Plot,3238890.98,6426.0,0,0,1991.0,2025-10-02,Sold,9,4.7,504.03,35.0,7.7
PROP-12176,5 BHK Villa for sale in Bronx,New York,Bronx,Villa,3260929.44,3255.0,5,3,1988.0,2024-02-25,Pending,5,3.8,1001.82,38.0,5.7
PROP-12177,4 BHK Apartment for sale in River North,Chicago,River North,Apartment,365825.82,940.0,4,3,1930.0,2025-08-10,Sold,5,4.6,389.18,96.0,6.1
PROP-12178,3 BHK Villa for sale in Coral Gables,Miami,Coral Gables,Villa,3801310.3,4521.0,3,2,2019.0,2024-08-06,Sold,7,3.3,840.81,7.0,6.3
PROP-12179,2 BHK Apartment for sale in West Lake Hills,Austin,West Lake Hills,Apartment,952063.95,1634.0,2,1,1922.0,2025-10-22,Active,2,4.5,582.66,104.0,5.2
PROP-12180,Commercial Space / Office in Downtown,Austin,Downtown,Commercial,8420324.51,20207.0,0,7,1966.0,2025-08-19,Active,10,4.2,416.7,60.0,8.1
PROP-12181,Residential plot of 9435 sqft in South Beach,Miami,South Beach,Plot,5991546.22,9435.0,0,0,1990.0,2024-07-06,Sold,5,4.0,635.03,36.0,5.8
PROP-12182,Residential plot of 5872 sqft in Little Havana,Miami,Little Havana,Plot,3085854.43,5872.0,0,0,1994.0,2024-07-22,Pending,2,3.9,525.52,32.0,4.5
PROP-12183,4 BHK Villa for sale in SOMA,San Francisco,SOMA,Villa,6037337.6,4483.0,4,5,2009.0,2025-04-03,Pending,10,4.9,1346.72,17.0,8.5
PROP-12184,3 BHK Villa for sale in Hyde Park,Chicago,Hyde Park,Villa,681574.0,2370.0,3,4,2021.0,2025-09-05,Active,8,4.2,287.58,5.0,7.1
PROP-12185,Commercial Space / Office in Loop,Chicago,Loop,Commercial,5176358.42,13921.0,0,8,2016.0,2025-02-26,Pending,5,3.9,371.84,10.0,5.7
PROP-12186,Residential plot of 7933 sqft in Pacific Heights,San Francisco,Pacific Heights,Plot,16661558.97,7933.0,0,0,1991.0,2024-09-07,Sold,1,3.4,2100.28,35.0,3.9
PROP-12187,Residential plot of 9716 sqft in Coral Gables,Miami,Coral Gables,Plot,8601400.93,9716.0,0,0,1991.0,2025-01-23,Pending,1,3.9,885.28,35.0,4.3
PROP-12188,Residential plot of 7324 sqft in Lincoln Park,Chicago,Lincoln Park,Plot,3857705.67,7324.0,0,0,1989.5,2025-03-01,Active,3,4.4,526.72,36.5,5.4
PROP-12189,4 BHK Villa for sale in Brickell,Miami,Brickell,Villa,2924770.0,5034.0,4,5,2001.0,2024-11-01,Sold,1,4.2,581.0,25.0,4.5
PROP-12190,3 BHK Villa for sale in Manhattan,New York,Manhattan,Villa,5666934.01,2988.0,3,2,2002.0,2025-02-02,Pending,10,4.7,1896.56,24.0,8.2
PROP-12191,4 BHK Villa for sale in South Beach,Miami,South Beach,Villa,3293384.23,4781.0,4,5,2020.0,2025-10-08,Pending,8,4.9,688.85,6.0,7.4
PROP-12192,Commercial Space / Office in Little Havana,Miami,Little Havana,Commercial,10963526.59,23838.0,0,2,1981.0,2025-06-13,Sold,1,3.9,459.92,45.0,4.2
PROP-12193,Residential plot of 8835 sqft in South Beach,Miami,South Beach,Plot,4520903.05,8835.0,0,0,1990.0,2025-11-03,Active,6,4.6,511.7,36.0,6.9
PROP-12194,Residential plot of 1322 sqft in Brickell,Miami,Brickell,Plot,711485.49,1322.0,0,0,1995.5,2024-09-12,Sold,9,4.4,538.19,30.5,7.9
PROP-12195,Residential plot of 6786 sqft in Queens,New York,Queens,Plot,8867530.42,6786.0,0,0,1988.0,2024-03-28,Sold,6,3.7,1306.74,38.0,6.0
PROP-12196,Commercial Space / Office in South Austin,Austin,South Austin,Commercial,7483468.87,15325.0,0,5,1960.0,2024-06-03,Sold,3,4.2,488.32,66.0,5.1
PROP-12197,Residential plot of 6746 sqft in River North,Chicago,River North,Plot,2575603.79,6746.0,0,0,1986.0,2025-09-04,Pending,8,4.9,381.8,40.0,7.5
PROP-12198,Residential plot of 6258 sqft in Hyde Park,Chicago,Hyde Park,Plot,1507186.0,6258.0,0,0,1993.0,2025-12-01,Sold,4,3.2,240.84,33.0,5.3
PROP-12199,Commercial Space / Office in Downtown,Austin,Downtown,Commercial,7229529.45,14209.0,0,6,1988.0,2024-12-25,Sold,8,4.2,508.8,38.0,7.0
PROP-12200,Commercial Space / Office in Little Havana,Miami,Little Havana,Commercial,3905318.56,9311.0,0,9,1987.0,2024-08-05,Sold,9,4.4,419.43,39.0,7.9
PROP-12201,Residential plot of 8252 sqft in SOMA,San Francisco,SOMA,Plot,10778192.3,8252.0,0,0,1992.0,2025-08-10,Active,6,4.9,1306.13,34.0,6.9
PROP-12202,2 BHK Apartment for sale in Lincoln Park,Chicago,Lincoln Park,Apartment,246467.83,501.0,2,1,1982.0,2025-07-16,Pending,4,4.2,491.95,44.0,5.7
PROP-12203,6 BHK Villa for sale in Queens,New York,Queens,Villa,2488272.31,2016.0,5,5,1990.0,2024-10-03,Sold,8,3.9,1234.26,36.0,6.9
PROP-12204,Commercial Space / Office in Downtown,Austin,Downtown,Commercial,7450668.29,16882.0,0,5,1984.0,2024-07-28,Sold,10,4.5,441.34,42.0,8.2
PROP-12205,5 BHK Villa for sale in West Lake Hills,Austin,West Lake Hills,Villa,2953638.67,3873.0,5,4,2018.0,2024-03-07,Active,10,4.3,762.62,8.0,7.9
PROP-12206,Commercial Space / Office in SOMA,San Francisco,SOMA,Commercial,20067544.03,13097.0,0,8,2017.0,2025-09-27,Sold,10,4.5,1532.22,9.0,8.0
PROP-12207,1 BHK Apartment for sale in SOMA,San Francisco,SOMA,Apartment,2844490.36,2380.0,1,2,1995.0,2024-10-20,Active,10,4.3,1195.16,31.0,8.3
PROP-12208,Commercial Space / Office in South Austin,Austin,South Austin,Commercial,11611311.45,22551.0,0,9,1966.0,2024-07-11,Active,1,4.5,514.89,60.0,4.4
PROP-12209,Residential plot of 7487 sqft in Pacific Heights,San Francisco,Pacific Heights,Plot,18069465.08,7487.0,0,0,1991.0,2024-06-09,Sold,2,4.2,2413.45,35.0,4.6
PROP-12210,Commercial Space / Office in West Lake Hills,Austin,West Lake Hills,Commercial,9473003.23,16239.0,0,8,1975.0,2025-04-25,Sold,9,4.9,583.35,51.0,8.3
PROP-12211,3 BHK Apartment for sale in Hyde Park,Chicago,Hyde Park,Apartment,559284.78,1905.0,3,2,1966.0,2025-03-30,Sold,7,4.2,293.59,60.0,6.7
PROP-12212,4 BHK Villa for sale in Manhattan,New York,Manhattan,Villa,5296132.9,3715.0,4,5,2002.0,2025-06-13,Pending,9,4.3,1425.61,24.0,8.0
PROP-12213,Commercial Space / Office in Hyde Park,Chicago,Hyde Park,Commercial,2482596.56,10108.0,0,7,1995.0,2025-08-27,Sold,8,4.3,245.61,31.0,7.5
PROP-12214,Residential plot of 7420 sqft in South Austin,Austin,South Austin,Plot,3177457.5,7420.0,0,0,1991.0,2025-10-03,Pending,9,4.6,428.23,35.0,7.9
PROP-12215,6 BHK Villa for sale in Queens,New York,Queens,Villa,5371100.47,5148.0,6,5,1991.0,2024-05-11,Pending,7,4.1,1043.34,35.0,6.9
PROP-12216,Commercial Space / Office in Coral Gables,Miami,Coral Gables,Commercial,4771225.15,4658.0,0,6,2022.0,2025-08-10,Active,4,3.9,1024.31,4.0,5.2
PROP-12217,5 BHK Villa for sale in South Beach,Miami,South Beach,Villa,3342842.34,5142.0,5,3,2007.0,2025-06-12,Pending,10,4.5,650.11,19.0,8.1
PROP-12218,5 BHK Villa for sale in East Austin,Austin,East Austin,Villa,1524619.14,4479.0,5,2,1980.0,2025-10-16,Pending,8,4.8,340.39,46.0,7.6
PROP-12219,Residential plot of 9660 sqft in South Beach,Miami,South Beach,Plot,5704807.03,9660.0,0,0,1990.0,2024-08-04,Sold,7,4.2,590.56,36.0,6.9
PROP-12220,3 BHK Apartment for sale in Brooklyn,New York,Brooklyn,Apartment,2211798.0,2124.0,3,1,1967.0,2025-04-23,Pending,10,4.4,1041.34,59.0,8.3
PROP-12221,Commercial Space / Office in East Austin,Austin,East Austin,Commercial,3273831.34,8568.0,0,6,1961.0,2025-03-27,Pending,1,4.2,382.1,65.0,4.3
PROP-12222,Commercial Space / Office in Brickell,Miami,Brickell,Commercial,8973221.69,14308.0,0,2,2019.0,2024-11-13,Pending,10,4.4,627.15,7.0,8.1
PROP-12223,6 BHK Villa for sale in Brooklyn,New York,Brooklyn,Villa,3834307.0,3582.0,6,4,2011.0,2024-06-17,Pending,9,4.1,1070.44,15.0,7.7
PROP-12224,Residential plot of 7576 sqft in South Austin,Austin,South Austin,Plot,3616153.58,7576.0,0,0,1991.0,2025-11-18,Active,1,3.5,477.32,35.0,3.9
PROP-12225,Commercial Space / Office in Queens,New York,Queens,Commercial,24613050.12,21708.0,0,4,2013.0,2024-11-04,Sold,7,3.2,1133.82,13.0,6.3
PROP-12226,4 BHK Apartment for sale in Bronx,New York,Bronx,Apartment,2101222.61,2485.0,4,3,1991.0,2024-01-19,Sold,9,4.6,845.56,35.0,8.0
PROP-12227,4 BHK Villa for sale in West Lake Hills,Austin,West Lake Hills,Villa,4043062.38,5397.0,4,2,1989.0,2024-08-12,Active,8,3.8,749.13,37.0,6.8
PROP-12228,Residential plot of 5589 sqft in Coral Gables,Miami,Coral Gables,Plot,4824660.59,5589.0,0,0,1991.0,2025-07-22,Sold,9,4.5,863.24,35.0,7.9
PROP-12229,Commercial Space / Office in West Lake Hills,Austin,West Lake Hills,Commercial,7713720.7,10101.0,0,4,1984.0,2024-03-25,Pending,8,3.2,763.66,42.0,6.4
PROP-12230,Residential plot of 6652 sqft in South Austin,Austin,South Austin,Plot,3157007.7,6652.0,0,0,1991.0,2025-05-27,Active,10,4.4,474.6,35.0,8.1
PROP-12231,Commercial Space / Office in Manhattan,New York,Manhattan,Commercial,18452959.02,9332.0,0,10,1991.0,2024-05-18,Active,10,4.4,1977.39,35.0,8.0
PROP-12232,1 BHK Apartment for sale in Marina,San Francisco,Marina,Apartment,1118904.35,1076.0,1,2,1975.0,2024-10-03,Active,7,4.4,1039.87,51.0,7.1
PROP-12233,Commercial Space / Office in Brickell,Miami,Brickell,Commercial,2164145.0,3892.0,0,5,1994.0,2024-05-05,Pending,6,3.1,556.05,32.0,5.9
PROP-12234,Residential plot of 7025 sqft in South Austin,Austin,South Austin,Plot,3068274.28,7025.0,0,0,1991.0,2025-07-08,Active,9,4.2,436.77,35.0,7.7
PROP-12235,4 BHK Villa for sale in Marina,San Francisco,Marina,Villa,3735080.24,3341.0,4,4,1982.0,2024-07-07,Active,8,4.1,1117.95,44.0,7.2
PROP-12236,6 BHK Villa for sale in SOMA,San Francisco,SOMA,Villa,7497723.17,5463.0,6,5,1998.0,2025-09-21,Sold,10,4.6,1372.46,28.0,8.3
PROP-12237,Residential plot of 2194 sqft in South Austin,Austin,South Austin,Plot,898814.41,2194.0,0,0,1991.0,2025-05-15,Pending,3,5.0,409.67,35.0,5.8
PROP-12238,Residential plot of 7624 sqft in Coral Gables,Miami,Coral Gables,Plot,7168591.0,7624.0,0,0,1991.0,2025-03-25,Active,3,3.1,940.27,35.0,4.5
PROP-12239,Commercial Space / Office in Mission District,San Francisco,Mission District,Commercial,16613847.97,12191.0,0,5,1979.0,2024-07-31,Sold,4,3.4,1362.8,47.0,5.1
PROP-12240,Commercial Space / Office in Manhattan,New York,Manhattan,Commercial,15606968.98,10160.0,0,10,2012.0,2024-09-12,Sold,3,4.7,1536.12,14.0,5.8
PROP-12241,3 BHK Apartment for sale in Coral Gables,Miami,Coral Gables,Apartment,1122541.79,1224.0,3,3,1950.0,2025-07-11,Pending,8,3.5,917.11,76.0,6.8
PROP-12242,5 BHK Villa for sale in Loop,Chicago,Loop,Villa,1666507.77,4913.0,5,2,1998.0,2024-05-24,Sold,3,4.6,339.2,28.0,5.5
PROP-12243,Commercial Space / Office in Downtown,Austin,Downtown,Commercial,4612600.55,9018.0,0,7,1962.0,2024-05-08,Sold,7,3.1,511.49,64.0,6.0
PROP-12245,2 BHK Apartment for sale in Mission District,San Francisco,Mission District,Apartment,2974618.41,2453.0,2,2,1945.0,2025-04-09,Pending,4,4.2,1212.65,81.0,5.8
PROP-12246,Commercial Space / Office in West Lake Hills,Austin,West Lake Hills,Commercial,10245734.97,16806.0,0,2,2000.0,2025-10-29,Pending,5,4.0,609.65,26.0,6.1
PROP-12247,4 BHK Villa for sale in Brickell,Miami,Brickell,Villa,3791255.11,5583.0,4,2,2001.0,2024-06-05,Active,3,4.2,679.07,25.0,5.1
PROP-12248,Commercial Space / Office in South Austin,Austin,South Austin,Commercial,4159252.65,10556.0,0,5,2001.0,2025-07-03,Pending,6,4.2,394.02,25.0,6.6
PROP-12249,Commercial Space / Office in Brickell,Miami,Brickell,Commercial,9312353.77,14100.0,0,8,1998.0,2024-09-04,Pending,6,5.0,660.45,28.0,6.8
PROP-12250,Residential plot of 1223 sqft in Brickell,Miami,Brickell,Plot,816243.21,1223.0,0,0,1995.5,2025-05-26,Active,10,4.7,667.41,30.5,8.2
PROP-12251,2 BHK Apartment for sale in Brooklyn,New York,Brooklyn,Apartment,1172652.77,895.0,2,1,1934.0,2025-01-18,Sold,7,3.5,1310.23,92.0,6.3
PROP-12252,4 BHK Villa for sale in SOMA,San Francisco,SOMA,Villa,6502435.12,5361.0,4,3,2004.0,2025-08-03,Pending,7,3.3,1212.91,22.0,6.5
PROP-12253,4 BHK Apartment for sale in Brooklyn,New York,Brooklyn,Apartment,744405.55,630.0,4,1,2008.0,2025-09-08,Pending,6,3.9,1181.6,18.0,6.3
PROP-12254,3 BHK Apartment for sale in Downtown,Austin,Downtown,Apartment,982636.63,2223.0,3,2,2018.0,2024-08-26,Active,9,4.4,442.03,8.0,7.7
PROP-12255,6 BHK Villa for sale in Mission District,San Francisco,Mission District,Villa,6624658.77,4883.0,6,2,1983.0,2024-11-30,Active,3,3.6,1356.68,43.0,4.9
PROP-12256,Commercial Space / Office in Downtown,Austin,Downtown,Commercial,6982368.61,17330.0,0,7,1972.0,2025-05-22,Sold,10,4.5,402.91,54.0,8.4
PROP-12257,Commercial Space / Office in West Lake Hills,Austin,West Lake Hills,Commercial,2518855.44,4232.0,0,9,2022.0,2024-04-26,Pending,3,4.4,595.19,4.0,5.5
PROP-12258,Commercial Space / Office in East Austin,Austin,East Austin,Commercial,1079008.26,3436.0,0,5,1988.0,2025-04-26,Sold,5,3.2,314.03,38.0,5.6
PROP-12259,Residential plot of 1080 sqft in East Austin,Austin,East Austin,Plot,352881.44,1080.0,0,0,1994.0,2024-01-08,Sold,2,4.9,326.74,32.0,5.4
PROP-12260,2 BHK Apartment for sale in Loop,Chicago,Loop,Apartment,251611.0,712.0,2,2,1947.0,2024-04-02,Sold,2,3.9,353.39,79.0,4.6
PROP-12261,1 BHK Apartment for sale in Hyde Park,Chicago,Hyde Park,Apartment,515752.34,1666.0,1,3,2019.0,2024-11-20,Active,7,4.4,309.58,7.0,6.8
PROP-12262,Residential plot of 5443 sqft in Manhattan,New York,Manhattan,Plot,10568362.5,5443.0,0,0,1991.0,2024-06-25,Sold,4,4.7,1941.64,35.0,5.8
PROP-12263,4 BHK Villa for sale in West Lake Hills,Austin,West Lake Hills,Villa,2108388.9,2994.0,4,3,1983.0,2024-10-27,Active,2,3.8,704.2,43.0,4.5
PROP-12264,6 BHK Villa for sale in Downtown,Austin,Downtown,Villa,1643905.74,4086.0,6,5,2000.0,2025-05-22,Pending,8,3.4,402.33,26.0,6.9
PROP-12265,3 BHK Apartment for sale in Downtown,Austin,Downtown,Apartment,866887.73,1822.0,3,1,1932.0,2024-08-06,Sold,4,4.9,475.79,94.0,5.9
PROP-12266,4 BHK Apartment for sale in Manhattan,New York,Manhattan,Apartment,3087751.39,1596.0,2,3,2007.0,2025-04-08,Active,4,4.1,1934.68,19.0,5.4
PROP-12267,Residential plot of 4939 sqft in East Austin,Austin,East Austin,Plot,1638348.96,4939.0,0,0,1994.0,2024-08-16,Sold,10,4.4,331.72,32.0,8.2
PROP-12268,Residential plot of 2253 sqft in Coral Gables,Miami,Coral Gables,Plot,2128534.0,2253.0,0,0,1991.0,2025-05-10,Pending,1,3.5,944.76,35.0,3.9
PROP-12269,Residential plot of 8334 sqft in Manhattan,New York,Manhattan,Plot,13960112.06,8334.0,0,0,1991.0,2024-01-19,Pending,5,4.1,1675.08,35.0,6.0
PROP-12270,5 BHK Villa for sale in Queens,New York,Queens,Villa,2729744.51,2352.0,5,5,1989.0,2025-06-01,Active,10,4.9,1160.61,37.0,8.4
PROP-12271,3 BHK Villa for sale in Downtown,Austin,Downtown,Villa,2610451.81,5797.0,3,2,2005.0,2024-07-25,Active,5,4.9,450.31,21.0,6.4
PROP-12272,5 BHK Villa for sale in SOMA,San Francisco,SOMA,Villa,4642927.37,3318.0,5,5,2011.0,2024-12-20,Sold,6,4.0,1399.32,15.0,6.3
PROP-12273,6 BHK Villa for sale in Queens,New York,Queens,Villa,3460941.12,3229.0,6,5,1992.0,2024-11-19,Active,8,4.7,1071.83,34.0,7.6
PROP-12274,2 BHK Apartment for sale in Coral Gables,Miami,Coral Gables,Apartment,1364600.95,1716.0,2,2,1953.0,2025-10-27,Active,10,4.3,795.22,73.0,8.2
PROP-12275,Residential plot of 9968 sqft in South Austin,Austin,South Austin,Plot,4474426.02,9968.0,0,0,1991.0,2025-09-14,Sold,10,4.3,448.88,35.0,8.1
PROP-12276,6 BHK Villa for sale in West Lake Hills,Austin,West Lake Hills,Villa,1809074.14,2615.0,6,2,1988.0,2024-03-28,Active,2,4.3,691.81,38.0,4.8
PROP-12277,5 BHK Villa for sale in Pacific Heights,San Francisco,Pacific Heights,Villa,9683586.26,5117.0,5,4,1986.0,2024-05-22,Active,3,3.5,1892.43,40.0,4.9
PROP-12278,4 BHK Villa for sale in Loop,Chicago,Loop,Villa,1065374.21,2658.0,4,5,1980.0,2024-12-27,Pending,9,4.6,400.82,46.0,7.7
PROP-12279,2 BHK Apartment for sale in SOMA,San Francisco,SOMA,Apartment,2375046.25,1764.0,2,2,1928.0,2025-10-01,Pending,10,4.7,1346.4,98.0,8.4
PROP-12280,2 BHK Apartment for sale in West Lake Hills,Austin,West Lake Hills,Apartment,679141.3,957.0,2,2,1927.0,2025-08-11,Active,5,4.2,709.66,99.0,6.0
PROP-12281,Residential plot of 4349 sqft in South Austin,Austin,South Austin,Plot,2202005.0,4349.0,0,0,1991.0,2025-07-19,Sold,2,4.6,506.32,35.0,4.9
PROP-12282,6 BHK Villa for sale in Pacific Heights,San Francisco,Pacific Heights,Villa,9828066.97,3970.0,6,5,2017.0,2024-06-18,Sold,8,4.5,2475.58,9.0,7.1
PROP-12283,Commercial Space / Office in SOMA,San Francisco,SOMA,Commercial,18950770.32,13495.0,0,8,1986.0,2025-05-20,Sold,9,4.9,1404.28,40.0,8.0
PROP-12284,Residential plot of 4608 sqft in Manhattan,New York,Manhattan,Plot,7113845.81,4608.0,0,0,1991.0,2024-09-07,Sold,4,4.7,1543.8,35.0,6.1
PROP-12285,2 BHK Apartment for sale in South Beach,Miami,South Beach,Apartment,788165.78,1494.0,2,1,1973.0,2025-07-05,Active,3,3.6,527.55,53.0,5.0
PROP-12286,Residential plot of 5891 sqft in Pacific Heights,San Francisco,Pacific Heights,Plot,12117241.6,5891.0,0,0,1991.0,2024-10-03,Active,3,3.7,2056.91,35.0,5.0
PROP-12287,Residential plot of 7301 sqft in South Austin,Austin,South Austin,Plot,3588107.22,7301.0,0,0,1991.0,2025-03-27,Active,3,3.0,491.45,35.0,4.4
PROP-12288,3 BHK Apartment for sale in Queens,New York,Queens,Apartment,1205424.14,1142.0,3,1,1988.0,2025-09-10,Pending,9,4.9,1055.54,38.0,8.2
PROP-12289,Residential plot of 4038 sqft in South Beach,Miami,South Beach,Plot,2083813.65,4038.0,0,0,1990.0,2024-11-18,Sold,8,4.8,516.05,36.0,7.8
PROP-12290,Residential plot of 3855 sqft in West Lake Hills,Austin,West Lake Hills,Plot,2249669.0,3855.0,0,0,1990.0,2025-02-07,Pending,10,4.7,583.57,36.0,8.5
PROP-12291,1 BHK Apartment for sale in Downtown,Austin,Downtown,Apartment,898735.19,2010.0,2,2,1988.0,2025-08-07,Pending,7,4.2,447.13,38.0,6.8
PROP-12292,Residential plot of 5175 sqft in Downtown,Austin,Downtown,Plot,2572748.14,5175.0,0,0,1988.0,2024-09-14,Pending,10,4.3,497.15,38.0,7.9
PROP-12293,Residential plot of 5620 sqft in West Lake Hills,Austin,West Lake Hills,Plot,3675501.74,5620.0,0,0,1990.0,2024-05-17,Pending,1,3.2,654.0,36.0,3.9
PROP-12294,1 BHK Apartment for sale in Downtown,Austin,Downtown,Apartment,758709.91,1867.0,1,2,1965.0,2025-11-04,Sold,4,4.2,406.38,61.0,5.7
PROP-12295,3 BHK Apartment for sale in Bronx,New York,Bronx,Apartment,1815350.34,1900.0,3,2,2022.0,2025-11-08,Active,2,4.3,955.45,4.0,4.9
PROP-12296,Commercial Space / Office in Little Havana,Miami,Little Havana,Commercial,3451512.05,6313.0,0,7,1979.0,2024-04-12,Pending,5,3.6,546.73,47.0,5.4
PROP-12297,Residential plot of 9884 sqft in Brickell,Miami,Brickell,Plot,5446355.33,9884.0,0,0,1995.5,2025-06-04,Active,2,4.7,551.03,30.5,5.3
PROP-12298,5 BHK Villa for sale in East Austin,Austin,East Austin,Villa,2246210.0,5548.0,5,2,1997.0,2024-11-02,Sold,5,3.0,404.87,29.0,5.1
PROP-12299,6 BHK Villa for sale in West Lake Hills,Austin,West Lake Hills,Villa,3200364.86,4169.0,6,2,2021.0,2024-09-06,Sold,8,4.2,767.66,5.0,7.0
PROP-12300,Residential plot of 2632 sqft in Pacific Heights,San Francisco,Pacific Heights,Plot,6115851.5,2632.0,0,0,1991.0,2025-04-10,Active,9,4.3,2323.65,35.0,7.5
PROP-12301,3 BHK Apartment for sale in Loop,Chicago,Loop,Apartment,898724.96,2331.0,3,1,1991.0,2024-05-09,Sold,10,4.4,385.55,35.0,8.0
PROP-12302,3 BHK Apartment for sale in River North,Chicago,River North,Apartment,668918.07,1786.0,3,3,1975.0,2024-08-05,Sold,10,4.8,374.53,51.0,8.3
PROP-12303,4 BHK Apartment for sale in Loop,Chicago,Loop,Apartment,669425.85,2148.0,4,2,1927.0,2025-01-08,Sold,1,4.4,311.65,99.0,4.7
PROP-12304,Residential plot of 7065 sqft in Coral Gables,Miami,Coral Gables,Plot,6147606.42,7065.0,0,0,1991.0,2025-10-07,Pending,5,4.9,870.15,35.0,6.5
PROP-12305,5 BHK Villa for sale in River North,Chicago,River North,Villa,1699960.13,4571.0,5,3,1980.0,2024-12-07,Sold,6,4.9,371.9,46.0,6.8
PROP-12306,Commercial Space / Office in Brickell,Miami,Brickell,Commercial,14050207.43,23028.0,0,10,2016.0,2024-03-02,Sold,10,4.8,610.14,10.0,8.4
PROP-12307,Commercial Space / Office in Loop,Chicago,Loop,Commercial,7981908.0,20992.0,0,10,1961.0,2024-07-10,Pending,5,3.5,380.24,65.0,5.5
PROP-12308,4 BHK Apartment for sale in South Austin,Austin,South Austin,Apartment,1210718.91,2467.0,4,3,1970.0,2025-03-18,Pending,8,4.7,490.77,56.0,7.4
PROP-12309,Commercial Space / Office in Downtown,Austin,Downtown,Commercial,9958825.25,13333.0,0,8,1997.0,2025-04-27,Pending,10,4.0,746.93,29.0,6.9
PROP-12310,6 BHK Villa for sale in Bronx,New York,Bronx,Villa,2163875.47,2238.0,6,2,1981.0,2024-07-20,Sold,5,4.6,966.88,45.0,6.3
PROP-12311,Residential plot of 1061 sqft in Lincoln Park,Chicago,Lincoln Park,Plot,488558.87,1061.0,0,0,1989.5,2025-01-23,Sold,6,4.8,460.47,36.5,7.0
PROP-12312,Residential plot of 5051 sqft in Coral Gables,Miami,Coral Gables,Plot,3956984.99,5051.0,0,0,1991.0,2024-04-19,Sold,8,5.0,783.41,35.0,7.9
PROP-12313,2 BHK Apartment for sale in Coral Gables,Miami,Coral Gables,Apartment,547477.84,556.0,2,1,1992.0,2024-03-01,Sold,7,5.0,984.67,34.0,7.1
PROP-12314,Commercial Space / Office in South Austin,Austin,South Austin,Commercial,9351440.75,23149.0,0,6,2016.0,2025-05-27,Active,8,4.4,403.97,10.0,7.5
PROP-12315,Commercial Space / Office in Mission District,San Francisco,Mission District,Commercial,7841371.89,5477.0,0,3,1989.0,2024-03-17,Pending,1,4.9,1431.69,37.0,4.7
PROP-12316,4 BHK Villa for sale in Pacific Heights,San Francisco,Pacific Heights,Villa,12567364.69,5616.0,4,5,2015.0,2025-05-14,Active,9,4.5,2237.78,11.0,7.7
PROP-12317,Commercial Space / Office in River North,Chicago,River North,Commercial,3336726.24,9425.0,0,9,2010.0,2025-09-23,Pending,1,3.9,354.03,16.0,4.2
PROP-12318,3 BHK Villa for sale in Little Havana,Miami,Little Havana,Villa,1806003.32,4107.0,5,4,2011.0,2025-11-12,Active,1,3.6,439.74,15.0,4.2
PROP-12319,4 BHK Villa for sale in Pacific Heights,San Francisco,Pacific Heights,Villa,4657443.57,3970.0,4,5,2003.0,2024-04-12,Pending,4,4.6,1173.16,23.0,6.5
PROP-12320,Residential plot of 7051 sqft in Manhattan,New York,Manhattan,Plot,12294548.2,7051.0,0,0,1991.0,2024-08-18,Active,6,4.0,1743.66,35.0,6.3
PROP-12321,4 BHK Apartment for sale in Hyde Park,Chicago,Hyde Park,Apartment,346045.6,1236.0,4,1,2022.0,2024-08-26,Active,8,4.2,279.97,4.0,7.2
PROP-12322,3 BHK Villa for sale in Manhattan,New York,Manhattan,Villa,6293313.17,3081.0,3,3,1990.0,2025-11-24,Active,3,3.8,2042.62,36.0,4.8
PROP-12323,Residential plot of 5437 sqft in Loop,Chicago,Loop,Plot,1759972.56,5437.0,0,0,1991.0,2025-07-09,Pending,8,4.2,323.7,35.0,7.3
PROP-12324,3 BHK Apartment for sale in Queens,New York,Queens,Apartment,3151933.04,2331.0,3,3,1951.0,2024-04-25,Pending,10,4.9,1352.18,75.0,8.3
PROP-12325,Commercial Space / Office in Brickell,Miami,Brickell,Commercial,10839689.16,20888.0,0,8,1986.0,2024-12-01,Sold,6,3.8,518.94,40.0,6.4
PROP-12326,3 BHK Apartment for sale in West Lake Hills,Austin,West Lake Hills,Apartment,1220106.97,1709.0,3,3,2015.0,2025-02-28,Sold,8,3.7,713.93,11.0,6.9
PROP-12327,3 BHK Apartment for sale in Queens,New York,Queens,Apartment,834299.0,613.0,3,3,1922.0,2025-08-04,Pending,6,4.8,1361.01,104.0,6.6
PROP-12328,Residential plot of 2497 sqft in Downtown,Austin,Downtown,Plot,1259266.2,2497.0,0,0,1988.0,2024-10-12,Sold,7,4.5,504.31,38.0,6.8
PROP-12329,1 BHK Apartment for sale in South Beach,Miami,South Beach,Apartment,738869.47,1172.0,1,1,1976.0,2025-11-04,Active,9,4.9,630.43,50.0,8.0
PROP-12330,6 BHK Villa for sale in South Beach,Miami,South Beach,Villa,3418584.16,5447.0,6,2,2008.0,2024-02-15,Active,7,3.4,627.61,18.0,6.3
PROP-12331,3 BHK Apartment for sale in River North,Chicago,River North,Apartment,432926.35,1140.0,3,1,1978.0,2024-11-26,Pending,7,3.0,379.76,48.0,6.0
PROP-12332,Commercial Space / Office in South Beach,Miami,South Beach,Commercial,11507784.84,19140.0,0,6,1971.0,2025-01-11,Pending,4,4.1,601.24,55.0,5.6
PROP-12333,5 BHK Villa for sale in Lincoln Park,Chicago,Lincoln Park,Villa,1773157.46,3705.0,5,2,1996.0,2025-10-12,Active,2,3.7,478.59,30.0,4.6
PROP-12334,1 BHK Apartment for sale in River North,Chicago,River North,Apartment,304637.95,849.0,1,2,1995.0,2024-10-01,Sold,8,4.3,358.82,31.0,7.2
PROP-12335,Residential plot of 3114 sqft in Brooklyn,New York,Brooklyn,Plot,3244470.77,3114.0,0,0,1994.0,2024-08-09,Sold,1,4.7,1041.9,32.0,4.9
PROP-12336,6 BHK Villa for sale in Manhattan,New York,Manhattan,Villa,3419648.12,2187.0,6,3,2009.0,2025-01-15,Sold,8,4.8,1563.63,17.0,7.8
PROP-12337,Commercial Space / Office in River North,Chicago,River North,Commercial,7297773.27,18750.0,0,8,2019.0,2024-07-16,Active,3,4.6,389.21,7.0,5.3
PROP-12338,5 BHK Villa for sale in Mission District,San Francisco,Mission District,Villa,6526658.73,4060.0,5,2,2015.0,2024-01-21,Pending,1,4.2,1607.55,11.0,4.2
PROP-12339,3 BHK Villa for sale in Little Havana,Miami,Little Havana,Villa,2077998.4,4155.0,3,2,1983.0,2025-03-23,Sold,5,4.0,500.12,43.0,5.9
PROP-12340,1 BHK Apartment for sale in Brickell,Miami,Brickell,Apartment,906139.23,1381.0,1,1,2009.0,2025-10-27,Active,9,4.9,656.15,17.0,7.9
PROP-12341,4 BHK Apartment for sale in Marina,San Francisco,Marina,Apartment,1256421.0,1078.0,4,3,1992.0,2024-11-18,Active,1,3.5,1165.51,34.0,4.0
PROP-12342,1 BHK Apartment for sale in Hyde Park,Chicago,Hyde Park,Apartment,154831.43,508.0,1,2,2000.0,2024-05-01,Sold,6,4.2,304.79,26.0,6.3
PROP-12343,Residential plot of 7271 sqft in South Austin,Austin,South Austin,Plot,2938126.21,7271.0,0,0,1991.0,2024-06-17,Active,8,3.3,404.09,35.0,6.8
PROP-12344,Residential plot of 1918 sqft in Pacific Heights,San Francisco,Pacific Heights,Plot,3565085.92,1918.0,0,0,1991.0,2024-12-03,Pending,2,3.2,1858.75,35.0,4.4
PROP-12345,1 BHK Apartment for sale in Downtown,Austin,Downtown,Apartment,999707.81,2272.0,1,3,2001.0,2025-06-09,Sold,4,4.6,440.01,25.0,5.9
PROP-12346,2 BHK Apartment for sale in Queens,New York,Queens,Apartment,1785782.88,1376.0,2,1,2022.0,2025-04-29,Sold,3,4.6,1297.81,4.0,5.4
PROP-12347,4 BHK Villa for sale in Lincoln Park,Chicago,Lincoln Park,Villa,2191327.01,4828.0,4,3,2018.0,2024-02-22,Active,7,4.6,453.88,8.0,7.2
PROP-12348,3 BHK Villa for sale in Pacific Heights,San Francisco,Pacific Heights,Villa,8858215.72,4363.0,3,3,2007.0,2024-10-21,Pending,5,3.4,2030.3,19.0,5.5
PROP-12349,Commercial Space / Office in East Austin,Austin,East Austin,Commercial,4763414.35,13063.0,0,2,2008.0,2024-11-23,Pending,7,4.4,364.65,18.0,6.9
PROP-12350,4 BHK Villa for sale in Little Havana,Miami,Little Havana,Villa,1056220.73,2179.0,5,3,1980.0,2024-08-03,Active,9,4.2,484.73,46.0,7.6
PROP-12351,Residential plot of 1397 sqft in Marina,San Francisco,Marina,Plot,1695230.56,1397.0,0,0,1991.5,2024-09-08,Sold,7,4.2,1213.48,34.5,6.7
PROP-12352,3 BHK Apartment for sale in Lincoln Park,Chicago,Lincoln Park,Apartment,762674.94,1450.0,3,2,2013.0,2025-03-04,Active,7,4.0,525.98,13.0,6.7
PROP-12353,3 BHK Villa for sale in Brickell,Miami,Brickell,Villa,3640568.45,5571.0,3,2,2018.0,2025-08-17,Pending,8,4.0,653.49,8.0,7.0
PROP-12354,Commercial Space / Office in Manhattan,New York,Manhattan,Commercial,28952819.6,14230.0,0,9,1991.0,2024-06-27,Sold,4,4.8,2034.63,35.0,5.8
PROP-12355,Commercial Space / Office in Loop,Chicago,Loop,Commercial,3536945.21,11209.0,0,4,1983.0,2025-11-19,Pending,9,4.4,315.55,43.0,7.9
PROP-12356,Commercial Space / Office in Downtown,Austin,Downtown,Commercial,3711658.3,8108.0,0,3,1962.0,2025-06-27,Sold,3,4.2,457.78,64.0,5.2
PROP-12357,Residential plot of 4152 sqft in Little Havana,Miami,Little Havana,Plot,1846464.15,4152.0,0,0,1994.0,2024-11-21,Sold,8,4.8,444.72,32.0,7.7
PROP-12358,Commercial Space / Office in Mission District,San Francisco,Mission District,Commercial,30128020.32,24826.0,0,8,1979.0,2025-10-17,Sold,8,4.3,1213.57,47.0,7.4
PROP-12359,4 BHK Villa for sale in Brooklyn,New York,Brooklyn,Villa,5493803.18,4539.0,4,5,1986.0,2025-06-22,Active,5,5.0,1210.36,40.0,6.5
PROP-12360,2 BHK Apartment for sale in Marina,San Francisco,Marina,Apartment,2560429.88,2176.0,2,1,1981.0,2025-02-01,Pending,8,4.2,1176.67,45.0,7.2
PROP-12361,5 BHK Villa for sale in Brickell,Miami,Brickell,Villa,1246493.42,2119.0,5,5,2006.0,2024-02-02,Active,8,4.0,588.25,20.0,7.2
PROP-12362,Commercial Space / Office in Hyde Park,Chicago,Hyde Park,Commercial,1417622.17,4828.0,0,9,1992.0,2025-03-13,Active,6,4.8,293.63,34.0,6.7
PROP-12363,3 BHK Villa for sale in River North,Chicago,River North,Villa,1017088.0,3263.0,3,5,1990.0,2025-03-06,Pending,1,3.9,311.7,36.0,4.4
PROP-12364,4 BHK Villa for sale in Lincoln Park,Chicago,Lincoln Park,Villa,1367336.47,2905.0,4,5,1988.0,2025-10-24,Pending,9,4.2,470.68,38.0,7.8
PROP-12365,Residential plot of 9038 sqft in Hyde Park,Chicago,Hyde Park,Plot,2645902.96,9038.0,0,0,1993.0,2024-03-22,Sold,3,4.2,292.75,33.0,5.2
PROP-12366,4 BHK Apartment for sale in Loop,Chicago,Loop,Apartment,845502.06,2183.0,4,2,1956.0,2025-10-13,Sold,7,4.2,387.31,70.0,6.7
PROP-12367,Residential plot of 6061 sqft in Bronx,New York,Bronx,Plot,5538952.32,6061.0,0,0,1993.0,2024-11-14,Active,1,3.1,913.87,33.0,3.8
PROP-12368,Residential plot of 1069 sqft in Lincoln Park,Chicago,Lincoln Park,Plot,630480.24,1069.0,0,0,1989.5,2024-11-18,Sold,3,3.7,589.79,36.5,4.8
PROP-12369,Commercial Space / Office in Lincoln Park,Chicago,Lincoln Park,Commercial,3718427.0,6172.0,0,3,1986.0,2025-01-17,Pending,10,4.0,602.47,40.0,7.6
PROP-12370,3 BHK Apartment for sale in Manhattan,New York,Manhattan,Apartment,3009362.14,1870.0,3,1,2001.0,2024-02-04,Pending,7,3.4,1609.28,25.0,6.5
PROP-12371,Residential plot of 8062 sqft in Coral Gables,Miami,Coral Gables,Plot,7633908.86,8062.0,0,0,1991.0,2024-12-30,Pending,4,3.6,946.9,35.0,5.2
PROP-12372,5 BHK Villa for sale in Bronx,New York,Bronx,Villa,4720978.92,4863.0,5,3,2015.0,2025-05-25,Sold,9,4.3,970.8,11.0,7.7
PROP-12373,6 BHK Villa for sale in South Austin,Austin,South Austin,Villa,1005537.8,2610.0,6,4,1994.0,2025-11-05,Active,10,4.5,385.26,32.0,8.4
PROP-12374,Commercial Space / Office in Pacific Heights,San Francisco,Pacific Heights,Commercial,38694942.96,17347.0,0,6,2016.0,2024-10-29,Pending,8,3.3,2230.64,10.0,6.6
PROP-12375,Residential plot of 1166 sqft in Lincoln Park,Chicago,Lincoln Park,Plot,595635.17,1166.0,0,0,1989.5,2025-10-04,Sold,2,3.0,510.84,36.5,4.2
PROP-12376,3 BHK Apartment for sale in SOMA,San Francisco,SOMA,Apartment,2241767.68,1802.0,3,1,1935.0,2024-05-09,Sold,8,4.9,1244.04,91.0,7.8
PROP-12377,Residential plot of 8693 sqft in South Beach,Miami,South Beach,Plot,5315557.94,8693.0,0,0,1990.0,2025-08-04,Sold,7,3.5,611.48,36.0,6.4
PROP-12378,Residential plot of 5345 sqft in Brooklyn,New York,Brooklyn,Plot,5981503.17,6041.5,0,0,1994.0,2025-04-23,Sold,1,3.8,990.07,32.0,4.4
PROP-12379,5 BHK Villa for sale in Coral Gables,Miami,Coral Gables,Villa,4225687.67,5484.0,5,4,2019.0,2025-04-28,Sold,2,3.3,770.55,7.0,4.4
PROP-12380,Residential plot of 5302 sqft in Mission District,San Francisco,Mission District,Plot,8019965.55,5302.0,0,0,1994.0,2025-07-20,Active,8,4.3,1512.63,32.0,7.2
PROP-12381,Residential plot of 7589 sqft in Bronx,New York,Bronx,Plot,8231037.86,7589.0,0,0,1993.0,2025-01-29,Active,8,3.8,1084.6,33.0,6.8
PROP-12382,Residential plot of 3505 sqft in SOMA,San Francisco,SOMA,Plot,4175832.0,3505.0,0,0,1992.0,2025-05-22,Active,7,4.5,1191.39,34.0,7.2
PROP-12383,Commercial Space / Office in Marina,San Francisco,Marina,Commercial,7110850.47,6343.0,0,5,1999.0,2025-03-21,Active,7,4.1,1121.05,27.0,6.7
PROP-12384,Commercial Space / Office in Brickell,Miami,Brickell,Commercial,11982018.87,18278.0,0,4,1985.0,2025-09-11,Pending,6,3.2,655.54,41.0,5.7
PROP-12385,Residential plot of 4668 sqft in River North,Chicago,River North,Plot,1483359.96,5751.0,0,0,1986.0,2024-07-28,Sold,8,4.1,257.93,40.0,7.6
PROP-12386,Commercial Space / Office in West Lake Hills,Austin,West Lake Hills,Commercial,12566188.64,21193.0,0,8,2007.0,2025-04-20,Sold,1,3.3,592.94,19.0,4.1
PROP-12387,Residential plot of 1924 sqft in Little Havana,Miami,Little Havana,Plot,997895.65,1924.0,0,0,1994.0,2024-12-25,Active,6,3.5,518.66,32.0,5.9
PROP-12388,2 BHK Apartment for sale in Lincoln Park,Chicago,Lincoln Park,Apartment,1409522.21,2343.0,2,2,1969.0,2024-08-01,Sold,8,4.3,601.59,57.0,7.1
PROP-12389,Commercial Space / Office in Lincoln Park,Chicago,Lincoln Park,Commercial,5222692.82,11395.0,0,5,1965.0,2024-12-22,Pending,4,4.1,458.33,61.0,5.7
PROP-12390,Residential plot of 5385 sqft in Mission District,San Francisco,Mission District,Plot,8238345.5,5385.0,0,0,1994.0,2024-04-27,Sold,7,4.3,1529.87,32.0,6.7
PROP-12391,3 BHK Villa for sale in Lincoln Park,Chicago,Lincoln Park,Villa,2105718.73,4076.0,3,3,1990.0,2025-11-11,Pending,8,4.7,516.61,36.0,7.5
PROP-12392,Residential plot of 2942 sqft in Downtown,Austin,Downtown,Plot,1439201.44,2942.0,0,0,1988.0,2024-07-15,Sold,9,5.0,489.19,38.0,8.0
PROP-12393,4 BHK Apartment for sale in West Lake Hills,Austin,West Lake Hills,Apartment,1532359.01,2150.0,2,3,1978.0,2024-01-10,Sold,6,3.1,712.73,48.0,5.7
PROP-12394,Commercial Space / Office in Hyde Park,Chicago,Hyde Park,Commercial,6391740.61,23753.0,0,6,1989.0,2025-10-19,Pending,6,4.5,269.09,37.0,6.7
PROP-12395,Residential plot of 8097 sqft in Downtown,Austin,Downtown,Plot,3665131.0,8097.0,0,0,1988.0,2025-09-21,Sold,5,3.5,452.65,38.0,5.6
PROP-12396,Residential plot of 1383 sqft in Lincoln Park,Chicago,Lincoln Park,Plot,805321.98,1383.0,0,0,1989.5,2024-04-10,Pending,4,4.7,582.3,36.5,5.8
PROP-12397,Residential plot of 9899 sqft in Queens,New York,Queens,Plot,12222374.03,9899.0,0,0,1988.0,2025-05-17,Active,7,3.3,1234.71,38.0,6.3
PROP-12398,1 BHK Apartment for sale in Loop,Chicago,Loop,Apartment,225887.13,728.0,1,2,1970.0,2025-09-10,Pending,8,3.1,310.28,56.0,6.7
PROP-12399,6 BHK Villa for sale in River North,Chicago,River North,Villa,1476649.97,4135.0,6,5,1982.0,2025-09-28,Active,9,4.6,357.11,44.0,7.9
PROP-12400,Residential plot of 8410 sqft in Bronx,New York,Bronx,Plot,8920147.31,8410.0,0,0,1993.0,2025-07-06,Sold,3,3.5,1060.66,33.0,4.7
PROP-12401,4 BHK Villa for sale in Little Havana,Miami,Little Havana,Villa,2069038.87,3877.0,4,3,1980.0,2024-02-06,Pending,2,4.8,533.67,46.0,5.0
PROP-12402,Commercial Space / Office in SOMA,San Francisco,SOMA,Commercial,38237033.04,24816.0,0,3,1964.0,2025-01-26,Sold,10,4.3,1540.82,62.0,7.9
PROP-12403,6 BHK Villa for sale in Hyde Park,Chicago,Hyde Park,Villa,700830.68,2453.0,6,4,1983.0,2025-11-17,Sold,4,4.3,285.7,43.0,5.6
PROP-12404,Residential plot of 9399 sqft in Mission District,San Francisco,Mission District,Plot,14055196.92,9399.0,0,0,1994.0,2024-09-04,Sold,1,3.1,1495.39,32.0,3.7
PROP-12405,1 BHK Apartment for sale in East Austin,Austin,East Austin,Apartment,704400.85,1897.0,1,2,1932.0,2024-08-16,Active,8,4.1,371.32,94.0,7.1
PROP-12406,1 BHK Apartment for sale in Marina,San Francisco,Marina,Apartment,3025373.62,2460.0,1,3,1974.0,2025-06-19,Pending,5,4.7,1229.83,52.0,6.2
PROP-12407,6 BHK Villa for sale in Lincoln Park,Chicago,Lincoln Park,Villa,3085422.97,5152.0,6,2,2015.0,2024-12-16,Sold,6,4.1,598.88,11.0,6.1
PROP-12408,3 BHK Villa for sale in Coral Gables,Miami,Coral Gables,Villa,1517890.67,1855.0,3,3,1983.0,2025-01-09,Sold,7,3.2,818.27,43.0,6.3
PROP-12409,Commercial Space / Office in Coral Gables,Miami,Coral Gables,Commercial,18557331.0,22144.0,0,3,1999.0,2024-12-20,Active,3,5.0,838.03,27.0,5.8
PROP-12410,Residential plot of 3374 sqft in Lincoln Park,Chicago,Lincoln Park,Plot,1741095.35,3374.0,0,0,1989.5,2025-05-12,Pending,1,4.1,516.03,36.5,4.4
PROP-12411,Residential plot of 5324 sqft in Brickell,Miami,Brickell,Plot,2905473.05,5324.0,0,0,1995.5,2024-10-11,Active,2,3.5,545.73,30.5,4.5
PROP-12412,Residential plot of 7072 sqft in West Lake Hills,Austin,West Lake Hills,Plot,5303605.66,7072.0,0,0,1990.0,2024-04-15,Sold,6,5.0,749.94,36.0,6.7
PROP-12413,4 BHK Apartment for sale in Marina,San Francisco,Marina,Apartment,1935938.13,1748.0,4,1,1935.0,2024-06-19,Active,4,3.3,1107.52,91.0,5.1
PROP-12414,Commercial Space / Office in River North,Chicago,River North,Commercial,6070890.75,19078.0,0,2,1991.0,2024-08-16,Active,7,4.4,318.21,35.0,7.1
PROP-12415,2 BHK Apartment for sale in South Austin,Austin,South Austin,Apartment,920335.9,2257.0,2,3,1968.0,2024-12-21,Sold,3,4.2,407.77,58.0,5.4
PROP-12416,Commercial Space / Office in West Lake Hills,Austin,West Lake Hills,Commercial,11711386.02,18156.0,0,2,1983.0,2024-05-16,Active,7,3.3,645.04,43.0,6.4
PROP-12417,2 BHK Apartment for sale in Hyde Park,Chicago,Hyde Park,Apartment,398537.63,1257.0,2,1,2001.0,2024-01-26,Active,5,4.5,317.05,25.0,6.0
PROP-12418,Commercial Space / Office in River North,Chicago,River North,Commercial,3141416.76,8745.0,0,9,1997.0,2025-04-28,Active,6,3.5,359.22,29.0,6.0
PROP-12419,Commercial Space / Office in SOMA,San Francisco,SOMA,Commercial,20148580.23,15840.0,0,7,2014.0,2025-10-22,Pending,7,4.6,1272.01,12.0,7.2
PROP-12420,5 BHK Villa for sale in SOMA,San Francisco,SOMA,Villa,7387597.69,5141.0,5,4,1988.0,2025-01-30,Sold,3,3.9,1437.0,38.0,5.0
PROP-12421,Residential plot of 1605 sqft in Brickell,Miami,Brickell,Plot,1093342.0,1605.0,0,0,1995.5,2025-11-04,Active,9,4.6,681.21,30.5,7.7
PROP-12422,5 BHK Villa for sale in Loop,Chicago,Loop,Villa,2239565.07,5952.0,5,5,1986.0,2024-09-08,Active,1,3.7,376.27,40.0,4.0
PROP-12423,Residential plot of 3296 sqft in Bronx,New York,Bronx,Plot,2892919.0,3296.0,0,0,1993.0,2024-06-21,Sold,10,4.8,877.71,33.0,8.5
PROP-12424,1 BHK Apartment for sale in Little Havana,Miami,Little Havana,Apartment,1036847.55,2311.0,2,2,1932.0,2024-06-27,Active,7,3.1,448.66,94.0,6.3
PROP-12425,Residential plot of 8994 sqft in Coral Gables,Miami,Coral Gables,Plot,7206616.16,8994.0,0,0,1991.0,2024-04-25,Active,7,4.7,801.27,35.0,7.3
PROP-12426,1 BHK Apartment for sale in Lincoln Park,Chicago,Lincoln Park,Apartment,1001233.7,1900.0,1,2,1949.0,2024-10-31,Active,10,4.6,526.97,77.0,8.3
PROP-12427,4 BHK Apartment for sale in Manhattan,New York,Manhattan,Apartment,3498575.97,2160.0,4,2,1979.0,2024-04-03,Sold,6,3.2,1619.71,47.0,6.0
PROP-12428,3 BHK Villa for sale in Mission District,San Francisco,Mission District,Villa,3574180.72,2888.0,3,5,2013.0,2024-01-18,Sold,4,4.7,1237.6,13.0,6.1
PROP-12429,Commercial Space / Office in South Austin,Austin,South Austin,Commercial,779360.57,1796.0,0,6,1967.0,2024-05-13,Active,7,3.2,433.94,59.0,6.3
PROP-12430,Commercial Space / Office in Manhattan,New York,Manhattan,Commercial,20255473.23,11612.0,0,3,1974.0,2025-10-14,Active,10,4.1,1744.36,52.0,8.0
PROP-12431,3 BHK Apartment for sale in South Beach,Miami,South Beach,Apartment,1317198.42,2272.0,3,2,1990.0,2024-08-29,Active,10,4.9,579.75,36.0,8.5
PROP-12432,4 BHK Villa for sale in South Beach,Miami,South Beach,Villa,2688651.04,3810.0,4,3,1993.0,2024-04-24,Sold,5,3.8,705.68,33.0,5.5
PROP-12433,1 BHK Apartment for sale in Bronx,New York,Bronx,Apartment,1574127.88,1863.0,1,3,1963.0,2024-08-14,Active,10,4.2,844.94,63.0,8.2
PROP-12434,4 BHK Apartment for sale in Bronx,New York,Bronx,Apartment,1054671.56,1192.0,4,2,1963.0,2025-07-30,Pending,4,4.3,884.79,63.0,5.8
PROP-12435,3 BHK Apartment for sale in Coral Gables,Miami,Coral Gables,Apartment,1709285.12,2128.0,3,1,1970.0,2025-01-21,Active,2,4.2,803.24,56.0,5.0
PROP-12436,Residential plot of 6910 sqft in Brooklyn,New York,Brooklyn,Plot,8319043.31,6910.0,0,0,1994.0,2025-11-22,Pending,7,4.7,1203.91,32.0,7.1
PROP-12437,3 BHK Villa for sale in Manhattan,New York,Manhattan,Villa,2883191.0,1817.0,3,5,2002.0,2025-06-18,Sold,3,4.2,1586.79,24.0,5.4
PROP-12438,Commercial Space / Office in Downtown,Austin,Downtown,Commercial,6359342.5,16504.0,0,7,2011.0,2025-02-14,Pending,5,4.3,385.32,15.0,6.3
PROP-12439,Commercial Space / Office in Marina,San Francisco,Marina,Commercial,7996668.0,6395.0,0,2,1969.0,2024-09-20,Sold,8,3.2,1250.46,57.0,6.4
PROP-12440,Residential plot of 5137 sqft in West Lake Hills,Austin,West Lake Hills,Plot,3250553.38,5137.0,0,0,1990.0,2024-05-26,Sold,8,3.2,632.77,36.0,6.7
PROP-12441,Residential plot of 7032 sqft in South Austin,Austin,South Austin,Plot,3026872.35,7032.0,0,0,1991.0,2025-07-27,Active,3,4.3,430.44,35.0,5.4
PROP-12443,Commercial Space / Office in South Beach,Miami,South Beach,Commercial,10224999.56,15481.0,0,2,1969.0,2025-03-04,Pending,4,4.0,660.49,57.0,5.3
PROP-12444,6 BHK Villa for sale in South Austin,Austin,South Austin,Villa,1324777.0,2564.0,6,5,1991.0,2025-07-13,Sold,6,3.6,516.68,35.0,5.8
PROP-12445,Residential plot of 2861 sqft in Loop,Chicago,Loop,Plot,985011.38,2861.0,0,0,1991.0,2025-09-20,Sold,7,4.2,344.29,35.0,6.8
PROP-12446,Residential plot of 2787 sqft in Brickell,Miami,Brickell,Plot,1489905.76,2787.0,0,0,1995.5,2024-03-03,Pending,5,3.8,534.59,30.5,6.0
PROP-12447,Residential plot of 3778 sqft in Hyde Park,Chicago,Hyde Park,Plot,1004173.0,3778.0,0,0,1993.0,2024-02-18,Pending,1,4.5,265.79,33.0,4.7
PROP-12448,Residential plot of 1255 sqft in South Austin,Austin,South Austin,Plot,629238.25,1255.0,0,0,1991.0,2025-08-15,Sold,7,3.2,501.39,35.0,6.1
PROP-12449,4 BHK Villa for sale in Queens,New York,Queens,Villa,4925544.45,4532.0,4,2,1995.0,2025-11-19,Sold,7,3.7,1086.84,31.0,6.6
PROP-12450,3 BHK Villa for sale in South Beach,Miami,South Beach,Villa,1784266.72,3480.0,5,4,1992.0,2025-03-19,Active,10,4.1,512.72,34.0,8.2
PROP-12451,1 BHK Apartment for sale in River North,Chicago,River North,Apartment,773910.41,2004.0,1,2,1921.0,2024-04-13,Active,10,4.2,386.18,105.0,7.9
PROP-12452,6 BHK Villa for sale in Loop,Chicago,Loop,Villa,1963737.66,5524.0,6,5,1993.0,2024-11-08,Sold,6,4.5,355.49,33.0,6.6
PROP-12453,Commercial Space / Office in Marina,San Francisco,Marina,Commercial,6428577.23,6376.0,0,9,1973.0,2024-09-27,Pending,1,3.4,1008.25,53.0,4.1
PROP-12454,Residential plot of 5350 sqft in West Lake Hills,Austin,West Lake Hills,Plot,3137697.37,5350.0,0,0,1990.0,2024-08-27,Active,8,3.8,586.49,36.0,7.2
PROP-12455,3 BHK Apartment for sale in Little Havana,Miami,Little Havana,Apartment,238839.34,568.0,3,3,2000.0,2024-04-15,Active,3,4.4,420.49,26.0,5.5
PROP-12456,1 BHK Apartment for sale in Marina,San Francisco,Marina,Apartment,961867.73,946.0,1,3,1953.0,2024-03-17,Sold,8,4.4,1016.77,73.0,7.5
PROP-12457,4 BHK Villa for sale in West Lake Hills,Austin,West Lake Hills,Villa,3719387.17,5447.0,4,4,2009.0,2024-08-22,Pending,2,3.6,682.83,17.0,4.4
PROP-12458,Commercial Space / Office in Mission District,San Francisco,Mission District,Commercial,27741632.0,20413.0,0,4,1985.0,2025-04-29,Active,1,4.1,1359.02,41.0,4.3
PROP-12459,Residential plot of 9308 sqft in Manhattan,New York,Manhattan,Plot,17939607.14,9308.0,0,0,1991.0,2024-04-16,Pending,3,4.0,1927.33,35.0,5.0
PROP-12460,6 BHK Villa for sale in Downtown,Austin,Downtown,Villa,1873021.28,4129.0,6,3,2015.0,2024-06-23,Pending,6,3.5,453.63,11.0,6.0
PROP-12461,Residential plot of 2534 sqft in Lincoln Park,Chicago,Lincoln Park,Plot,1336847.19,2534.0,0,0,1989.5,2024-07-13,Active,3,4.2,527.56,36.5,5.2
PROP-12462,1 BHK Apartment for sale in Downtown,Austin,Downtown,Apartment,466010.69,1067.0,1,3,1930.0,2025-05-16,Sold,5,4.5,436.75,96.0,6.2
PROP-12463,3 BHK Villa for sale in Marina,San Francisco,Marina,Villa,6186084.11,5792.0,3,2,2003.0,2024-07-31,Active,6,4.4,1068.04,23.0,6.6
PROP-12464,3 BHK Villa for sale in Loop,Chicago,Loop,Villa,1500600.0,4346.0,3,5,2013.0,2024-01-14,Pending,5,4.2,345.28,13.0,6.1
PROP-12465,1 BHK Apartment for sale in Manhattan,New York,Manhattan,Apartment,3099450.6,1703.0,1,2,1981.0,2024-06-26,Sold,6,3.9,1819.99,45.0,6.2
PROP-12466,Commercial Space / Office in Brooklyn,New York,Brooklyn,Commercial,11424358.36,9974.0,0,8,1994.0,2025-08-30,Pending,10,4.1,1145.41,32.0,8.1
PROP-12467,2 BHK Apartment for sale in West Lake Hills,Austin,West Lake Hills,Apartment,1023210.09,1384.0,2,1,1926.0,2025-02-02,Active,2,4.4,739.31,100.0,4.8
PROP-12468,Residential plot of 2723 sqft in Mission District,San Francisco,Mission District,Plot,4374751.26,2723.0,0,0,1994.0,2024-06-11,Sold,4,4.5,1606.59,32.0,5.6
PROP-12469,3 BHK Villa for sale in West Lake Hills,Austin,West Lake Hills,Villa,3893105.31,5287.0,3,5,1994.0,2024-05-13,Pending,7,3.1,736.35,32.0,6.0
PROP-12470,4 BHK Apartment for sale in Brooklyn,New York,Brooklyn,Apartment,1571318.99,1236.0,4,2,1929.0,2025-08-30,Sold,4,4.9,1271.29,97.0,5.9
PROP-12471,Residential plot of 4627 sqft in West Lake Hills,Austin,West Lake Hills,Plot,2975796.71,4627.0,0,0,1990.0,2025-04-08,Pending,9,4.1,643.14,36.0,7.6
PROP-12472,Commercial Space / Office in Loop,Chicago,Loop,Commercial,4006033.6,11225.0,0,10,1991.0,2024-06-19,Sold,7,3.1,356.88,35.0,6.1
PROP-12473,4 BHK Villa for sale in River North,Chicago,River North,Villa,2037758.71,5727.0,4,4,2017.0,2024-03-14,Active,1,4.2,355.82,9.0,4.4
PROP-12474,3 BHK Villa for sale in South Beach,Miami,South Beach,Villa,2412924.0,3892.0,3,3,2007.0,2025-07-16,Sold,9,4.9,619.97,19.0,8.0
PROP-12475,3 BHK Villa for sale in Bronx,New York,Bronx,Villa,3475499.52,3492.0,3,3,1988.0,2024-02-03,Pending,6,4.2,995.27,38.0,6.4
PROP-12476,Commercial Space / Office in East Austin,Austin,East Austin,Commercial,6773875.97,18086.0,0,8,1973.0,2025-07-22,Active,8,4.3,374.54,53.0,7.2
PROP-12477,3 BHK Villa for sale in East Austin,Austin,East Austin,Villa,1442555.72,4125.0,3,2,2016.0,2024-01-30,Pending,2,3.8,349.71,10.0,4.6
PROP-12478,3 BHK Apartment for sale in River North,Chicago,River North,Apartment,370747.79,1100.0,3,3,1967.0,2025-04-19,Active,9,4.2,337.04,59.0,7.7
PROP-12479,Residential plot of 7442 sqft in West Lake Hills,Austin,West Lake Hills,Plot,5453313.39,7442.0,0,0,1990.0,2025-01-28,Pending,3,3.8,732.78,36.0,4.8
PROP-12480,Commercial Space / Office in Pacific Heights,San Francisco,Pacific Heights,Commercial,55241514.57,24787.0,0,2,1994.0,2024-04-28,Pending,9,4.3,2228.65,32.0,7.6
PROP-12481,Residential plot of 3262 sqft in West Lake Hills,Austin,West Lake Hills,Plot,2401334.98,3262.0,0,0,1990.0,2025-02-03,Sold,4,4.7,736.15,36.0,5.8
PROP-12482,Residential plot of 4529 sqft in Brickell,Miami,Brickell,Plot,3079156.67,4529.0,0,0,1995.5,2024-03-12,Active,4,3.5,679.88,30.5,5.0
PROP-12483,Commercial Space / Office in South Beach,Miami,South Beach,Commercial,7956054.28,12227.0,0,8,1984.0,2025-07-24,Active,3,3.8,650.7,42.0,4.9
PROP-12484,Residential plot of 1861 sqft in Marina,San Francisco,Marina,Plot,1949767.73,1861.0,0,0,1991.5,2024-08-29,Pending,8,4.9,1047.7,34.5,7.7
PROP-12485,Residential plot of 8855 sqft in SOMA,San Francisco,SOMA,Plot,11348666.34,8855.0,0,0,1992.0,2024-03-22,Pending,8,3.7,1281.61,34.0,7.0
PROP-12486,Residential plot of 3674 sqft in Queens,New York,Queens,Plot,4459183.5,3674.0,0,0,1988.0,2025-10-01,Pending,5,3.4,1213.71,38.0,5.5
PROP-12487,Residential plot of 4859 sqft in Little Havana,Miami,Little Havana,Plot,2454830.5,4859.0,0,0,1994.0,2025-01-31,Sold,9,4.5,505.21,32.0,7.7
PROP-12488,5 BHK Villa for sale in Little Havana,Miami,Little Havana,Villa,1240938.59,2444.0,5,2,2014.0,2024-11-27,Sold,10,4.1,507.75,12.0,7.9
PROP-12489,Residential plot of 3466 sqft in Pacific Heights,San Francisco,Pacific Heights,Plot,7235851.62,3466.0,0,0,1991.0,2025-02-25,Sold,6,3.5,2087.67,35.0,6.0
PROP-12490,1 BHK Apartment for sale in Bronx,New York,Bronx,Apartment,1831160.62,1751.0,1,2,1968.0,2024-09-01,Active,9,4.0,1045.78,58.0,7.3
PROP-12491,Commercial Space / Office in Queens,New York,Queens,Commercial,20518496.71,16042.0,0,2,2017.0,2025-01-01,Active,10,4.6,1279.05,9.0,8.2
PROP-12492,Commercial Space / Office in River North,Chicago,River North,Commercial,1397476.89,4014.0,0,9,2009.0,2025-06-15,Pending,7,4.5,348.15,17.0,7.0
PROP-12493,4 BHK Villa for sale in SOMA,San Francisco,SOMA,Villa,3470732.64,2777.0,4,2,1992.0,2025-02-23,Sold,10,4.3,1249.81,34.0,8.3
PROP-12494,5 BHK Villa for sale in Loop,Chicago,Loop,Villa,1688186.55,4232.0,5,3,1996.0,2025-10-27,Active,3,3.2,398.91,30.0,4.5
PROP-12495,3 BHK Villa for sale in SOMA,San Francisco,SOMA,Villa,2509749.21,1874.0,4,3,1981.0,2025-01-29,Pending,8,3.8,1339.25,45.0,7.1
PROP-12496,Residential plot of 5922 sqft in SOMA,San Francisco,SOMA,Plot,7083446.12,5922.0,0,0,1992.0,2024-10-05,Active,8,4.3,1196.12,34.0,7.5
PROP-12497,Commercial Space / Office in Marina,San Francisco,Marina,Commercial,24652807.95,22353.0,0,4,1990.0,2025-08-07,Active,4,3.5,1102.89,36.0,5.2
PROP-12498,Residential plot of 6250 sqft in Mission District,San Francisco,Mission District,Plot,8612837.06,6250.0,0,0,1994.0,2025-01-22,Sold,3,4.8,1378.05,32.0,5.6
PROP-12499,1 BHK Apartment for sale in Bronx,New York,Bronx,Apartment,781591.85,937.0,1,3,1959.0,2025-10-28,Pending,4,4.3,834.14,67.0,5.9
PROP-12500,Commercial Space / Office in East Austin,Austin,East Austin,Commercial,2009561.88,5177.0,0,2,1974.0,2025-07-08,Pending,8,4.4,388.17,52.0,7.2
PROP-12501,Residential plot of 6471 sqft in Brickell,Miami,Brickell,Plot,4444117.52,6471.0,0,0,1995.5,2024-12-13,Sold,5,4.7,686.77,30.5,6.1
PROP-12502,Commercial Space / Office in Marina,San Francisco,Marina,Commercial,11661278.8,9128.0,0,10,1978.0,2025-04-10,Active,4,4.5,1277.53,48.0,5.6
PROP-12503,Residential plot of 5266 sqft in Coral Gables,Miami,Coral Gables,Plot,4102127.08,5266.0,0,0,1991.0,2024-12-20,Pending,5,3.8,778.98,35.0,6.0
PROP-12504,4 BHK Apartment for sale in Bronx,New York,Bronx,Apartment,1959692.81,2079.0,4,1,2001.0,2024-12-02,Active,4,3.2,942.61,25.0,5.0
PROP-12505,Residential plot of 1276 sqft in South Austin,Austin,South Austin,Plot,498609.11,1276.0,0,0,1991.0,2024-06-17,Sold,4,3.2,390.76,35.0,5.2
PROP-12506,2 BHK Apartment for sale in Little Havana,Miami,Little Havana,Apartment,1008052.86,1901.0,2,3,1994.0,2024-09-02,Sold,4,4.9,530.28,32.0,5.9
PROP-12507,Commercial Space / Office in East Austin,Austin,East Austin,Commercial,6312799.58,17547.0,0,6,1998.0,2025-01-28,Sold,8,4.1,359.77,28.0,7.1
PROP-12508,3 BHK Apartment for sale in Coral Gables,Miami,Coral Gables,Apartment,1517684.3,1684.0,3,1,1991.0,2024-12-27,Sold,8,4.1,901.24,35.0,7.1
PROP-12509,4 BHK Villa for sale in West Lake Hills,Austin,West Lake Hills,Villa,4070112.73,5451.0,4,2,2023.0,2025-07-28,Pending,6,4.3,746.67,3.0,6.3
PROP-12510,Residential plot of 3578 sqft in Bronx,New York,Bronx,Plot,3609352.32,3578.0,0,0,1993.0,2025-11-26,Sold,8,3.0,1008.76,33.0,6.4
PROP-12511,Commercial Space / Office in Little Havana,Miami,Little Havana,Commercial,1135030.86,2751.0,0,10,2015.0,2024-05-15,Pending,3,3.1,412.59,11.0,4.7
PROP-12512,Commercial Space / Office in South Austin,Austin,South Austin,Commercial,9544180.42,18464.0,0,6,1990.0,2024-07-13,Active,3,4.2,516.91,36.0,5.0
PROP-12513,Commercial Space / Office in Lincoln Park,Chicago,Lincoln Park,Commercial,8562610.63,18741.0,0,2,1967.0,2024-02-29,Pending,8,4.8,456.89,59.0,7.7
PROP-12514,4 BHK Apartment for sale in South Austin,Austin,South Austin,Apartment,528454.8,1350.0,4,2,1981.0,2024-01-30,Sold,4,4.2,391.45,45.0,5.8
PROP-12515,4 BHK Apartment for sale in Mission District,San Francisco,Mission District,Apartment,1016076.01,654.0,4,1,2001.0,2024-08-14,Pending,3,5.0,1553.63,25.0,5.6
PROP-12516,3 BHK Villa for sale in River North,Chicago,River North,Villa,1741789.48,4894.0,3,4,1989.0,2025-11-10,Pending,8,3.3,355.9,37.0,6.7
PROP-12517,Commercial Space / Office in Loop,Chicago,Loop,Commercial,4795424.0,13892.0,0,2,1987.0,2025-10-21,Pending,9,4.6,345.19,39.0,7.9
PROP-12518,Commercial Space / Office in Mission District,San Francisco,Mission District,Commercial,30505530.81,24803.0,0,3,2001.0,2024-03-03,Pending,5,3.9,1229.91,25.0,6.0
PROP-12519,2 BHK Apartment for sale in Hyde Park,Chicago,Hyde Park,Apartment,594710.23,2149.0,2,2,1993.0,2024-11-23,Sold,5,4.5,276.74,33.0,6.2
PROP-12520,Residential plot of 6152 sqft in Brickell,Miami,Brickell,Plot,3317172.57,6152.0,0,0,1995.5,2024-02-14,Pending,6,4.2,539.2,30.5,6.6
PROP-12521,Commercial Space / Office in Brickell,Miami,Brickell,Commercial,621324.27,1070.0,0,2,1969.0,2025-04-24,Pending,8,3.7,580.68,57.0,7.0
PROP-12522,3 BHK Villa for sale in Bronx,New York,Bronx,Villa,2414343.49,2460.0,3,5,1989.0,2025-10-11,Active,6,4.0,981.44,37.0,6.3
PROP-12523,Residential plot of 9769 sqft in Mission District,San Francisco,Mission District,Plot,15272769.07,9769.0,0,0,1994.0,2025-06-11,Sold,2,3.2,1563.39,32.0,4.0
PROP-12524,Residential plot of 8925 sqft in Mission District,San Francisco,Mission District,Plot,11096323.0,8925.0,0,0,1994.0,2024-04-12,Active,7,4.0,1243.29,32.0,6.9
PROP-12525,3 BHK Villa for sale in River North,Chicago,River North,Villa,1128390.0,2854.0,3,4,1989.0,2025-05-10,Sold,8,3.2,395.37,37.0,6.5
PROP-12526,Residential plot of 5764 sqft in Hyde Park,Chicago,Hyde Park,Plot,1600682.28,5764.0,0,0,1993.0,2024-08-28,Sold,5,3.9,277.7,33.0,5.9
PROP-12527,Residential plot of 8278 sqft in Pacific Heights,San Francisco,Pacific Heights,Plot,19602235.03,8278.0,0,0,1991.0,2025-07-05,Sold,8,4.4,2367.99,35.0,7.1
PROP-12528,Commercial Space / Office in Downtown,Austin,Downtown,Commercial,3950740.63,8358.0,0,4,2022.0,2024-09-12,Sold,3,3.2,472.69,4.0,4.6
PROP-12529,Residential plot of 7225 sqft in Bronx,New York,Bronx,Plot,7411244.42,7225.0,0,0,1993.0,2025-10-08,Active,4,3.1,1025.78,33.0,4.9
PROP-12530,3 BHK Apartment for sale in Little Havana,Miami,Little Havana,Apartment,900911.95,1807.0,3,3,2007.0,2024-08-23,Sold,5,3.2,498.57,19.0,5.4
PROP-12531,4 BHK Apartment for sale in Bronx,New York,Bronx,Apartment,1985927.4,1973.0,4,2,1926.0,2024-07-16,Sold,9,4.9,1006.55,100.0,8.0
PROP-12532,Commercial Space / Office in Lincoln Park,Chicago,Lincoln Park,Commercial,12223264.71,23688.0,0,10,1991.0,2025-10-06,Active,5,4.0,516.01,35.0,5.9
PROP-12533,Commercial Space / Office in Lincoln Park,Chicago,Lincoln Park,Commercial,4547347.51,8910.0,0,2,1999.0,2025-05-26,Sold,4,4.2,510.36,27.0,5.6
PROP-12534,Commercial Space / Office in Pacific Heights,San Francisco,Pacific Heights,Commercial,38355157.56,19355.0,0,2,1995.0,2024-09-28,Active,7,3.3,1981.67,31.0,6.4
PROP-12535,Commercial Space / Office in Downtown,Austin,Downtown,Commercial,5439589.74,14186.0,0,5,1977.0,2024-04-16,Sold,7,3.5,383.45,49.0,6.6
PROP-12536,Commercial Space / Office in Pacific Heights,San Francisco,Pacific Heights,Commercial,9034117.55,4762.0,0,8,1997.0,2025-05-03,Pending,2,3.5,1897.13,29.0,4.6
PROP-12537,4 BHK Apartment for sale in Loop,Chicago,Loop,Apartment,407208.57,1225.0,4,2,2007.0,2025-06-23,Pending,7,3.8,332.42,19.0,6.7
PROP-12538,2 BHK Apartment for sale in Marina,San Francisco,Marina,Apartment,1845866.28,1597.0,2,1,1964.0,2025-07-07,Active,5,3.7,1155.83,62.0,5.7
PROP-12539,6 BHK Villa for sale in Brooklyn,New York,Brooklyn,Villa,3538072.23,2683.0,5,5,2024.0,2024-11-14,Pending,2,3.2,1318.7,2.0,4.1
PROP-12540,4 BHK Villa for sale in Lincoln Park,Chicago,Lincoln Park,Villa,2888873.06,5948.0,4,4,2013.0,2025-07-27,Sold,1,4.3,485.69,13.0,4.6
PROP-12541,Residential plot of 1073 sqft in Queens,New York,Queens,Plot,1416256.22,1073.0,0,0,1988.0,2024-04-08,Pending,5,4.0,1319.9,38.0,5.8
PROP-12542,6 BHK Villa for sale in Brooklyn,New York,Brooklyn,Villa,2681091.86,2166.0,6,4,1986.0,2025-02-02,Sold,5,3.1,1237.81,40.0,5.3
PROP-12543,4 BHK Apartment for sale in West Lake Hills,Austin,West Lake Hills,Apartment,601951.0,987.0,4,2,1973.0,2025-02-27,Active,9,4.6,609.88,53.0,8.0
PROP-12544,2 BHK Apartment for sale in Brooklyn,New York,Brooklyn,Apartment,2580862.75,2400.0,2,2,1988.0,2025-02-10,Sold,8,4.3,1075.36,38.0,7.4
PROP-12545,1 BHK Apartment for sale in Mission District,San Francisco,Mission District,Apartment,3386852.62,2258.0,1,2,1993.0,2024-06-19,Sold,10,4.9,1499.93,33.0,8.4
PROP-12546,2 BHK Apartment for sale in Manhattan,New York,Manhattan,Apartment,2316597.36,1430.0,2,3,2004.0,2025-08-31,Active,10,4.3,1620.0,22.0,8.2
PROP-12547,Residential plot of 2449 sqft in Little Havana,Miami,Little Havana,Plot,1017888.56,2449.0,0,0,1994.0,2024-05-24,Sold,4,4.9,415.63,32.0,6.2
PROP-12548,Residential plot of 4531 sqft in Lincoln Park,Chicago,Lincoln Park,Plot,2484135.0,4531.0,0,0,1989.5,2025-09-15,Pending,2,4.3,548.25,36.5,4.8
PROP-12549,4 BHK Apartment for sale in Hyde Park,Chicago,Hyde Park,Apartment,507952.2,1702.0,4,1,1993.0,2025-09-07,Active,10,4.4,298.44,33.0,8.0
PROP-12550,Residential plot of 9870 sqft in South Beach,Miami,South Beach,Plot,5177386.46,9870.0,0,0,1990.0,2024-03-13,Sold,4,3.9,524.56,36.0,5.6
PROP-12551,Residential plot of 1722 sqft in West Lake Hills,Austin,West Lake Hills,Plot,1188962.12,1722.0,0,0,1990.0,2024-06-27,Sold,9,4.3,690.45,36.0,7.6
PROP-12552,1 BHK Apartment for sale in Mission District,San Francisco,Mission District,Apartment,2252154.76,1435.0,1,1,1992.0,2024-10-19,Sold,6,3.9,1569.45,34.0,6.1
PROP-12553,Residential plot of 1217 sqft in West Lake Hills,Austin,West Lake Hills,Plot,698607.68,1217.0,0,0,1990.0,2024-12-13,Sold,2,3.3,574.04,36.0,4.5
PROP-12554,Commercial Space / Office in Pacific Heights,San Francisco,Pacific Heights,Commercial,2717635.08,1152.0,0,4,2022.0,2024-04-28,Active,7,4.8,2359.06,4.0,7.0
PROP-12555,Commercial Space / Office in Queens,New York,Queens,Commercial,12437112.04,10413.0,0,10,1990.0,2025-04-14,Active,9,4.4,1194.38,36.0,7.8
PROP-12556,5 BHK Villa for sale in Manhattan,New York,Manhattan,Villa,8563751.23,5569.0,5,2,2012.0,2024-09-27,Active,3,4.4,1537.75,14.0,5.5
PROP-12557,Commercial Space / Office in Lincoln Park,Chicago,Lincoln Park,Commercial,8720102.27,17424.0,0,9,1984.0,2025-04-05,Pending,6,3.3,500.47,42.0,5.9
PROP-12558,Commercial Space / Office in Downtown,Austin,Downtown,Commercial,7055748.0,17415.0,0,9,1993.0,2025-02-14,Sold,10,4.0,405.15,33.0,8.1
PROP-12559,Residential plot of 9351 sqft in South Austin,Austin,South Austin,Plot,4017483.86,9351.0,0,0,1991.0,2025-08-22,Sold,9,4.5,429.63,35.0,7.9
PROP-12560,Commercial Space / Office in Downtown,Austin,Downtown,Commercial,3264515.01,7416.0,0,9,1962.0,2024-12-08,Active,10,4.4,440.2,64.0,8.2
PROP-12561,Residential plot of 3919 sqft in Coral Gables,Miami,Coral Gables,Plot,3606318.44,3919.0,0,0,1991.0,2024-04-15,Active,3,3.6,920.21,35.0,4.8
PROP-12562,4 BHK Apartment for sale in Loop,Chicago,Loop,Apartment,744780.54,1961.0,2,2,2009.0,2024-10-28,Active,7,3.1,379.8,17.0,6.0
PROP-12563,Residential plot of 7809 sqft in Marina,San Francisco,Marina,Plot,8938778.48,7809.0,0,0,1991.5,2024-10-04,Sold,4,4.9,1144.68,34.5,6.0
PROP-12564,1 BHK Apartment for sale in Brickell,Miami,Brickell,Apartment,1129779.0,1794.0,1,3,1987.0,2025-04-15,Sold,6,4.0,629.75,39.0,6.2
PROP-12565,3 BHK Apartment for sale in Mission District,San Francisco,Mission District,Apartment,2750895.39,2260.0,3,1,2004.0,2025-03-05,Pending,8,3.6,1217.21,22.0,7.1
PROP-12566,Commercial Space / Office in East Austin,Austin,East Austin,Commercial,4303776.4,13266.0,0,3,2000.0,2025-06-12,Active,8,4.0,324.42,26.0,7.2
PROP-12567,2 BHK Apartment for sale in Pacific Heights,San Francisco,Pacific Heights,Apartment,3998937.6,2008.0,2,3,1953.0,2024-06-25,Pending,9,4.7,1991.5,73.0,8.0
PROP-12568,5 BHK Villa for sale in Marina,San Francisco,Marina,Villa,2952513.29,2641.0,5,3,1992.0,2024-07-24,Sold,1,3.3,1117.95,34.0,3.9
PROP-12569,2 BHK Apartment for sale in Manhattan,New York,Manhattan,Apartment,2125049.5,1294.0,2,2,1955.0,2024-10-13,Active,5,4.3,1642.23,71.0,6.2
PROP-12570,Commercial Space / Office in Hyde Park,Chicago,Hyde Park,Commercial,6474256.86,20412.0,0,10,2002.0,2024-02-08,Pending,3,3.2,317.18,24.0,4.4
PROP-12571,Commercial Space / Office in Pacific Heights,San Francisco,Pacific Heights,Commercial,45134405.99,22286.0,0,5,2002.0,2025-06-03,Pending,5,4.1,2025.24,24.0,6.1
PROP-12572,Commercial Space / Office in Pacific Heights,San Francisco,Pacific Heights,Commercial,15300463.14,6520.0,0,6,1962.0,2025-01-03,Active,1,4.5,2346.7,64.0,4.5
PROP-12573,4 BHK Villa for sale in Queens,New York,Queens,Villa,4964227.54,4780.0,4,3,1997.0,2025-05-18,Pending,7,4.1,1038.54,29.0,6.9
PROP-12574,3 BHK Apartment for sale in Lincoln Park,Chicago,Lincoln Park,Apartment,876952.19,1639.0,3,1,1998.0,2025-03-25,Pending,10,4.0,535.05,28.0,7.9
PROP-12575,3 BHK Villa for sale in Mission District,San Francisco,Mission District,Villa,6563326.67,4981.0,3,4,1980.0,2025-04-11,Pending,1,3.2,1317.67,46.0,3.9
PROP-12576,Residential plot of 9140 sqft in Downtown,Austin,Downtown,Plot,4563800.7,9140.0,0,0,1988.0,2024-05-16,Active,7,3.4,499.32,38.0,6.2
PROP-12577,Commercial Space / Office in Manhattan,New York,Manhattan,Commercial,8340934.02,4300.0,0,5,1991.0,2024-12-14,Sold,4,4.7,1939.75,35.0,5.8
PROP-12578,4 BHK Villa for sale in Little Havana,Miami,Little Havana,Villa,1897271.81,3571.0,4,5,2023.0,2024-05-03,Sold,3,4.3,531.3,3.0,5.1
PROP-12579,3 BHK Villa for sale in South Austin,Austin,South Austin,Villa,1137936.27,2877.0,3,2,1981.0,2024-05-12,Sold,3,4.1,395.53,45.0,5.3
PROP-12580,Residential plot of 3650 sqft in Loop,Chicago,Loop,Plot,1317421.65,3650.0,0,0,1991.0,2025-01-24,Pending,7,3.4,360.94,35.0,6.3
PROP-12581,Residential plot of 9804 sqft in River North,Chicago,River North,Plot,3692479.0,9804.0,0,0,1986.0,2025-09-02,Pending,10,4.2,376.63,40.0,7.9
PROP-12582,2 BHK Apartment for sale in Bronx,New York,Bronx,Apartment,855671.09,1003.0,2,2,1927.0,2024-07-11,Sold,6,3.8,853.11,99.0,6.3
PROP-12583,6 BHK Villa for sale in Marina,San Francisco,Marina,Villa,4509349.41,4431.0,6,5,2009.0,2024-07-05,Active,9,4.3,1017.68,17.0,7.8
PROP-12584,4 BHK Villa for sale in SOMA,San Francisco,SOMA,Villa,5946922.64,4465.0,4,3,1993.0,2024-01-29,Pending,3,4.5,1331.9,33.0,5.5
PROP-12585,3 BHK Apartment for sale in Queens,New York,Queens,Apartment,1401346.0,1137.0,3,1,1943.0,2024-06-07,Pending,7,3.9,1232.49,83.0,6.6
PROP-12586,Commercial Space / Office in Downtown,Austin,Downtown,Commercial,11142759.07,23745.0,0,5,1972.0,2025-04-15,Pending,6,4.7,469.27,54.0,6.7
PROP-12587,2 BHK Apartment for sale in Marina,San Francisco,Marina,Apartment,1396547.0,1197.0,2,1,1994.0,2024-10-01,Pending,6,4.1,1166.71,32.0,6.3
PROP-12588,1 BHK Apartment for sale in SOMA,San Francisco,SOMA,Apartment,2315363.29,1487.0,1,3,1973.0,2024-03-12,Sold,7,4.0,1557.07,53.0,6.5
PROP-12589,6 BHK Villa for sale in Mission District,San Francisco,Mission District,Villa,6838587.58,4804.0,4,4,1982.0,2025-01-25,Sold,3,3.9,1423.52,44.0,5.0
PROP-12590,3 BHK Apartment for sale in East Austin,Austin,East Austin,Apartment,815222.11,2327.0,3,2,1994.0,2025-10-31,Active,3,3.8,350.33,32.0,5.0
PROP-12591,Residential plot of 5951 sqft in Coral Gables,Miami,Coral Gables,Plot,5329987.27,5951.0,0,0,1991.0,2024-09-11,Pending,3,4.7,895.65,35.0,5.5
PROP-12592,Residential plot of 4685 sqft in Mission District,San Francisco,Mission District,Plot,5851085.0,4685.0,0,0,1994.0,2025-02-21,Pending,4,3.6,1248.9,32.0,5.4
PROP-12593,Residential plot of 5366 sqft in Marina,San Francisco,Marina,Plot,5451113.2,5366.0,0,0,1991.5,2024-05-02,Active,6,4.4,1015.86,34.5,6.7
PROP-12594,3 BHK Apartment for sale in Queens,New York,Queens,Apartment,1108859.3,834.0,3,1,2014.0,2025-02-15,Pending,5,3.9,1329.57,12.0,5.7
PROP-12595,1 BHK Apartment for sale in Marina,San Francisco,Marina,Apartment,1809533.78,1849.0,1,2,1987.0,2024-02-10,Sold,1,3.2,978.66,39.0,4.0
PROP-12596,4 BHK Apartment for sale in Coral Gables,Miami,Coral Gables,Apartment,1858665.83,2013.0,4,2,2011.0,2024-01-21,Pending,10,4.1,923.33,15.0,7.9
PROP-12597,Residential plot of 1266 sqft in South Austin,Austin,South Austin,Plot,606093.0,1266.0,0,0,1991.0,2025-02-28,Pending,2,3.3,478.75,35.0,4.2
PROP-12598,Residential plot of 1152 sqft in Mission District,San Francisco,Mission District,Plot,1475886.0,1152.0,0,0,1994.0,2025-01-08,Sold,8,4.1,1281.15,32.0,7.3
PROP-12599,Residential plot of 5339 sqft in Hyde Park,Chicago,Hyde Park,Plot,1504959.82,5339.0,0,0,1993.0,2024-12-19,Pending,7,3.0,281.88,33.0,6.1
PROP-12600,4 BHK Villa for sale in River North,Chicago,River North,Villa,1421238.05,4607.0,4,5,1987.0,2024-12-08,Active,7,3.3,308.5,39.0,6.5
PROP-12601,Commercial Space / Office in Downtown,Austin,Downtown,Commercial,9469931.63,22206.0,0,8,1988.0,2025-10-08,Sold,10,4.3,426.46,38.0,8.2
PROP-12602,3 BHK Apartment for sale in Brooklyn,New York,Brooklyn,Apartment,969523.0,797.0,3,3,1994.0,2024-11-09,Sold,3,3.6,1216.47,32.0,4.8
PROP-12603,3 BHK Villa for sale in Brickell,Miami,Brickell,Villa,2634191.98,5138.0,3,2,2023.0,2025-08-19,Sold,10,4.1,512.69,3.0,8.2
PROP-12604,4 BHK Apartment for sale in Manhattan,New York,Manhattan,Apartment,4565401.85,2209.0,4,3,1934.0,2025-08-24,Sold,5,4.0,2066.73,92.0,5.7
PROP-12605,Residential plot of 5880 sqft in South Austin,Austin,South Austin,Plot,2810866.8,5880.0,0,0,1991.0,2024-02-15,Pending,5,4.3,478.04,35.0,6.0
PROP-12606,Residential plot of 2360 sqft in Little Havana,Miami,Little Havana,Plot,975632.7,2360.0,0,0,1994.0,2024-03-12,Active,10,4.1,413.4,32.0,8.2
PROP-12607,Commercial Space / Office in Bronx,New York,Bronx,Commercial,21383811.72,21235.0,0,10,1974.0,2025-04-11,Active,1,4.0,1007.01,52.0,4.2
PROP-12608,1 BHK Apartment for sale in Brickell,Miami,Brickell,Apartment,546842.34,891.0,1,2,1978.0,2024-02-26,Sold,4,4.6,613.74,48.0,5.8
PROP-12609,3 BHK Villa for sale in Pacific Heights,San Francisco,Pacific Heights,Villa,10434743.17,5086.0,3,5,2017.0,2024-04-23,Active,9,4.7,2051.66,9.0,7.9
PROP-12610,6 BHK Villa for sale in River North,Chicago,River North,Villa,630960.38,1969.0,6,3,1986.0,2025-08-20,Pending,1,3.8,320.45,40.0,4.3
PROP-12611,1 BHK Apartment for sale in Downtown,Austin,Downtown,Apartment,858121.11,2202.0,1,3,1997.0,2024-08-11,Sold,10,4.0,389.7,29.0,8.1
PROP-12612,Residential plot of 5717 sqft in West Lake Hills,Austin,West Lake Hills,Plot,4177151.03,5717.0,0,0,1990.0,2024-05-09,Pending,2,3.8,730.65,36.0,4.4
PROP-12613,Commercial Space / Office in South Beach,Miami,South Beach,Commercial,12497932.14,20046.0,0,3,1990.0,2024-04-22,Pending,10,4.2,623.46,36.0,8.0
PROP-12614,Residential plot of 2948 sqft in Bronx,New York,Bronx,Plot,3056620.51,2948.0,0,0,1993.0,2025-03-21,Pending,1,4.9,1036.85,33.0,4.7
PROP-12615,4 BHK Apartment for sale in Hyde Park,Chicago,Hyde Park,Apartment,689641.82,2176.0,4,2,2002.0,2024-05-15,Sold,6,3.1,316.93,24.0,5.6
PROP-12616,Commercial Space / Office in Brooklyn,New York,Brooklyn,Commercial,25452161.0,10371.0,0,8,1988.0,2025-02-09,Pending,4,4.5,2454.17,38.0,4.4
PROP-12617,3 BHK Villa for sale in Hyde Park,Chicago,Hyde Park,Villa,499890.81,1808.0,3,3,1983.0,2024-02-15,Sold,1,3.4,276.49,43.0,3.9
PROP-12618,Residential plot of 7635 sqft in Brooklyn,New York,Brooklyn,Plot,7814166.54,7635.0,0,0,1994.0,2025-09-21,Pending,6,4.0,1023.47,32.0,6.5
PROP-12619,4 BHK Apartment for sale in River North,Chicago,River North,Apartment,749106.32,2302.0,4,2,1959.0,2025-09-05,Active,10,4.7,325.42,67.0,8.4
PROP-12620,3 BHK Villa for sale in Marina,San Francisco,Marina,Villa,3226277.07,2657.0,3,4,1997.0,2024-02-08,Pending,1,4.5,1214.26,29.0,4.5
PROP-12621,Residential plot of 9862 sqft in Brickell,Miami,Brickell,Plot,5929879.21,9862.0,0,0,1995.5,2025-02-14,Sold,10,4.8,601.29,30.5,8.4
PROP-12622,6 BHK Villa for sale in Mission District,San Francisco,Mission District,Villa,6394712.78,4208.0,6,5,1985.0,2024-11-07,Active,4,4.2,1519.66,41.0,5.5
PROP-12623,Residential plot of 8665 sqft in Queens,New York,Queens,Plot,10718830.96,8665.0,0,0,1988.0,2025-03-29,Active,2,4.1,1237.03,38.0,4.7
PROP-12625,Commercial Space / Office in Mission District,San Francisco,Mission District,Commercial,1659529.91,1148.0,0,10,2019.0,2024-02-15,Pending,7,4.7,1445.58,7.0,7.0
PROP-12626,Commercial Space / Office in South Austin,Austin,South Austin,Commercial,8792141.75,19099.0,0,4,2008.0,2025-07-24,Pending,1,4.3,460.35,18.0,4.5
PROP-12627,6 BHK Villa for sale in Little Havana,Miami,Little Havana,Villa,2004114.01,3878.0,6,5,2018.0,2025-06-19,Pending,5,4.2,516.79,8.0,5.9
PROP-12628,2 BHK Apartment for sale in SOMA,San Francisco,SOMA,Apartment,2222819.48,1857.0,2,1,1992.0,2025-09-07,Active,10,4.3,1196.99,34.0,8.3
PROP-12629,Residential plot of 2154 sqft in Brickell,Miami,Brickell,Plot,1168077.02,2154.0,0,0,1995.5,2025-06-24,Sold,5,3.7,542.28,30.5,5.9
PROP-12630,Commercial Space / Office in Loop,Chicago,Loop,Commercial,1983945.51,5741.0,0,7,1961.0,2024-11-11,Active,1,4.6,345.57,65.0,4.7
PROP-12631,Commercial Space / Office in Bronx,New York,Bronx,Commercial,12755903.94,15629.0,0,7,1981.0,2024-11-24,Sold,6,4.0,816.17,45.0,6.5
PROP-12632,Commercial Space / Office in Brooklyn,New York,Brooklyn,Commercial,10183711.8,8119.0,0,8,1964.0,2024-09-16,Active,6,4.5,1254.31,62.0,6.6
PROP-12633,Residential plot of 5332 sqft in River North,Chicago,River North,Plot,1951625.05,5332.0,0,0,1986.0,2025-03-02,Pending,2,3.9,366.02,40.0,4.6
PROP-12634,3 BHK Apartment for sale in River North,Chicago,River North,Apartment,195471.83,1463.0,3,2,1923.0,2025-11-16,Active,10,4.0,133.61,103.0,8.8
PROP-12635,Commercial Space / Office in Brickell,Miami,Brickell,Commercial,9724654.0,15618.0,0,10,1975.0,2025-07-24,Pending,7,3.7,622.66,51.0,6.5
PROP-12636,3 BHK Apartment for sale in Queens,New York,Queens,Apartment,1853411.95,1425.0,3,3,1920.0,2025-06-28,Active,7,4.6,1300.64,106.0,6.9
PROP-12637,Commercial Space / Office in River North,Chicago,River North,Commercial,5145809.11,15885.0,0,7,2008.0,2025-11-21,Active,4,4.6,323.94,18.0,6.0
PROP-12638,Residential plot of 4880 sqft in Marina,San Francisco,Marina,Plot,5300501.03,4880.0,0,0,1991.5,2024-11-01,Active,3,4.2,1086.17,34.5,5.3
PROP-12639,Commercial Space / Office in East Austin,Austin,East Austin,Commercial,6614799.87,17525.0,0,5,1999.0,2024-01-12,Sold,8,3.8,377.45,27.0,6.9
PROP-12640,Commercial Space / Office in Pacific Heights,San Francisco,Pacific Heights,Commercial,24592715.08,12573.0,0,10,1974.0,2025-10-26,Active,1,3.3,1955.99,52.0,4.0
PROP-12641,Residential plot of 5592 sqft in Coral Gables,Miami,Coral Gables,Plot,4369509.03,5592.0,0,0,1991.0,2025-09-22,Pending,9,4.3,781.39,35.0,7.9
PROP-12642,Commercial Space / Office in South Beach,Miami,South Beach,Commercial,5048753.14,9353.0,0,4,1991.0,2025-03-25,Active,4,3.7,539.8,35.0,5.5
PROP-12643,Commercial Space / Office in West Lake Hills,Austin,West Lake Hills,Commercial,2034827.44,3129.0,0,9,1973.0,2025-04-30,Active,9,4.2,650.31,53.0,7.7
PROP-12644,Commercial Space / Office in South Beach,Miami,South Beach,Commercial,13263547.0,24538.0,0,3,1987.0,2025-11-21,Sold,10,4.6,540.53,39.0,8.4
PROP-12645,Residential plot of 3971 sqft in Brooklyn,New York,Brooklyn,Plot,4230485.57,3971.0,0,0,1994.0,2025-05-20,Sold,7,3.9,1065.35,32.0,6.8
PROP-12646,Residential plot of 3309 sqft in Loop,Chicago,Loop,Plot,1100468.04,3309.0,0,0,1991.0,2025-07-03,Active,4,4.9,332.57,35.0,6.1
PROP-12647,4 BHK Apartment for sale in Brooklyn,New York,Brooklyn,Apartment,2389600.16,2091.0,4,1,1952.0,2024-05-11,Pending,2,4.9,1142.8,74.0,5.3
PROP-12648,1 BHK Apartment for sale in South Beach,Miami,South Beach,Apartment,404723.75,688.0,1,2,1923.0,2025-04-28,Sold,10,4.9,588.26,103.0,8.5
PROP-12649,Commercial Space / Office in Brickell,Miami,Brickell,Commercial,4324132.58,6287.0,0,7,1980.0,2024-08-16,Active,4,4.4,687.79,46.0,5.6
PROP-12650,Residential plot of 7610 sqft in Manhattan,New York,Manhattan,Plot,13497270.46,7610.0,0,0,1991.0,2025-09-02,Sold,10,4.4,1773.62,35.0,8.1
PROP-12651,Commercial Space / Office in Brooklyn,New York,Brooklyn,Commercial,16097874.47,12808.0,0,8,1994.0,2024-05-08,Active,3,3.1,1256.86,32.0,4.6
PROP-12652,Commercial Space / Office in Lincoln Park,Chicago,Lincoln Park,Commercial,7402789.85,15317.0,0,10,1987.0,2025-10-09,Pending,5,4.4,483.31,39.0,6.2
PROP-12653,Commercial Space / Office in SOMA,San Francisco,SOMA,Commercial,23424715.18,19498.0,0,4,2000.0,2024-01-24,Sold,7,3.3,1201.39,26.0,6.5
PROP-12654,Residential plot of 6590 sqft in Pacific Heights,San Francisco,Pacific Heights,Plot,11971292.59,6590.0,0,0,1991.0,2025-09-08,Sold,3,3.1,1816.58,35.0,4.8
PROP-12655,2 BHK Apartment for sale in Manhattan,New York,Manhattan,Apartment,2880826.38,1547.0,2,3,1995.0,2024-07-15,Sold,3,3.2,1862.2,31.0,4.6
PROP-12656,Commercial Space / Office in East Austin,Austin,East Austin,Commercial,4763694.0,15240.0,0,10,2008.0,2025-10-05,Sold,1,4.2,312.58,18.0,4.6
PROP-12657,2 BHK Apartment for sale in East Austin,Austin,East Austin,Apartment,705630.85,2146.0,2,1,1955.0,2024-09-03,Pending,8,3.5,328.81,71.0,6.9
PROP-12658,1 BHK Apartment for sale in Coral Gables,Miami,Coral Gables,Apartment,1706041.62,1719.0,1,3,1968.0,2025-09-28,Active,10,4.2,992.46,58.0,7.9
PROP-12659,Residential plot of 7519 sqft in Queens,New York,Queens,Plot,7737209.0,7519.0,0,0,1988.0,2025-08-06,Active,7,4.6,1029.02,38.0,7.3
PROP-12660,Commercial Space / Office in Marina,San Francisco,Marina,Commercial,9183525.0,7888.0,0,6,1983.0,2024-07-19,Sold,8,3.4,1164.24,43.0,6.6
PROP-12661,5 BHK Villa for sale in South Austin,Austin,South Austin,Villa,997604.99,2037.0,5,3,1991.0,2024-12-18,Sold,3,4.9,489.74,35.0,5.5
PROP-12662,Commercial Space / Office in South Beach,Miami,South Beach,Commercial,5893847.81,9674.0,0,8,1977.0,2024-12-04,Active,9,4.2,609.25,49.0,7.6
PROP-12663,2 BHK Apartment for sale in Hyde Park,Chicago,Hyde Park,Apartment,365054.42,1256.0,2,3,1993.0,2024-08-28,Sold,2,4.4,290.65,33.0,4.9
PROP-12664,Residential plot of 9694 sqft in South Austin,Austin,South Austin,Plot,4853479.0,9694.0,0,0,1991.0,2024-02-13,Active,10,4.6,500.67,35.0,8.1
PROP-12665,Residential plot of 9420 sqft in Brickell,Miami,Brickell,Plot,6145025.0,9420.0,0,0,1995.5,2025-09-15,Sold,1,3.4,652.34,30.5,3.8
PROP-12666,Residential plot of 6011 sqft in Brooklyn,New York,Brooklyn,Plot,7255098.3,6041.5,0,0,1994.0,2024-07-29,Pending,5,4.0,1200.88,32.0,5.9
PROP-12667,Residential plot of 6233 sqft in Queens,New York,Queens,Plot,6486220.63,6233.0,0,0,1988.0,2024-03-14,Active,7,3.1,1040.63,38.0,6.4
PROP-12668,2 BHK Apartment for sale in Coral Gables,Miami,Coral Gables,Apartment,1709643.72,1896.0,2,3,1952.0,2024-04-16,Sold,10,4.3,901.71,74.0,8.1
PROP-12669,Residential plot of 2656 sqft in West Lake Hills,Austin,West Lake Hills,Plot,2027711.2,2656.0,0,0,1990.0,2025-11-10,Sold,10,4.1,763.45,36.0,7.8
PROP-12670,3 BHK Villa for sale in Mission District,San Francisco,Mission District,Villa,4814327.77,3895.0,3,5,2007.0,2024-04-08,Pending,9,4.2,1236.03,19.0,7.8
PROP-12671,4 BHK Apartment for sale in Loop,Chicago,Loop,Apartment,714919.0,2174.0,4,3,1992.0,2024-03-31,Sold,1,3.0,328.85,34.0,3.8
PROP-12672,Residential plot of 8613 sqft in River North,Chicago,River North,Plot,3381436.18,8613.0,0,0,1986.0,2024-07-10,Sold,4,3.8,392.6,40.0,5.2
PROP-12673,1 BHK Apartment for sale in Lincoln Park,Chicago,Lincoln Park,Apartment,548037.47,1040.0,1,2,1945.0,2025-08-08,Active,6,4.5,526.96,81.0,6.6
PROP-12674,5 BHK Villa for sale in South Beach,Miami,South Beach,Villa,1652756.56,3048.0,5,5,2011.0,2024-01-27,Pending,5,3.9,542.24,15.0,6.0
PROP-12675,Residential plot of 6507 sqft in West Lake Hills,Austin,West Lake Hills,Plot,3853398.91,6507.0,0,0,1990.0,2024-11-15,Sold,6,3.3,592.19,36.0,6.1
PROP-12676,4 BHK Villa for sale in Mission District,San Francisco,Mission District,Villa,5985841.81,4302.0,4,4,2013.0,2025-10-20,Sold,9,4.2,1391.41,13.0,7.6
PROP-12677,Residential plot of 1536 sqft in Downtown,Austin,Downtown,Plot,652292.7,1536.0,0,0,1988.0,2024-12-09,Sold,4,5.0,424.67,38.0,6.2
PROP-12678,3 BHK Villa for sale in Lincoln Park,Chicago,Lincoln Park,Villa,2083148.84,3591.0,3,3,1997.0,2024-08-12,Active,2,3.4,580.1,29.0,4.2
PROP-12679,Residential plot of 3181 sqft in Loop,Chicago,Loop,Plot,1244134.46,3181.0,0,0,1991.0,2025-04-30,Sold,3,3.9,391.11,35.0,4.8
PROP-12680,Residential plot of 8144 sqft in River North,Chicago,River North,Plot,2976928.59,8144.0,0,0,1986.0,2024-11-09,Active,6,3.0,365.54,40.0,5.6
PROP-12681,6 BHK Villa for sale in Little Havana,Miami,Little Havana,Villa,2648065.1,5463.0,6,3,1994.0,2025-06-02,Active,8,3.2,484.73,32.0,6.6
PROP-12682,2 BHK Apartment for sale in South Austin,Austin,South Austin,Apartment,326301.15,635.0,2,2,2023.0,2024-10-15,Sold,6,4.9,513.86,3.0,6.7
PROP-12683,3 BHK Villa for sale in Queens,New York,Queens,Villa,6594164.06,5128.0,3,5,2005.0,2025-09-28,Pending,5,4.4,1285.91,21.0,6.0
PROP-12684,4 BHK Apartment for sale in Coral Gables,Miami,Coral Gables,Apartment,1005176.88,1257.0,4,3,1991.0,2025-08-19,Active,8,3.2,799.66,35.0,6.8
PROP-12685,5 BHK Villa for sale in SOMA,San Francisco,SOMA,Villa,6418799.15,4276.0,4,4,2004.0,2024-07-30,Pending,10,4.5,1501.12,22.0,8.1
PROP-12686,Residential plot of 5572 sqft in Manhattan,New York,Manhattan,Plot,8672842.22,5572.0,0,0,1991.0,2024-06-08,Pending,10,4.2,1556.5,35.0,8.2
PROP-12687,Commercial Space / Office in Marina,San Francisco,Marina,Commercial,12530954.22,10391.0,0,6,1994.0,2025-04-14,Sold,9,4.1,1205.94,32.0,7.4
PROP-12688,Commercial Space / Office in River North,Chicago,River North,Commercial,6666991.89,17969.0,0,6,1983.0,2025-04-18,Sold,4,4.3,371.03,43.0,5.6
PROP-12689,Commercial Space / Office in Queens,New York,Queens,Commercial,11336505.13,10335.0,0,3,2012.0,2024-12-09,Sold,6,3.7,1096.9,14.0,6.3
PROP-12690,Commercial Space / Office in South Beach,Miami,South Beach,Commercial,7607433.85,11116.0,0,7,1981.0,2024-01-28,Active,10,4.8,684.37,45.0,8.2
PROP-12691,Residential plot of 8336 sqft in Mission District,San Francisco,Mission District,Plot,12337896.96,8336.0,0,0,1994.0,2024-09-21,Pending,6,4.6,1480.07,32.0,6.6
PROP-12692,Residential plot of 8062 sqft in Bronx,New York,Bronx,Plot,7323250.8,8062.0,0,0,1993.0,2025-10-27,Active,5,3.4,908.37,33.0,5.6
PROP-12693,3 BHK Villa for sale in Mission District,San Francisco,Mission District,Villa,5322413.84,3970.0,3,2,2006.0,2025-08-07,Pending,3,3.8,1340.66,20.0,5.0
PROP-12694,2 BHK Apartment for sale in Little Havana,Miami,Little Havana,Apartment,657669.07,1424.0,2,2,1941.0,2024-02-26,Active,2,4.5,461.85,85.0,5.1
PROP-12695,Residential plot of 7503 sqft in Downtown,Austin,Downtown,Plot,3775015.28,7503.0,0,0,1988.0,2025-02-01,Active,8,4.8,503.13,38.0,7.4
PROP-12696,Residential plot of 2695 sqft in Marina,San Francisco,Marina,Plot,3385564.89,2695.0,0,0,1991.5,2024-01-28,Sold,3,3.1,1256.24,34.5,4.4
PROP-12697,3 BHK Villa for sale in Downtown,Austin,Downtown,Villa,1585418.94,3327.0,3,4,1987.0,2025-04-22,Sold,9,4.8,476.53,39.0,7.9
PROP-12698,6 BHK Villa for sale in South Austin,Austin,South Austin,Villa,851588.82,2068.0,6,2,1998.0,2024-02-16,Pending,3,3.3,411.79,28.0,4.8
PROP-12699,Commercial Space / Office in Brickell,Miami,Brickell,Commercial,3713785.08,6386.0,0,10,2006.0,2024-03-25,Pending,8,4.3,581.55,20.0,7.4
PROP-12700,2 BHK Apartment for sale in South Beach,Miami,South Beach,Apartment,1232550.54,2151.0,2,1,1990.0,2025-08-17,Active,10,4.9,573.01,36.0,8.5
PROP-12701,5 BHK Villa for sale in South Beach,Miami,South Beach,Villa,1991635.22,3332.0,5,4,2015.0,2025-02-12,Pending,3,3.6,597.73,11.0,4.8
PROP-12702,4 BHK Villa for sale in East Austin,Austin,East Austin,Villa,1226053.52,3828.0,4,5,1983.0,2024-10-31,Active,7,4.2,320.29,43.0,7.0
PROP-12703,Residential plot of 2352 sqft in Little Havana,Miami,Little Havana,Plot,1158426.1,2352.0,0,0,1994.0,2024-02-15,Pending,4,4.0,492.53,32.0,5.5
PROP-12704,4 BHK Apartment for sale in Loop,Chicago,Loop,Apartment,459933.82,1158.0,4,1,1991.0,2024-07-10,Pending,7,4.3,397.18,35.0,6.7
PROP-12705,4 BHK Apartment for sale in Downtown,Austin,Downtown,Apartment,469221.19,1155.0,4,3,1950.0,2024-07-09,Pending,10,4.1,406.25,76.0,8.1
PROP-12706,Commercial Space / Office in Lincoln Park,Chicago,Lincoln Park,Commercial,3260250.0,5574.0,0,4,1968.0,2025-09-13,Pending,4,4.1,584.9,58.0,5.4
PROP-12707,Commercial Space / Office in Loop,Chicago,Loop,Commercial,7313460.47,23270.0,0,9,1970.0,2024-09-21,Pending,9,4.5,314.29,56.0,7.9
PROP-12708,Residential plot of 9417 sqft in Brickell,Miami,Brickell,Plot,5143415.31,9417.0,0,0,1995.5,2024-07-18,Active,7,4.7,546.18,30.5,7.3
PROP-12709,Commercial Space / Office in River North,Chicago,River North,Commercial,6742077.64,18763.0,0,2,1990.0,2025-03-03,Active,1,3.1,359.33,36.0,3.7
PROP-12710,Commercial Space / Office in Loop,Chicago,Loop,Commercial,6409259.6,21276.0,0,4,1995.0,2024-08-15,Active,5,3.3,301.24,31.0,5.7
PROP-12711,5 BHK Villa for sale in Lincoln Park,Chicago,Lincoln Park,Villa,2421003.24,5139.0,5,4,1996.0,2025-03-02,Active,10,4.7,471.1,30.0,8.5
PROP-12712,5 BHK Villa for sale in Downtown,Austin,Downtown,Villa,1263367.68,2500.0,5,2,2020.0,2025-03-02,Sold,10,4.8,505.35,6.0,8.2
PROP-12713,Commercial Space / Office in Brickell,Miami,Brickell,Commercial,9969511.85,15338.0,0,4,1977.0,2024-12-03,Active,8,3.7,649.99,49.0,6.8
PROP-12714,5 BHK Villa for sale in Lincoln Park,Chicago,Lincoln Park,Villa,2176876.29,4383.0,5,3,1989.0,2024-04-08,Sold,4,4.6,496.66,37.0,5.9
PROP-12715,Commercial Space / Office in Hyde Park,Chicago,Hyde Park,Commercial,5732091.18,18912.0,0,8,1971.0,2024-10-30,Pending,2,3.4,303.09,55.0,4.2
PROP-12716,6 BHK Villa for sale in West Lake Hills,Austin,West Lake Hills,Villa,3009237.19,5126.0,6,4,2010.0,2025-11-27,Active,4,4.8,587.05,16.0,6.2
PROP-12717,Residential plot of 1888 sqft in Queens,New York,Queens,Plot,2452702.0,1888.0,0,0,1988.0,2024-08-10,Sold,9,4.9,1299.1,38.0,7.9
PROP-12718,4 BHK Apartment for sale in Hyde Park,Chicago,Hyde Park,Apartment,595630.7,2189.0,4,3,1976.0,2024-07-07,Pending,5,5.0,272.1,50.0,6.5
PROP-12719,Residential plot of 5127 sqft in Marina,San Francisco,Marina,Plot,6558502.49,5127.0,0,0,1991.5,2024-10-30,Pending,3,3.9,1279.21,34.5,4.8
PROP-12720,5 BHK Villa for sale in South Austin,Austin,South Austin,Villa,1319368.85,3323.0,5,3,2021.0,2025-08-27,Active,9,4.7,397.04,5.0,8.1
PROP-12721,3 BHK Apartment for sale in Hyde Park,Chicago,Hyde Park,Apartment,511656.45,1710.0,3,3,1950.0,2024-11-30,Sold,4,3.5,299.21,76.0,5.1
PROP-12722,4 BHK Villa for sale in Pacific Heights,San Francisco,Pacific Heights,Villa,8688772.5,4214.0,4,2,2024.0,2024-03-20,Sold,2,4.8,2061.88,2.0,5.2
PROP-12723,4 BHK Villa for sale in Queens,New York,Queens,Villa,6293452.85,5944.0,4,4,1999.0,2025-02-24,Active,3,3.1,1058.79,27.0,4.7
PROP-12724,Residential plot of 8550 sqft in Downtown,Austin,Downtown,Plot,3407149.52,8550.0,0,0,1988.0,2025-07-24,Sold,4,4.5,398.5,38.0,6.0
PROP-12725,5 BHK Villa for sale in Pacific Heights,San Francisco,Pacific Heights,Villa,8547107.89,4277.0,5,3,2006.0,2024-07-24,Sold,7,3.2,1998.39,20.0,6.2
PROP-12726,Residential plot of 4711 sqft in Loop,Chicago,Loop,Plot,1625440.0,4711.0,0,0,1991.0,2024-01-21,Sold,4,3.8,345.03,35.0,5.4
PROP-12727,Residential plot of 2279 sqft in Bronx,New York,Bronx,Plot,1973921.56,2279.0,0,0,1993.0,2025-04-09,Sold,5,4.7,866.13,33.0,6.5
PROP-12728,3 BHK Villa for sale in Marina,San Francisco,Marina,Villa,4672207.07,4035.0,3,5,1990.0,2024-03-07,Active,7,4.8,1157.92,36.0,7.1
PROP-12729,Residential plot of 2917 sqft in Hyde Park,Chicago,Hyde Park,Plot,843108.55,2917.0,0,0,1993.0,2024-05-27,Pending,4,4.8,289.03,33.0,6.0
PROP-12730,Commercial Space / Office in West Lake Hills,Austin,West Lake Hills,Commercial,7945421.2,10665.0,0,5,1994.0,2024-10-05,Sold,8,3.3,745.0,32.0,6.5
PROP-12731,3 BHK Apartment for sale in South Beach,Miami,South Beach,Apartment,398661.08,765.0,3,3,2016.0,2024-12-27,Pending,3,3.4,521.13,10.0,4.9
PROP-12732,Commercial Space / Office in SOMA,San Francisco,SOMA,Commercial,14901113.9,11114.0,0,5,2019.0,2025-11-30,Sold,10,4.6,1340.75,7.0,8.3
PROP-12733,Residential plot of 4712 sqft in Lincoln Park,Chicago,Lincoln Park,Plot,2481910.04,4712.0,0,0,1989.5,2025-02-20,Pending,3,4.0,526.72,36.5,5.1
PROP-12734,Residential plot of 6686 sqft in Hyde Park,Chicago,Hyde Park,Plot,2140103.94,6686.0,0,0,1993.0,2025-09-12,Pending,1,3.8,320.09,33.0,4.0
PROP-12735,4 BHK Villa for sale in Pacific Heights,San Francisco,Pacific Heights,Villa,12406122.03,5582.0,4,4,2000.0,2024-10-10,Sold,4,4.4,2222.52,26.0,5.6
PROP-12736,3 BHK Apartment for sale in Queens,New York,Queens,Apartment,1248385.43,1016.0,3,3,1988.0,2025-04-18,Active,5,4.2,1228.73,38.0,6.0
PROP-12737,Commercial Space / Office in South Austin,Austin,South Austin,Commercial,3845765.2,7588.0,0,7,1976.0,2025-03-17,Active,1,4.9,506.82,50.0,4.7
PROP-12738,3 BHK Apartment for sale in Hyde Park,Chicago,Hyde Park,Apartment,405095.89,1309.0,3,1,1999.0,2024-01-24,Active,5,4.9,309.47,27.0,6.3
PROP-12739,4 BHK Villa for sale in Loop,Chicago,Loop,Villa,841068.3,4016.5,4,4,1985.0,2024-08-03,Active,3,4.2,209.4,41.0,5.8
PROP-12740,Residential plot of 6275 sqft in Lincoln Park,Chicago,Lincoln Park,Plot,2925287.95,6275.0,0,0,1989.5,2025-05-08,Sold,10,4.6,466.18,36.5,8.5
PROP-12741,Residential plot of 3234 sqft in East Austin,Austin,East Austin,Plot,1277646.39,3234.0,0,0,1994.0,2024-08-25,Active,9,4.3,395.07,32.0,7.5
PROP-12742,5 BHK Villa for sale in Brooklyn,New York,Brooklyn,Villa,3030962.39,2929.0,5,2,1993.0,2025-03-08,Pending,5,4.3,1034.81,33.0,6.3
PROP-12743,Commercial Space / Office in Pacific Heights,San Francisco,Pacific Heights,Commercial,42210262.35,21488.0,0,5,1973.0,2025-10-29,Sold,1,4.9,1964.36,53.0,5.0
PROP-12744,1 BHK Apartment for sale in Mission District,San Francisco,Mission District,Apartment,2377037.32,1873.0,1,2,2005.0,2024-06-17,Active,9,4.5,1269.11,21.0,8.0
PROP-12745,6 BHK Villa for sale in South Beach,Miami,South Beach,Villa,2448057.52,3774.0,6,5,1980.0,2024-05-23,Sold,8,3.9,648.66,46.0,6.9
PROP-12746,Residential plot of 4028 sqft in Brooklyn,New York,Brooklyn,Plot,4867488.91,4028.0,0,0,1994.0,2024-09-11,Sold,7,3.3,1208.41,32.0,6.3
PROP-12747,5 BHK Villa for sale in South Austin,Austin,South Austin,Villa,2422829.69,5690.0,5,2,1996.0,2025-09-13,Sold,1,4.3,425.8,30.0,4.5
PROP-12748,4 BHK Apartment for sale in Pacific Heights,San Francisco,Pacific Heights,Apartment,2464296.98,1284.0,4,1,1948.0,2025-06-16,Pending,6,4.6,1919.23,78.0,6.8
PROP-12749,5 BHK Villa for sale in Little Havana,Miami,Little Havana,Villa,1963620.26,4767.0,5,4,1991.0,2024-01-02,Active,6,4.4,411.92,35.0,6.8
PROP-12750,Residential plot of 10000 sqft in Hyde Park,Chicago,Hyde Park,Plot,3098602.84,10000.0,0,0,1993.0,2025-04-22,Active,3,3.3,309.86,33.0,4.6
PROP-12751,Residential plot of 9677 sqft in South Beach,Miami,South Beach,Plot,5355236.58,9677.0,0,0,1990.0,2024-03-17,Active,5,3.0,553.4,36.0,5.4
PROP-12752,4 BHK Apartment for sale in Lincoln Park,Chicago,Lincoln Park,Apartment,1180610.4,2361.0,4,1,1996.0,2025-04-03,Pending,2,3.3,500.05,30.0,4.3
PROP-12753,3 BHK Villa for sale in SOMA,San Francisco,SOMA,Villa,6383113.82,4658.0,3,5,2004.0,2025-06-29,Active,4,4.8,1370.36,22.0,6.0
PROP-12754,Residential plot of 6741 sqft in Coral Gables,Miami,Coral Gables,Plot,5880818.37,6741.0,0,0,1991.0,2024-03-06,Active,10,4.3,872.4,35.0,8.1
PROP-12755,Residential plot of 6971 sqft in East Austin,Austin,East Austin,Plot,2824678.24,6971.0,0,0,1994.0,2025-03-25,Active,8,4.5,405.2,32.0,7.2
PROP-12756,Commercial Space / Office in Hyde Park,Chicago,Hyde Park,Commercial,4967721.17,17308.0,0,8,1986.0,2025-11-10,Pending,8,4.4,287.02,40.0,7.3
PROP-12757,Commercial Space / Office in Bronx,New York,Bronx,Commercial,11127229.63,12046.0,0,3,1966.0,2025-10-18,Sold,3,4.7,923.73,60.0,5.6
PROP-12758,Commercial Space / Office in Marina,San Francisco,Marina,Commercial,26258063.0,21228.0,0,7,1962.0,2025-07-12,Pending,7,3.8,1236.95,64.0,6.4
PROP-12759,Residential plot of 7840 sqft in Pacific Heights,San Francisco,Pacific Heights,Plot,14696850.43,7840.0,0,0,1991.0,2025-04-20,Sold,3,3.1,1874.6,35.0,4.7
PROP-12760,5 BHK Villa for sale in SOMA,San Francisco,SOMA,Villa,6436375.71,4107.0,5,5,1988.0,2025-01-22,Sold,4,4.8,1567.17,38.0,5.8
PROP-12761,Residential plot of 7057 sqft in Brooklyn,New York,Brooklyn,Plot,9113164.19,7057.0,0,0,1994.0,2025-07-27,Sold,9,4.9,1291.37,32.0,7.9
PROP-12762,Residential plot of 6704 sqft in Downtown,Austin,Downtown,Plot,3398951.62,6704.0,0,0,1988.0,2025-10-22,Sold,8,3.3,507.0,38.0,6.5
PROP-12763,1 BHK Apartment for sale in Brooklyn,New York,Brooklyn,Apartment,1830742.01,1622.0,1,2,2005.0,2025-08-11,Active,2,3.2,1128.69,21.0,4.3
PROP-12764,Residential plot of 5617 sqft in South Beach,Miami,South Beach,Plot,3544665.27,5617.0,0,0,1990.0,2024-11-25,Pending,4,4.2,631.06,36.0,5.6
PROP-12765,Commercial Space / Office in Queens,New York,Queens,Commercial,24308278.0,18033.0,0,5,1988.0,2024-10-24,Sold,5,3.3,1347.99,38.0,5.3
PROP-12766,Commercial Space / Office in Downtown,Austin,Downtown,Commercial,4405836.76,9894.0,0,2,2013.0,2025-03-29,Pending,3,4.4,445.3,13.0,5.4
PROP-12767,Residential plot of 8632 sqft in Brickell,Miami,Brickell,Plot,5927153.0,8632.0,0,0,1995.5,2025-03-29,Sold,7,4.3,686.65,30.5,6.7
PROP-12768,4 BHK Villa for sale in Hyde Park,Chicago,Hyde Park,Villa,669437.58,2623.0,4,4,2015.0,2025-09-07,Pending,10,4.5,255.22,11.0,8.3
PROP-12769,3 BHK Apartment for sale in SOMA,San Francisco,SOMA,Apartment,1777625.77,1295.0,3,3,1923.0,2024-01-22,Sold,5,4.0,1372.68,103.0,5.9
PROP-12770,Residential plot of 2796 sqft in Mission District,San Francisco,Mission District,Plot,3719847.74,2796.0,0,0,1994.0,2025-04-25,Pending,10,4.2,1330.42,32.0,8.1
PROP-12771,Residential plot of 4977 sqft in Marina,San Francisco,Marina,Plot,5962851.39,4977.0,0,0,1991.5,2025-04-29,Sold,8,4.7,1198.08,34.5,7.4
PROP-12772,4 BHK Villa for sale in Manhattan,New York,Manhattan,Villa,7062261.72,4468.0,4,3,1992.0,2024-08-28,Active,10,4.5,1580.63,34.0,8.4
PROP-12773,2 BHK Apartment for sale in SOMA,San Francisco,SOMA,Apartment,1081614.92,893.0,2,1,2014.0,2025-06-03,Active,3,3.6,1211.21,12.0,5.0
PROP-12774,Residential plot of 8795 sqft in Loop,Chicago,Loop,Plot,2719396.16,8795.0,0,0,1991.0,2024-02-05,Active,6,5.0,309.2,35.0,7.0
PROP-12775,6 BHK Villa for sale in Pacific Heights,San Francisco,Pacific Heights,Villa,5519919.51,2598.0,6,2,1987.0,2025-10-31,Active,2,3.5,2124.68,39.0,4.3
PROP-12776,6 BHK Villa for sale in Queens,New York,Queens,Villa,2820111.61,2544.0,6,3,1994.0,2024-12-21,Active,7,4.0,1108.53,32.0,6.8
PROP-12777,Residential plot of 3878 sqft in River North,Chicago,River North,Plot,1186823.0,3878.0,0,0,1986.0,2025-01-29,Active,1,3.8,306.04,40.0,4.4
PROP-12778,Commercial Space / Office in Pacific Heights,San Francisco,Pacific Heights,Commercial,33181104.42,15178.0,0,6,2006.0,2024-12-11,Active,7,3.3,2186.13,20.0,6.3
PROP-12779,3 BHK Apartment for sale in Downtown,Austin,Downtown,Apartment,463772.9,1054.0,3,3,1968.0,2025-08-16,Sold,5,4.6,440.01,58.0,6.3
PROP-12780,Residential plot of 3306 sqft in East Austin,Austin,East Austin,Plot,1137245.77,3306.0,0,0,1994.0,2025-04-22,Sold,1,3.6,343.99,32.0,4.1
PROP-12781,Commercial Space / Office in Bronx,New York,Bronx,Commercial,16041043.96,19645.0,0,6,1997.0,2024-09-26,Pending,2,4.7,816.55,29.0,5.3
PROP-12782,Residential plot of 6194 sqft in Downtown,Austin,Downtown,Plot,2481781.0,6194.0,0,0,1988.0,2025-06-07,Sold,9,4.3,400.68,38.0,7.9
PROP-12783,3 BHK Apartment for sale in Queens,New York,Queens,Apartment,2654388.06,2401.0,3,1,1929.0,2025-09-02,Pending,10,4.5,1105.53,97.0,8.3
PROP-12784,Residential plot of 3483 sqft in Marina,San Francisco,Marina,Plot,3506841.43,3483.0,0,0,1991.5,2024-04-28,Pending,1,4.4,1006.85,34.5,4.7
PROP-12785,Commercial Space / Office in Brooklyn,New York,Brooklyn,Commercial,9202515.0,6912.0,0,5,2022.0,2025-04-11,Active,8,3.6,1331.38,4.0,6.8
PROP-12786,6 BHK Villa for sale in Bronx,New York,Bronx,Villa,6340687.36,5810.0,6,3,1994.0,2024-06-12,Active,9,4.5,1091.34,32.0,7.6
PROP-12787,5 BHK Villa for sale in Marina,San Francisco,Marina,Villa,4586960.26,4103.0,5,2,1983.0,2024-12-20,Sold,10,4.7,1117.95,43.0,8.3
PROP-12788,3 BHK Villa for sale in Mission District,San Francisco,Mission District,Villa,3688402.69,2905.0,3,5,1996.0,2025-11-04,Sold,6,3.7,1269.67,30.0,6.2
PROP-12789,2 BHK Apartment for sale in Little Havana,Miami,Little Havana,Apartment,302841.77,603.0,2,1,1957.0,2024-07-19,Active,1,4.2,502.23,69.0,4.4
PROP-12790,4 BHK Villa for sale in SOMA,San Francisco,SOMA,Villa,8181516.21,5879.0,4,4,1996.0,2024-09-01,Sold,3,4.8,1391.65,30.0,5.6
PROP-12791,1 BHK Apartment for sale in Little Havana,Miami,Little Havana,Apartment,592327.42,1121.0,2,3,1984.0,2025-11-05,Active,5,3.6,528.39,42.0,5.5
PROP-12792,6 BHK Villa for sale in Queens,New York,Queens,Villa,3114052.28,2537.0,6,5,2012.0,2024-04-19,Pending,1,4.2,1227.45,14.0,4.3
PROP-12793,Commercial Space / Office in Marina,San Francisco,Marina,Commercial,4763950.63,4838.0,0,4,1974.0,2024-05-20,Pending,6,3.2,984.69,52.0,6.0
PROP-12794,Residential plot of 8778 sqft in Coral Gables,Miami,Coral Gables,Plot,9070363.45,8778.0,0,0,1991.0,2024-08-30,Pending,2,4.5,1033.31,35.0,4.8
PROP-12795,2 BHK Apartment for sale in Bronx,New York,Bronx,Apartment,602811.69,719.0,2,3,2023.0,2024-06-11,Active,8,4.9,838.4,3.0,7.8
PROP-12796,4 BHK Villa for sale in Mission District,San Francisco,Mission District,Villa,4097096.63,3052.0,4,5,1981.0,2025-01-27,Sold,5,4.1,1342.43,45.0,6.0
PROP-12797,Residential plot of 9098 sqft in East Austin,Austin,East Austin,Plot,3153497.91,9098.0,0,0,1994.0,2024-03-19,Active,5,3.7,346.61,32.0,5.8
PROP-12798,Residential plot of 3597 sqft in Hyde Park,Chicago,Hyde Park,Plot,1107778.44,3597.0,0,0,1993.0,2024-07-27,Pending,7,3.8,307.97,33.0,6.5
PROP-12799,4 BHK Apartment for sale in River North,Chicago,River North,Apartment,366486.63,1122.0,4,3,1921.0,2024-12-30,Pending,3,4.5,326.64,105.0,5.5
PROP-12800,Residential plot of 9722 sqft in South Austin,Austin,South Austin,Plot,3787699.27,9722.0,0,0,1991.0,2024-10-05,Active,10,5.0,389.6,35.0,8.7
PROP-12801,1 BHK Apartment for sale in West Lake Hills,Austin,West Lake Hills,Apartment,949797.03,1376.0,1,1,1964.0,2024-12-17,Sold,10,4.9,690.26,62.0,8.4
PROP-12802,3 BHK Apartment for sale in Pacific Heights,San Francisco,Pacific Heights,Apartment,1134667.56,546.0,3,1,2001.0,2024-03-03,Pending,9,4.8,2078.15,25.0,8.0
PROP-12803,Residential plot of 8345 sqft in Marina,San Francisco,Marina,Plot,8990461.9,8345.0,0,0,1991.5,2025-09-19,Sold,8,3.5,1077.35,34.5,6.9
PROP-12804,6 BHK Villa for sale in South Beach,Miami,South Beach,Villa,1911839.42,3172.0,6,4,2005.0,2025-08-22,Sold,10,4.8,602.72,21.0,8.4
PROP-12805,3 BHK Villa for sale in Lincoln Park,Chicago,Lincoln Park,Villa,2678419.26,5990.0,3,4,2013.0,2025-02-17,Sold,10,4.1,447.15,13.0,8.2
PROP-12806,3 BHK Apartment for sale in West Lake Hills,Austin,West Lake Hills,Apartment,960869.55,1450.0,3,1,1947.0,2024-04-18,Active,3,4.5,662.67,79.0,5.4
PROP-12807,Commercial Space / Office in Bronx,New York,Bronx,Commercial,11286159.0,10371.0,0,5,2012.0,2025-07-30,Pending,2,3.4,1088.24,14.0,4.1
PROP-12808,Residential plot of 1939 sqft in Bronx,New York,Bronx,Plot,1700235.99,1939.0,0,0,1993.0,2025-05-19,Active,7,4.1,876.86,33.0,6.9
PROP-12809,1 BHK Apartment for sale in Coral Gables,Miami,Coral Gables,Apartment,1387557.97,1434.0,1,1,1924.0,2025-05-11,Pending,2,4.1,967.61,102.0,4.6
PROP-12810,2 BHK Apartment for sale in Marina,San Francisco,Marina,Apartment,2477933.06,2142.0,2,2,1964.0,2025-05-17,Active,2,3.1,1156.83,62.0,4.1
PROP-12811,Commercial Space / Office in Manhattan,New York,Manhattan,Commercial,4906760.0,3064.0,0,10,1973.0,2025-10-06,Pending,9,4.1,1601.42,53.0,7.7
PROP-12812,1 BHK Apartment for sale in Marina,San Francisco,Marina,Apartment,790557.38,627.0,1,1,1920.0,2024-05-23,Active,3,4.4,1260.86,106.0,5.2
PROP-12813,2 BHK Apartment for sale in Manhattan,New York,Manhattan,Apartment,3065055.48,1659.0,2,2,2012.0,2024-01-06,Pending,9,4.9,1847.53,14.0,8.0
PROP-12814,4 BHK Villa for sale in Bronx,New York,Bronx,Villa,2964694.96,3027.0,4,4,1987.0,2024-09-20,Sold,6,4.0,979.42,39.0,6.3
PROP-12815,Residential plot of 7397 sqft in Brooklyn,New York,Brooklyn,Plot,8386810.13,7397.0,0,0,1994.0,2024-02-06,Sold,5,4.8,1133.81,32.0,6.5
PROP-12816,4 BHK Apartment for sale in Pacific Heights,San Francisco,Pacific Heights,Apartment,4449035.96,1924.0,4,2,1999.0,2024-12-02,Active,5,3.3,2312.39,27.0,5.3
PROP-12817,Residential plot of 9244 sqft in Mission District,San Francisco,Mission District,Plot,12718870.0,9244.0,0,0,1994.0,2024-05-07,Active,3,3.0,1375.91,32.0,4.5
PROP-12818,4 BHK Apartment for sale in Mission District,San Francisco,Mission District,Apartment,2176840.87,1420.0,4,3,2020.0,2024-10-13,Active,3,4.2,1532.99,6.0,5.1
PROP-12819,4 BHK Apartment for sale in West Lake Hills,Austin,West Lake Hills,Apartment,1006275.34,1354.0,4,2,2016.0,2024-06-27,Active,3,4.9,743.19,10.0,5.5
PROP-12820,Commercial Space / Office in Manhattan,New York,Manhattan,Commercial,30201668.49,14599.0,0,6,2012.0,2024-12-01,Pending,10,4.7,2068.75,14.0,8.1
PROP-12821,Residential plot of 5172 sqft in Marina,San Francisco,Marina,Plot,5214497.82,5172.0,0,0,1991.5,2025-05-29,Active,3,4.0,1008.22,34.5,5.3
PROP-12822,Commercial Space / Office in Marina,San Francisco,Marina,Commercial,9887388.99,9423.0,0,10,2000.0,2025-05-26,Sold,5,5.0,1049.28,26.0,6.6
PROP-12823,4 BHK Apartment for sale in Manhattan,New York,Manhattan,Apartment,1896024.39,978.0,4,2,1961.0,2025-07-30,Active,10,4.2,1938.68,65.0,7.9
PROP-12824,Commercial Space / Office in SOMA,San Francisco,SOMA,Commercial,27068350.9,17865.0,0,4,1968.0,2025-06-20,Sold,9,4.8,1515.16,58.0,7.8
PROP-12825,2 BHK Apartment for sale in Brooklyn,New York,Brooklyn,Apartment,1141230.48,913.0,2,3,1979.0,2024-03-15,Active,6,4.3,1249.98,47.0,6.4
PROP-12826,2 BHK Apartment for sale in Queens,New York,Queens,Apartment,2541305.9,2215.0,2,1,1928.0,2025-09-16,Sold,2,3.2,1147.32,98.0,4.3
PROP-12827,Commercial Space / Office in Bronx,New York,Bronx,Commercial,1642745.07,1743.0,0,7,2016.0,2025-09-12,Active,2,4.7,942.48,10.0,5.1
PROP-12828,Residential plot of 4620 sqft in Manhattan,New York,Manhattan,Plot,7106347.58,4620.0,0,0,1991.0,2024-05-22,Active,5,4.5,1538.17,35.0,6.4
PROP-12829,4 BHK Villa for sale in Marina,San Francisco,Marina,Villa,2089453.75,1869.0,4,5,1992.0,2025-02-07,Pending,4,4.4,1117.95,34.0,5.7
PROP-12830,Residential plot of 5360 sqft in Little Havana,Miami,Little Havana,Plot,2843353.0,5360.0,0,0,1994.0,2024-07-09,Pending,3,4.2,530.48,32.0,5.1
PROP-12831,Residential plot of 9293 sqft in West Lake Hills,Austin,West Lake Hills,Plot,6712564.31,9293.0,0,0,1990.0,2025-06-02,Active,7,4.0,722.32,36.0,6.6
PROP-12832,3 BHK Apartment for sale in Coral Gables,Miami,Coral Gables,Apartment,1327781.16,1590.0,3,3,1980.0,2025-07-25,Pending,8,4.8,835.08,46.0,7.7
PROP-12833,5 BHK Villa for sale in East Austin,Austin,East Austin,Villa,1404527.75,4157.0,5,4,2024.0,2025-10-28,Active,2,3.0,337.87,2.0,4.2
PROP-12834,Residential plot of 4420 sqft in River North,Chicago,River North,Plot,1577570.69,4420.0,0,0,1986.0,2025-10-26,Pending,8,4.4,356.92,40.0,7.3
PROP-12835,4 BHK Villa for sale in Lincoln Park,Chicago,Lincoln Park,Villa,2577482.86,4572.0,4,2,1982.0,2025-10-05,Sold,6,4.5,563.75,44.0,6.5
PROP-12836,Commercial Space / Office in Lincoln Park,Chicago,Lincoln Park,Commercial,2240803.67,4457.0,0,4,2012.0,2024-11-14,Sold,8,4.6,502.76,14.0,7.5
PROP-12837,Commercial Space / Office in Hyde Park,Chicago,Hyde Park,Commercial,6406190.18,22857.0,0,5,1983.0,2025-02-25,Pending,10,4.1,280.27,43.0,8.0
PROP-12838,Commercial Space / Office in River North,Chicago,River North,Commercial,3164419.0,8568.0,0,7,2020.0,2025-09-15,Sold,9,4.1,369.33,6.0,7.5
PROP-12839,4 BHK Villa for sale in Pacific Heights,San Francisco,Pacific Heights,Villa,11011761.0,5764.0,4,5,1997.0,2024-07-25,Pending,2,4.5,1910.44,29.0,5.1
PROP-12840,Commercial Space / Office in Hyde Park,Chicago,Hyde Park,Commercial,3036376.96,11830.0,0,3,1980.0,2025-11-04,Active,1,4.2,256.67,46.0,4.5
PROP-12841,6 BHK Villa for sale in River North,Chicago,River North,Villa,1695243.83,4370.0,6,4,2016.0,2024-10-25,Pending,10,4.1,387.93,10.0,7.8
PROP-12842,Commercial Space / Office in Downtown,Austin,Downtown,Commercial,1853825.68,4256.0,0,10,1962.0,2025-11-03,Sold,6,4.5,435.58,64.0,6.7
PROP-12843,6 BHK Villa for sale in Coral Gables,Miami,Coral Gables,Villa,1997584.61,2528.0,6,4,2005.0,2024-03-04,Sold,4,4.6,790.18,21.0,6.0
PROP-12844,6 BHK Villa for sale in East Austin,Austin,East Austin,Villa,721819.71,1832.0,6,4,2001.0,2025-04-06,Pending,5,3.2,394.01,25.0,5.3
PROP-12845,Commercial Space / Office in Brooklyn,New York,Brooklyn,Commercial,8725850.06,7574.0,0,4,2016.0,2024-09-05,Active,1,3.7,1152.08,10.0,4.2
PROP-12846,6 BHK Villa for sale in Bronx,New York,Bronx,Villa,1868422.9,1990.0,6,5,2007.0,2025-01-30,Sold,6,3.0,938.91,19.0,5.8
PROP-12847,Residential plot of 3227 sqft in Little Havana,Miami,Little Havana,Plot,1495749.31,3227.0,0,0,1994.0,2024-09-17,Active,5,3.1,463.51,32.0,5.4
PROP-12848,Residential plot of 6215 sqft in South Austin,Austin,South Austin,Plot,2866445.73,6215.0,0,0,1991.0,2025-02-01,Active,2,4.1,461.21,35.0,4.7
PROP-12849,2 BHK Apartment for sale in Bronx,New York,Bronx,Apartment,1914177.42,1955.0,2,2,1930.0,2025-06-02,Active,9,4.1,979.12,96.0,7.5
PROP-12850,Residential plot of 7897 sqft in Manhattan,New York,Manhattan,Plot,15257102.24,7897.0,0,0,1991.0,2024-04-15,Sold,9,4.7,1932.01,35.0,7.8
PROP-12851,4 BHK Villa for sale in Downtown,Austin,Downtown,Villa,1821450.07,3641.0,4,2,2005.0,2024-12-11,Active,10,4.2,500.26,21.0,7.8
PROP-12852,Residential plot of 9010 sqft in Mission District,San Francisco,Mission District,Plot,13281409.01,9010.0,0,0,1994.0,2025-03-12,Pending,6,4.2,1474.07,32.0,6.3
PROP-12853,Commercial Space / Office in Brooklyn,New York,Brooklyn,Commercial,24913517.67,21514.0,0,7,1967.0,2025-09-02,Active,8,3.2,1158.01,59.0,6.7
PROP-12854,3 BHK Apartment for sale in Brooklyn,New York,Brooklyn,Apartment,2301029.92,2106.0,3,1,1944.0,2025-02-15,Pending,5,5.0,1092.61,82.0,6.6
PROP-12855,Residential plot of 9828 sqft in West Lake Hills,Austin,West Lake Hills,Plot,5922235.03,9828.0,0,0,1990.0,2025-06-11,Pending,4,4.2,602.59,36.0,5.8
PROP-12856,Commercial Space / Office in East Austin,Austin,East Austin,Commercial,761231.41,2310.0,0,7,1963.0,2024-03-07,Active,5,4.5,329.54,63.0,6.3
PROP-12857,Commercial Space / Office in River North,Chicago,River North,Commercial,3703144.59,10606.0,0,9,2016.0,2024-08-21,Active,6,4.5,349.16,10.0,6.6
PROP-12858,4 BHK Apartment for sale in Pacific Heights,San Francisco,Pacific Heights,Apartment,2815368.38,1254.0,4,1,1998.0,2025-09-27,Pending,7,3.7,2245.11,28.0,6.4
PROP-12859,6 BHK Villa for sale in Brooklyn,New York,Brooklyn,Villa,5426093.04,4879.0,6,5,2009.0,2024-04-07,Sold,9,4.6,1112.13,17.0,8.0
PROP-12860,Residential plot of 5022 sqft in Manhattan,New York,Manhattan,Plot,8593039.87,5022.0,0,0,1991.0,2025-06-07,Sold,4,4.8,1711.08,35.0,6.0
PROP-12861,4 BHK Apartment for sale in Brooklyn,New York,Brooklyn,Apartment,1671234.42,1313.0,4,2,1975.0,2024-04-08,Sold,5,3.9,1272.84,51.0,5.7
PROP-12862,Commercial Space / Office in Coral Gables,Miami,Coral Gables,Commercial,12861450.33,16245.0,0,9,1965.0,2025-09-05,Sold,5,3.8,791.72,61.0,5.9
PROP-12863,2 BHK Apartment for sale in SOMA,San Francisco,SOMA,Apartment,2239604.12,1603.0,2,1,2017.0,2025-06-13,Pending,10,4.2,1397.13,9.0,8.0
PROP-12864,3 BHK Apartment for sale in Marina,San Francisco,Marina,Apartment,591090.04,601.0,3,1,1953.0,2024-10-06,Active,8,5.0,983.51,73.0,7.9
PROP-12865,Commercial Space / Office in Coral Gables,Miami,Coral Gables,Commercial,2826072.55,2738.0,0,5,2005.0,2025-08-06,Sold,2,5.0,1032.17,21.0,5.1
PROP-12866,Residential plot of 4375 sqft in Marina,San Francisco,Marina,Plot,4931617.21,4375.0,0,0,1991.5,2025-03-10,Pending,2,3.3,1127.23,34.5,4.3
PROP-12867,Residential plot of 6257 sqft in Mission District,San Francisco,Mission District,Plot,8507587.65,6257.0,0,0,1994.0,2024-03-10,Sold,4,5.0,1359.69,32.0,6.1
PROP-12868,Residential plot of 2087 sqft in Brickell,Miami,Brickell,Plot,1131332.25,2087.0,0,0,1995.5,2024-02-21,Pending,10,4.3,542.09,30.5,8.2
PROP-12869,4 BHK Villa for sale in Bronx,New York,Bronx,Villa,3953321.43,3860.0,4,3,2011.0,2024-08-10,Pending,3,3.6,1024.18,15.0,4.8
PROP-12870,Commercial Space / Office in Lincoln Park,Chicago,Lincoln Park,Commercial,9763951.28,20842.0,0,6,2006.0,2025-10-19,Active,1,4.6,468.47,20.0,4.8
PROP-12871,Commercial Space / Office in Queens,New York,Queens,Commercial,2017605.77,1648.0,0,9,2003.0,2024-08-29,Active,5,4.4,1224.28,23.0,6.1
PROP-12872,2 BHK Apartment for sale in Bronx,New York,Bronx,Apartment,1166952.91,1303.0,2,2,1931.0,2025-05-10,Pending,6,4.9,895.59,95.0,6.9
PROP-12873,Commercial Space / Office in Marina,San Francisco,Marina,Commercial,4212066.44,4163.0,0,9,1967.0,2025-08-12,Active,10,4.5,1011.79,59.0,8.3
PROP-12874,6 BHK Villa for sale in Loop,Chicago,Loop,Villa,1777412.59,5392.0,6,3,1997.0,2024-07-06,Pending,4,3.0,329.64,29.0,5.0
PROP-12875,Residential plot of 2436 sqft in Hyde Park,Chicago,Hyde Park,Plot,714551.31,2436.0,0,0,1993.0,2025-07-07,Sold,5,4.2,293.33,33.0,6.0
PROP-12876,4 BHK Villa for sale in SOMA,San Francisco,SOMA,Villa,4584077.84,2956.0,4,5,2015.0,2025-02-16,Active,6,3.9,1550.77,11.0,6.1
PROP-12877,Commercial Space / Office in East Austin,Austin,East Austin,Commercial,2579536.83,8024.0,0,2,1997.0,2025-03-04,Active,9,4.1,321.48,29.0,7.7
PROP-12878,Commercial Space / Office in SOMA,San Francisco,SOMA,Commercial,13306491.39,8816.0,0,7,2006.0,2025-08-08,Pending,8,4.9,1509.36,20.0,7.5
PROP-12879,6 BHK Villa for sale in Marina,San Francisco,Marina,Villa,3691225.0,3874.0,6,5,2007.0,2025-07-22,Sold,9,5.0,952.82,19.0,8.3
PROP-12880,Commercial Space / Office in Hyde Park,Chicago,Hyde Park,Commercial,5727454.42,20589.0,0,8,1999.0,2024-09-07,Sold,4,4.5,278.18,27.0,5.8
PROP-12881,4 BHK Villa for sale in Little Havana,Miami,Little Havana,Villa,2454658.92,5064.0,4,4,2012.0,2025-04-03,Sold,7,4.9,484.73,14.0,7.2
PROP-12882,4 BHK Villa for sale in Bronx,New York,Bronx,Villa,4938514.98,5818.0,4,4,1988.0,2025-09-10,Pending,9,4.9,848.83,38.0,8.2
PROP-12883,Commercial Space / Office in Coral Gables,Miami,Coral Gables,Commercial,5705995.51,6045.0,0,4,1986.0,2025-03-20,Active,1,3.9,943.92,40.0,4.1
PROP-12884,Commercial Space / Office in River North,Chicago,River North,Commercial,6670810.03,18457.0,0,3,2022.0,2025-01-02,Pending,5,4.8,361.42,4.0,6.3
PROP-12885,Commercial Space / Office in Queens,New York,Queens,Commercial,3296879.62,2405.0,0,8,1970.0,2024-05-23,Active,4,3.5,1370.84,56.0,5.0
PROP-12886,4 BHK Apartment for sale in Downtown,Austin,Downtown,Apartment,820801.3,2044.0,4,1,1947.0,2024-11-04,Active,8,4.9,401.57,79.0,7.8
PROP-12887,2 BHK Apartment for sale in Marina,San Francisco,Marina,Apartment,1727187.0,1452.0,2,3,2006.0,2024-08-20,Sold,6,4.0,1189.52,20.0,6.2
PROP-12888,Residential plot of 1268 sqft in River North,Chicago,River North,Plot,501020.43,1268.0,0,0,1986.0,2024-03-07,Sold,1,3.6,395.13,40.0,3.9
PROP-12889,Residential plot of 5703 sqft in Little Havana,Miami,Little Havana,Plot,3108070.67,5703.0,0,0,1994.0,2024-11-25,Pending,5,4.2,544.99,32.0,5.8
PROP-12890,4 BHK Villa for sale in Little Havana,Miami,Little Havana,Villa,1661814.46,3116.0,4,5,1994.0,2025-01-22,Active,6,4.9,533.32,32.0,6.7
PROP-12891,Commercial Space / Office in Downtown,Austin,Downtown,Commercial,10868409.97,23704.0,0,8,2004.0,2025-07-04,Pending,4,3.5,458.51,22.0,5.2
PROP-12892,1 BHK Apartment for sale in Bronx,New York,Bronx,Apartment,2197443.22,2059.0,1,2,1963.0,2024-02-25,Sold,10,5.0,1067.24,63.0,8.3
PROP-12893,Residential plot of 6831 sqft in SOMA,San Francisco,SOMA,Plot,10836830.94,6831.0,0,0,1992.0,2024-12-12,Active,5,3.2,1586.42,34.0,5.2
PROP-12894,Residential plot of 8327 sqft in Downtown,Austin,Downtown,Plot,3637013.45,8327.0,0,0,1988.0,2025-09-06,Active,6,4.1,436.77,38.0,6.4
PROP-12895,Residential plot of 7051 sqft in Bronx,New York,Bronx,Plot,7192112.68,6041.5,0,0,1993.0,2024-01-14,Active,7,4.8,1190.45,33.0,6.8
PROP-12896,2 BHK Apartment for sale in Hyde Park,Chicago,Hyde Park,Apartment,384936.62,1428.0,2,1,2007.0,2025-09-07,Sold,3,3.1,269.56,19.0,4.6
PROP-12897,5 BHK Villa for sale in Little Havana,Miami,Little Havana,Villa,1428792.24,3332.0,5,2,2003.0,2025-05-29,Pending,7,4.7,428.81,23.0,7.3
PROP-12898,Residential plot of 6340 sqft in Queens,New York,Queens,Plot,7068085.7,6340.0,0,0,1988.0,2025-07-18,Pending,5,4.9,1114.84,38.0,6.6
PROP-12899,Commercial Space / Office in Hyde Park,Chicago,Hyde Park,Commercial,5987884.76,21388.0,0,4,2017.0,2024-02-22,Pending,5,4.0,279.96,9.0,5.9
PROP-12900,Residential plot of 1111 sqft in Mission District,San Francisco,Mission District,Plot,1594788.51,1111.0,0,0,1994.0,2024-11-12,Pending,2,3.7,1435.45,32.0,4.5
PROP-12901,Commercial Space / Office in Pacific Heights,San Francisco,Pacific Heights,Commercial,43654409.09,21590.0,0,7,2015.0,2024-02-26,Pending,1,5.0,2021.97,11.0,5.0
PROP-12902,Commercial Space / Office in River North,Chicago,River North,Commercial,5108364.02,16607.0,0,5,1986.0,2025-09-08,Pending,4,3.9,307.6,40.0,5.6
PROP-12903,2 BHK Apartment for sale in Mission District,San Francisco,Mission District,Apartment,871759.49,555.0,2,2,1974.0,2024-10-05,Pending,3,3.5,1570.74,52.0,4.6
PROP-12904,6 BHK Villa for sale in Marina,San Francisco,Marina,Villa,7302078.91,5772.0,6,3,2020.0,2024-04-21,Active,1,4.2,1265.09,6.0,4.2
PROP-12905,Residential plot of 4553 sqft in Loop,Chicago,Loop,Plot,1737066.79,4553.0,0,0,1991.0,2024-07-04,Pending,3,4.6,381.52,35.0,5.3
PROP-12906,1 BHK Apartment for sale in Little Havana,Miami,Little Havana,Apartment,1218310.39,2384.0,1,1,1926.0,2025-07-23,Pending,4,4.1,511.04,100.0,5.5
PROP-12907,Residential plot of 9854 sqft in East Austin,Austin,East Austin,Plot,3128702.29,9854.0,0,0,1994.0,2025-10-12,Pending,8,4.2,317.51,32.0,7.4
PROP-12908,1 BHK Apartment for sale in Queens,New York,Queens,Apartment,2226036.65,1871.0,1,2,1954.0,2024-04-04,Sold,10,4.1,1189.76,72.0,8.0
PROP-12909,Commercial Space / Office in Marina,San Francisco,Marina,Commercial,11188316.01,10518.0,0,7,2002.0,2025-10-11,Active,8,4.9,1063.73,24.0,7.7
PROP-12910,4 BHK Villa for sale in South Beach,Miami,South Beach,Villa,2169654.81,4106.0,4,3,2015.0,2025-03-14,Pending,9,4.5,528.41,11.0,8.0
PROP-12911,3 BHK Villa for sale in SOMA,San Francisco,SOMA,Villa,5791788.26,4545.0,3,4,1993.0,2025-11-05,Sold,6,3.2,1274.32,33.0,6.0
PROP-12912,Residential plot of 4074 sqft in Brooklyn,New York,Brooklyn,Plot,4591225.03,4074.0,0,0,1994.0,2025-04-12,Sold,4,3.9,1126.96,32.0,5.5
PROP-12913,2 BHK Apartment for sale in Bronx,New York,Bronx,Apartment,1585871.53,1641.0,2,1,1964.0,2024-12-15,Sold,5,4.3,966.41,62.0,6.1
PROP-12914,Residential plot of 5487 sqft in Downtown,Austin,Downtown,Plot,2119229.63,5487.0,0,0,1988.0,2025-04-07,Pending,5,4.1,386.23,38.0,6.2
PROP-12915,2 BHK Apartment for sale in West Lake Hills,Austin,West Lake Hills,Apartment,473320.67,755.0,2,3,1957.0,2024-12-02,Sold,1,4.2,626.91,69.0,4.5
PROP-12916,Commercial Space / Office in Queens,New York,Queens,Commercial,11447428.94,11199.0,0,10,1976.0,2025-03-12,Active,8,3.1,1022.18,50.0,6.8
PROP-12917,5 BHK Villa for sale in East Austin,Austin,East Austin,Villa,1845293.45,5832.0,5,3,1981.0,2025-01-03,Active,5,3.9,316.41,45.0,6.0
PROP-12918,Commercial Space / Office in Lincoln Park,Chicago,Lincoln Park,Commercial,10064397.0,17964.0,0,6,1960.0,2024-03-31,Active,8,4.0,560.25,66.0,7.0
PROP-12919,3 BHK Apartment for sale in Queens,New York,Queens,Apartment,2081833.55,1693.0,2,1,1955.0,2025-10-29,Sold,4,4.1,1229.67,71.0,5.5
PROP-12920,1 BHK Apartment for sale in River North,Chicago,River North,Apartment,328167.18,994.0,1,2,1986.0,2024-05-23,Sold,3,5.0,330.15,40.0,5.8
PROP-12921,Residential plot of 1052 sqft in West Lake Hills,Austin,West Lake Hills,Plot,653881.93,1052.0,0,0,1990.0,2025-11-09,Sold,1,3.5,621.56,36.0,4.1
PROP-12922,Commercial Space / Office in Manhattan,New York,Manhattan,Commercial,12866336.9,7914.0,0,2,1961.0,2025-10-15,Active,5,4.6,1625.77,65.0,6.4
PROP-12923,Residential plot of 3394 sqft in Hyde Park,Chicago,Hyde Park,Plot,1069147.96,3394.0,0,0,1993.0,2025-01-30,Pending,10,4.5,315.01,33.0,8.1
PROP-12924,4 BHK Villa for sale in Hyde Park,Chicago,Hyde Park,Villa,1397034.33,4617.0,4,5,1992.0,2025-01-13,Sold,6,4.6,302.58,34.0,6.5
PROP-12925,Commercial Space / Office in Bronx,New York,Bronx,Commercial,1212737.0,1362.0,0,7,1965.0,2024-09-05,Pending,5,3.2,890.41,61.0,5.5
PROP-12926,3 BHK Apartment for sale in West Lake Hills,Austin,West Lake Hills,Apartment,1273957.07,1929.0,3,2,1942.0,2024-02-13,Sold,10,4.2,660.42,84.0,8.1
PROP-12927,Residential plot of 3549 sqft in Coral Gables,Miami,Coral Gables,Plot,3027405.08,3549.0,0,0,1991.0,2025-10-18,Pending,6,3.4,853.03,35.0,6.0
PROP-12928,6 BHK Villa for sale in East Austin,Austin,East Austin,Villa,1573862.86,4528.0,6,3,2014.0,2025-05-17,Pending,8,3.1,347.58,12.0,6.6
PROP-12929,4 BHK Villa for sale in Little Havana,Miami,Little Havana,Villa,1772287.86,3944.0,4,2,1999.0,2025-06-07,Pending,5,4.4,449.36,27.0,6.3
PROP-12930,5 BHK Villa for sale in Marina,San Francisco,Marina,Villa,2924983.54,3034.0,5,4,1993.0,2024-07-15,Sold,4,4.9,964.07,33.0,6.2
PROP-12931,2 BHK Apartment for sale in West Lake Hills,Austin,West Lake Hills,Apartment,1639642.0,2451.0,2,3,1990.0,2025-01-01,Pending,7,4.8,668.97,36.0,7.2
PROP-12932,3 BHK Apartment for sale in Brooklyn,New York,Brooklyn,Apartment,1007400.12,929.0,3,2,1933.0,2025-03-03,Active,3,3.4,1084.39,93.0,4.9
PROP-12933,Commercial Space / Office in Lincoln Park,Chicago,Lincoln Park,Commercial,2347735.61,4728.0,0,6,1976.0,2025-05-01,Sold,1,3.5,496.56,50.0,4.1
PROP-12934,1 BHK Apartment for sale in Loop,Chicago,Loop,Apartment,703941.82,2059.0,1,1,1991.0,2024-11-01,Active,7,3.4,341.89,35.0,6.4
PROP-12935,1 BHK Apartment for sale in Lincoln Park,Chicago,Lincoln Park,Apartment,684140.9,1410.0,1,3,1978.0,2024-07-24,Active,6,3.6,485.21,48.0,6.2
PROP-12936,6 BHK Villa for sale in Marina,San Francisco,Marina,Villa,5778301.78,4501.0,6,4,1981.0,2025-08-20,Sold,10,4.5,1283.78,45.0,8.0
PROP-12937,Commercial Space / Office in Little Havana,Miami,Little Havana,Commercial,9693762.89,22885.0,0,10,2020.0,2025-08-06,Active,10,5.0,423.59,6.0,8.6
PROP-12938,5 BHK Villa for sale in Manhattan,New York,Manhattan,Villa,4573358.82,2545.0,5,4,1987.0,2024-11-30,Pending,6,4.8,1797.0,39.0,6.8
PROP-12939,Commercial Space / Office in Marina,San Francisco,Marina,Commercial,20925991.0,18466.0,0,7,2012.0,2024-10-02,Active,7,3.3,1133.22,14.0,6.2
PROP-12940,Residential plot of 4387 sqft in Queens,New York,Queens,Plot,5717761.0,4387.0,0,0,1988.0,2025-02-16,Sold,5,4.5,1303.34,38.0,6.1
PROP-12941,3 BHK Apartment for sale in Manhattan,New York,Manhattan,Apartment,2241673.42,1444.0,3,3,1973.0,2025-10-06,Sold,8,4.1,1552.41,53.0,7.4
PROP-12942,3 BHK Apartment for sale in South Austin,Austin,South Austin,Apartment,801667.08,1661.0,2,2,1941.0,2024-06-21,Sold,7,3.1,482.64,85.0,6.1
PROP-12943,1 BHK Apartment for sale in South Beach,Miami,South Beach,Apartment,607463.77,1149.0,1,2,2015.0,2024-01-03,Active,10,4.7,528.69,11.0,8.5
PROP-12944,Commercial Space / Office in Little Havana,Miami,Little Havana,Commercial,1761859.6,3364.0,0,4,1970.0,2024-11-06,Pending,5,4.4,523.74,56.0,5.9
PROP-12945,Residential plot of 5153 sqft in Little Havana,Miami,Little Havana,Plot,2121841.11,5153.0,0,0,1994.0,2024-03-26,Sold,5,3.3,411.77,32.0,5.7
PROP-12946,Commercial Space / Office in Hyde Park,Chicago,Hyde Park,Commercial,4996533.81,17486.0,0,4,1961.0,2025-07-15,Active,3,3.3,285.74,65.0,4.6
PROP-12947,4 BHK Apartment for sale in Mission District,San Francisco,Mission District,Apartment,617357.32,516.0,4,3,2010.0,2025-03-21,Pending,2,4.7,1196.43,16.0,5.4
PROP-12948,4 BHK Villa for sale in Bronx,New York,Bronx,Villa,4614768.09,4669.0,4,3,2011.0,2024-01-02,Active,5,4.8,988.38,15.0,6.4
PROP-12949,1 BHK Apartment for sale in South Austin,Austin,South Austin,Apartment,333675.17,783.0,1,3,1934.0,2024-09-02,Active,4,4.8,426.15,92.0,6.1
PROP-12950,5 BHK Villa for sale in Downtown,Austin,Downtown,Villa,1149658.1,2622.0,5,2,2018.0,2024-08-20,Sold,7,3.3,438.47,8.0,6.3
PROP-12951,Residential plot of 5042 sqft in South Beach,Miami,South Beach,Plot,2640461.89,5042.0,0,0,1990.0,2025-01-25,Active,9,4.1,523.69,36.0,7.8
PROP-12952,Residential plot of 3765 sqft in Pacific Heights,San Francisco,Pacific Heights,Plot,7156373.37,3765.0,0,0,1991.0,2025-10-16,Active,6,4.4,1900.76,35.0,6.7
PROP-12953,Residential plot of 6821 sqft in Marina,San Francisco,Marina,Plot,8724766.58,6821.0,0,0,1991.5,2025-04-12,Active,4,4.2,1279.1,34.5,5.4
PROP-12954,Commercial Space / Office in Hyde Park,Chicago,Hyde Park,Commercial,1230850.79,3894.0,0,4,1972.0,2025-10-18,Pending,1,3.3,316.09,54.0,3.7
PROP-12955,2 BHK Apartment for sale in Hyde Park,Chicago,Hyde Park,Apartment,216501.93,903.0,2,2,2001.0,2024-07-13,Sold,2,3.5,239.76,25.0,4.6
PROP-12956,3 BHK Villa for sale in Marina,San Francisco,Marina,Villa,3875566.86,3051.0,3,3,2005.0,2024-09-24,Pending,4,3.8,1270.26,21.0,5.2
PROP-12957,4 BHK Villa for sale in West Lake Hills,Austin,West Lake Hills,Villa,3671786.73,5145.0,4,2,1985.0,2024-07-30,Pending,10,4.7,713.66,41.0,8.2
PROP-12958,3 BHK Apartment for sale in Marina,San Francisco,Marina,Apartment,747914.94,644.0,3,3,1956.0,2025-07-07,Pending,8,3.7,1161.36,70.0,6.9
PROP-12959,Commercial Space / Office in Coral Gables,Miami,Coral Gables,Commercial,11991789.22,14720.0,0,10,1991.0,2024-06-10,Pending,10,4.4,814.66,35.0,8.3
PROP-12960,4 BHK Villa for sale in Loop,Chicago,Loop,Villa,1184405.0,3356.0,4,4,2008.0,2024-02-17,Sold,6,4.6,352.92,18.0,6.7
PROP-12961,1 BHK Apartment for sale in Pacific Heights,San Francisco,Pacific Heights,Apartment,1680974.04,876.0,1,1,1980.0,2025-10-27,Active,9,5.0,1918.92,46.0,8.2
PROP-12962,Commercial Space / Office in SOMA,San Francisco,SOMA,Commercial,8858447.91,5822.0,0,5,1962.0,2024-09-05,Sold,5,3.4,1521.55,64.0,5.4
PROP-12963,Commercial Space / Office in Brooklyn,New York,Brooklyn,Commercial,11301562.55,8983.0,0,10,2012.0,2025-09-08,Sold,8,3.8,1258.11,14.0,7.0
PROP-12964,6 BHK Villa for sale in Coral Gables,Miami,Coral Gables,Villa,4184514.98,4939.0,6,4,1991.0,2024-09-23,Pending,6,3.9,847.24,35.0,6.3
PROP-12965,Commercial Space / Office in East Austin,Austin,East Austin,Commercial,979806.12,2650.0,0,4,2013.0,2024-03-22,Active,1,4.0,369.74,13.0,4.2
PROP-12966,Commercial Space / Office in Manhattan,New York,Manhattan,Commercial,17118849.58,9165.0,0,5,1961.0,2024-01-02,Pending,10,4.1,1867.85,65.0,7.9
PROP-12967,5 BHK Villa for sale in Brickell,Miami,Brickell,Villa,2155340.1,4101.0,5,2,2006.0,2025-01-21,Sold,7,4.6,525.56,20.0,7.3
PROP-12968,3 BHK Villa for sale in Bronx,New York,Bronx,Villa,4874180.32,5944.0,3,3,2011.0,2024-11-23,Sold,5,3.2,820.02,15.0,5.7
PROP-12969,Residential plot of 6900 sqft in Coral Gables,Miami,Coral Gables,Plot,7013168.87,6900.0,0,0,1991.0,2025-06-30,Pending,2,4.6,1016.4,35.0,4.9
PROP-12970,Residential plot of 7726 sqft in Bronx,New York,Bronx,Plot,8134575.34,7726.0,0,0,1993.0,2024-10-08,Active,4,3.3,1052.88,33.0,4.9
PROP-12971,3 BHK Apartment for sale in Brooklyn,New York,Brooklyn,Apartment,2071669.0,1567.0,3,3,1935.0,2025-07-18,Active,2,4.7,1322.06,91.0,5.0
PROP-12972,3 BHK Villa for sale in Pacific Heights,San Francisco,Pacific Heights,Villa,3958680.61,1920.0,3,4,1991.0,2024-05-23,Pending,7,3.5,2061.81,35.0,6.4
PROP-12973,Residential plot of 9398 sqft in Lincoln Park,Chicago,Lincoln Park,Plot,5335779.51,9398.0,0,0,1989.5,2025-04-15,Sold,2,4.7,567.76,36.5,5.0
PROP-12974,Residential plot of 1206 sqft in River North,Chicago,River North,Plot,440892.12,1206.0,0,0,1986.0,2024-09-18,Active,9,5.0,365.58,40.0,8.0
PROP-12975,5 BHK Villa for sale in Queens,New York,Queens,Villa,2859271.24,2556.0,5,3,1981.0,2024-10-29,Sold,8,4.1,1118.65,45.0,7.2
PROP-12976,Commercial Space / Office in Manhattan,New York,Manhattan,Commercial,30623083.04,18234.0,0,5,1991.0,2024-01-08,Active,10,4.7,1679.45,35.0,8.4
PROP-12977,1 BHK Apartment for sale in Loop,Chicago,Loop,Apartment,724119.64,1939.0,1,2,2007.0,2025-07-23,Pending,5,4.6,373.45,19.0,6.2
PROP-12978,Residential plot of 9386 sqft in Little Havana,Miami,Little Havana,Plot,3972208.59,9386.0,0,0,1994.0,2025-02-02,Sold,3,3.5,423.21,32.0,5.0
PROP-12979,Residential plot of 8556 sqft in West Lake Hills,Austin,West Lake Hills,Plot,5205502.5,8556.0,0,0,1990.0,2024-08-15,Pending,4,4.3,608.4,36.0,5.8
PROP-12980,Residential plot of 2794 sqft in Bronx,New York,Bronx,Plot,2663787.24,2794.0,0,0,1993.0,2024-06-10,Active,10,4.4,953.4,33.0,8.2
PROP-12981,Commercial Space / Office in Little Havana,Miami,Little Havana,Commercial,1966293.06,4272.0,0,10,2010.0,2025-07-22,Pending,9,4.7,460.27,16.0,7.9
PROP-12982,4 BHK Apartment for sale in Queens,New York,Queens,Apartment,3009537.69,2203.0,4,2,1969.0,2025-01-28,Sold,5,3.2,1366.11,57.0,5.2
PROP-12983,3 BHK Villa for sale in Manhattan,New York,Manhattan,Villa,11122504.21,5848.0,3,2,2013.0,2024-01-19,Sold,10,4.2,1901.93,13.0,7.9
PROP-12984,Residential plot of 6655 sqft in Lincoln Park,Chicago,Lincoln Park,Plot,3452396.29,6655.0,0,0,1989.5,2024-03-21,Sold,4,3.4,518.77,36.5,5.2
PROP-12985,2 BHK Apartment for sale in Downtown,Austin,Downtown,Apartment,769274.16,1876.0,2,1,1952.0,2024-05-28,Sold,10,4.2,410.06,74.0,8.1
PROP-12986,1 BHK Apartment for sale in Brickell,Miami,Brickell,Apartment,349074.64,515.0,1,1,1982.0,2025-03-06,Pending,10,4.2,677.81,44.0,7.8
PROP-12987,3 BHK Apartment for sale in West Lake Hills,Austin,West Lake Hills,Apartment,1054745.35,1750.0,3,3,1927.0,2025-04-17,Sold,1,3.5,602.71,99.0,4.2
PROP-12988,Commercial Space / Office in Brooklyn,New York,Brooklyn,Commercial,21272680.38,18387.0,0,10,1972.0,2025-02-22,Pending,2,3.8,1156.94,54.0,4.7
PROP-12989,Residential plot of 7734 sqft in Bronx,New York,Bronx,Plot,7905436.46,7734.0,0,0,1993.0,2025-11-28,Pending,3,4.4,1022.17,33.0,5.3
PROP-12990,Residential plot of 3265 sqft in Little Havana,Miami,Little Havana,Plot,1453337.84,3265.0,0,0,1994.0,2024-06-16,Pending,1,3.7,445.13,32.0,4.2
PROP-12991,Commercial Space / Office in Downtown,Austin,Downtown,Commercial,4788052.51,9700.0,0,6,2013.0,2024-03-23,Sold,10,4.8,493.61,13.0,8.2
PROP-12992,4 BHK Apartment for sale in Manhattan,New York,Manhattan,Apartment,3195052.84,1576.0,4,1,1976.0,2024-03-23,Active,3,3.2,2027.32,50.0,4.4
PROP-12993,Residential plot of 5799 sqft in Brickell,Miami,Brickell,Plot,3365009.31,5799.0,0,0,1995.5,2024-11-15,Pending,4,4.6,580.27,30.5,5.9
PROP-12994,3 BHK Villa for sale in Lincoln Park,Chicago,Lincoln Park,Villa,1086155.48,2188.0,3,3,1999.0,2024-10-30,Sold,9,4.9,496.41,27.0,8.1
PROP-12995,Commercial Space / Office in Coral Gables,Miami,Coral Gables,Commercial,4253217.0,4333.0,0,9,1989.0,2025-11-12,Pending,10,4.6,981.59,37.0,8.1
PROP-12996,Commercial Space / Office in Coral Gables,Miami,Coral Gables,Commercial,2994104.73,3233.0,0,9,1961.0,2025-01-16,Active,4,4.4,926.11,65.0,5.7
PROP-12997,1 BHK Apartment for sale in Lincoln Park,Chicago,Lincoln Park,Apartment,447430.42,791.0,1,2,1978.0,2025-08-27,Pending,6,3.0,565.65,48.0,5.6
PROP-12998,Residential plot of 3562 sqft in Lincoln Park,Chicago,Lincoln Park,Plot,1868296.14,3562.0,0,0,1989.5,2025-03-20,Active,1,3.3,524.51,36.5,3.9
PROP-12999,Residential plot of 8528 sqft in Brickell,Miami,Brickell,Plot,4394161.0,8528.0,0,0,1995.5,2024-08-20,Sold,7,4.4,515.26,30.5,7.2
PROP-13000,Residential plot of 3306 sqft in Brooklyn,New York,Brooklyn,Plot,3642793.52,3306.0,0,0,1994.0,2025-04-21,Pending,6,3.8,1101.87,32.0,6.3
PROP-13001,5 BHK Villa for sale in Hyde Park,Chicago,Hyde Park,Villa,752828.73,2756.0,5,4,1989.0,2025-07-29,Sold,1,4.8,273.16,37.0,4.8
PROP-13002,Residential plot of 5903 sqft in Coral Gables,Miami,Coral Gables,Plot,5100224.0,5903.0,0,0,1991.0,2025-08-18,Active,8,4.1,864.01,35.0,7.2
PROP-13003,Commercial Space / Office in Coral Gables,Miami,Coral Gables,Commercial,5190970.05,5731.0,0,4,2002.0,2024-07-31,Active,9,4.5,905.77,24.0,7.8
PROP-13004,Residential plot of 7677 sqft in River North,Chicago,River North,Plot,2910683.51,7677.0,0,0,1986.0,2025-08-21,Sold,2,4.9,379.14,40.0,5.1
PROP-13005,Commercial Space / Office in Lincoln Park,Chicago,Lincoln Park,Commercial,1484172.01,2794.0,0,8,2002.0,2025-06-18,Pending,5,4.2,531.2,24.0,6.0
PROP-13006,Commercial Space / Office in West Lake Hills,Austin,West Lake Hills,Commercial,3527911.78,5726.0,0,3,1985.0,2025-02-20,Sold,7,4.7,616.12,41.0,7.3
PROP-13007,6 BHK Villa for sale in Brooklyn,New York,Brooklyn,Villa,7621205.18,5910.0,6,2,2014.0,2025-03-16,Pending,6,4.6,1289.54,12.0,6.5
PROP-13008,Residential plot of 7795 sqft in Bronx,New York,Bronx,Plot,7400390.75,7795.0,0,0,1993.0,2024-04-19,Sold,6,3.7,949.38,33.0,6.1
PROP-13009,Residential plot of 3526 sqft in Pacific Heights,San Francisco,Pacific Heights,Plot,7822840.15,3526.0,0,0,1991.0,2025-09-07,Pending,9,4.8,2218.62,35.0,7.9
PROP-13010,4 BHK Apartment for sale in Brickell,Miami,Brickell,Apartment,433007.48,825.0,4,3,1935.0,2025-10-30,Active,1,3.3,524.86,91.0,4.1
PROP-13011,Residential plot of 8317 sqft in West Lake Hills,Austin,West Lake Hills,Plot,5924605.84,8317.0,0,0,1990.0,2024-09-09,Sold,4,3.3,712.35,36.0,5.0
PROP-13012,Commercial Space / Office in Mission District,San Francisco,Mission District,Commercial,28161330.79,20010.0,0,6,1999.0,2025-01-01,Sold,1,4.0,1407.36,27.0,4.2
PROP-13013,Residential plot of 7995 sqft in Little Havana,Miami,Little Havana,Plot,3425067.7,7995.0,0,0,1994.0,2024-04-19,Active,8,3.1,428.4,32.0,6.7
PROP-13014,4 BHK Apartment for sale in Coral Gables,Miami,Coral Gables,Apartment,1079278.79,1277.0,4,1,1993.0,2025-06-21,Active,7,3.3,845.17,33.0,6.4
PROP-13015,Residential plot of 5923 sqft in Little Havana,Miami,Little Havana,Plot,2748230.28,5923.0,0,0,1994.0,2024-09-05,Sold,9,4.8,463.99,32.0,8.0
PROP-13016,1 BHK Apartment for sale in Hyde Park,Chicago,Hyde Park,Apartment,458998.08,1463.0,1,1,1937.0,2024-03-16,Active,3,4.3,313.74,89.0,5.1
PROP-13017,3 BHK Villa for sale in Bronx,New York,Bronx,Villa,6170823.11,5802.0,3,2,2014.0,2025-04-07,Pending,2,4.2,1063.57,12.0,4.7
PROP-13018,Residential plot of 3633 sqft in Pacific Heights,San Francisco,Pacific Heights,Plot,7460284.81,5277.0,0,0,1991.0,2024-09-19,Pending,7,3.5,1413.74,35.0,6.9
PROP-13019,5 BHK Villa for sale in SOMA,San Francisco,SOMA,Villa,7003414.1,3970.0,5,3,2008.0,2025-05-07,Sold,8,4.1,1764.08,18.0,6.8
PROP-13020,3 BHK Villa for sale in Little Havana,Miami,Little Havana,Villa,1756763.39,3487.0,3,3,2023.0,2024-03-22,Pending,9,4.5,503.8,3.0,7.7
PROP-13021,Commercial Space / Office in Brooklyn,New York,Brooklyn,Commercial,30565603.75,22724.0,0,8,1988.0,2025-04-13,Sold,3,4.7,1345.08,38.0,5.4
PROP-13022,1 BHK Apartment for sale in Hyde Park,Chicago,Hyde Park,Apartment,292958.0,972.0,1,2,2023.0,2025-03-01,Pending,4,3.2,301.4,3.0,4.9
PROP-13023,Commercial Space / Office in Lincoln Park,Chicago,Lincoln Park,Commercial,7342782.71,13162.0,0,10,1973.0,2024-01-13,Active,4,4.7,557.88,53.0,5.8
PROP-13024,Residential plot of 4068 sqft in SOMA,San Francisco,SOMA,Plot,5679610.69,4068.0,0,0,1992.0,2024-03-13,Pending,7,3.4,1396.17,34.0,6.3
PROP-13025,Commercial Space / Office in Lincoln Park,Chicago,Lincoln Park,Commercial,8573056.73,15244.0,0,8,2019.0,2025-10-14,Pending,1,4.2,562.39,7.0,4.3
PROP-13026,5 BHK Villa for sale in Bronx,New York,Bronx,Villa,3275334.25,3763.0,5,5,1989.0,2024-12-07,Active,2,4.8,870.41,37.0,5.3
PROP-13027,3 BHK Villa for sale in Manhattan,New York,Manhattan,Villa,4557701.83,2847.0,3,4,1995.0,2024-06-19,Sold,6,4.2,1600.88,31.0,6.6
PROP-13028,Commercial Space / Office in River North,Chicago,River North,Commercial,523075.67,1508.0,0,3,1978.0,2025-07-03,Pending,6,4.8,346.87,48.0,6.8
PROP-13029,Commercial Space / Office in South Beach,Miami,South Beach,Commercial,1761555.31,2909.0,0,8,1992.0,2025-05-29,Sold,9,4.2,605.55,34.0,7.6
PROP-13030,Residential plot of 1255 sqft in Downtown,Austin,Downtown,Plot,546777.49,1255.0,0,0,1988.0,2024-07-23,Pending,3,4.9,435.68,38.0,5.7
PROP-13031,Residential plot of 8065 sqft in Downtown,Austin,Downtown,Plot,4061852.22,8065.0,0,0,1988.0,2025-01-25,Pending,10,4.6,503.64,38.0,8.1
PROP-13032,Residential plot of 1284 sqft in Queens,New York,Queens,Plot,1312012.97,1284.0,0,0,1988.0,2024-01-14,Active,4,4.5,1021.82,38.0,6.0
PROP-13033,2 BHK Apartment for sale in West Lake Hills,Austin,West Lake Hills,Apartment,598743.59,992.0,2,1,1943.0,2025-11-09,Sold,4,3.4,603.57,83.0,5.3
PROP-13034,Residential plot of 2894 sqft in SOMA,San Francisco,SOMA,Plot,3859933.16,2894.0,0,0,1992.0,2024-05-01,Pending,8,3.9,1333.77,34.0,7.1
PROP-13035,1 BHK Apartment for sale in Manhattan,New York,Manhattan,Apartment,3475005.72,1725.0,1,1,1987.0,2024-06-15,Pending,10,4.2,2014.5,39.0,7.8
PROP-13036,Commercial Space / Office in Downtown,Austin,Downtown,Commercial,3568253.21,8382.0,0,3,2021.0,2024-12-21,Sold,10,4.0,425.7,5.0,8.0
PROP-13037,3 BHK Villa for sale in Mission District,San Francisco,Mission District,Villa,7555754.24,5823.0,3,4,1997.0,2025-07-02,Pending,1,3.2,1297.57,29.0,3.9
PROP-13038,4 BHK Villa for sale in Downtown,Austin,Downtown,Villa,1883828.67,3649.0,4,5,1997.0,2025-04-09,Pending,10,4.8,516.26,29.0,8.2
PROP-13039,2 BHK Apartment for sale in East Austin,Austin,East Austin,Apartment,455243.05,1468.0,2,1,2000.0,2024-06-08,Active,8,3.9,310.11,26.0,7.2
PROP-13040,Residential plot of 9281 sqft in Bronx,New York,Bronx,Plot,8732427.2,9281.0,0,0,1993.0,2025-02-01,Pending,7,3.8,940.89,33.0,6.6
PROP-13041,3 BHK Apartment for sale in Brickell,Miami,Brickell,Apartment,838103.54,1484.0,3,3,1975.0,2025-01-04,Active,1,4.2,564.76,51.0,4.5
PROP-13042,4 BHK Apartment for sale in Brickell,Miami,Brickell,Apartment,432878.37,745.0,4,2,2002.0,2025-03-18,Pending,5,4.2,581.04,24.0,6.1
PROP-13043,Residential plot of 1892 sqft in Brickell,Miami,Brickell,Plot,968612.93,1892.0,0,0,1995.5,2024-12-24,Sold,9,4.4,511.95,30.5,8.0
PROP-13044,Residential plot of 5755 sqft in Downtown,Austin,Downtown,Plot,2963460.36,5755.0,0,0,1988.0,2025-07-13,Active,10,4.9,514.94,38.0,8.2
PROP-13045,2 BHK Apartment for sale in Lincoln Park,Chicago,Lincoln Park,Apartment,776565.51,1693.0,2,1,1990.0,2025-07-24,Sold,8,3.2,458.69,36.0,6.8
PROP-13046,6 BHK Villa for sale in Mission District,San Francisco,Mission District,Villa,3233158.84,2341.0,6,4,2000.0,2024-09-24,Sold,10,4.3,1381.1,26.0,8.1
PROP-13047,1 BHK Apartment for sale in Brooklyn,New York,Brooklyn,Apartment,2435578.15,1977.0,1,2,1990.0,2024-09-18,Active,2,4.5,1231.96,36.0,5.0
PROP-13048,Commercial Space / Office in South Beach,Miami,South Beach,Commercial,3232670.25,5825.0,0,6,1978.0,2025-04-04,Pending,8,3.8,554.96,48.0,7.1
PROP-13049,5 BHK Villa for sale in South Beach,Miami,South Beach,Villa,3020327.97,5053.0,5,5,1999.0,2024-02-15,Sold,10,4.5,597.73,27.0,8.2
PROP-13050,5 BHK Villa for sale in Brooklyn,New York,Brooklyn,Villa,5971715.0,4879.0,5,5,1987.0,2025-07-01,Sold,7,4.1,1223.96,39.0,6.7
PROP-13051,Commercial Space / Office in Brickell,Miami,Brickell,Commercial,14429921.79,23120.0,0,10,2011.0,2025-01-20,Pending,9,4.4,624.13,15.0,7.7
PROP-13052,Commercial Space / Office in River North,Chicago,River North,Commercial,7139644.65,23671.0,0,10,1961.0,2025-04-18,Sold,7,4.0,301.62,65.0,6.9
PROP-13053,Commercial Space / Office in SOMA,San Francisco,SOMA,Commercial,34740420.0,23649.0,0,3,2019.0,2024-06-28,Sold,10,4.3,1469.0,7.0,8.0
PROP-13054,1 BHK Apartment for sale in East Austin,Austin,East Austin,Apartment,262260.8,818.0,1,2,1946.0,2024-09-11,Sold,6,4.0,320.61,80.0,6.5
PROP-13055,Residential plot of 9190 sqft in Brooklyn,New York,Brooklyn,Plot,10691704.0,9190.0,0,0,1994.0,2024-08-11,Sold,9,4.8,1163.41,32.0,8.0
PROP-13056,5 BHK Villa for sale in Manhattan,New York,Manhattan,Villa,4829507.0,2480.0,5,4,1994.0,2024-10-27,Sold,10,4.9,1947.38,32.0,8.3
PROP-13057,6 BHK Villa for sale in Manhattan,New York,Manhattan,Villa,7195655.38,4390.0,6,3,1996.0,2025-01-17,Sold,3,4.9,1639.1,30.0,5.8
PROP-13058,Residential plot of 9281 sqft in River North,Chicago,River North,Plot,3352481.23,9281.0,0,0,1986.0,2024-06-16,Pending,1,3.2,361.22,40.0,3.8
PROP-13059,1 BHK Apartment for sale in River North,Chicago,River North,Apartment,584604.79,1886.0,1,3,1979.0,2024-04-23,Pending,10,4.6,309.97,47.0,8.4
PROP-13060,3 BHK Villa for sale in South Beach,Miami,South Beach,Villa,2143153.15,3784.0,3,5,1982.0,2024-07-14,Pending,4,4.7,566.37,44.0,6.0
PROP-13061,Commercial Space / Office in Downtown,Austin,Downtown,Commercial,5097228.0,12934.0,0,6,1980.0,2024-07-06,Active,8,3.7,394.1,46.0,7.1
PROP-13062,Commercial Space / Office in Queens,New York,Queens,Commercial,1932718.31,1770.0,0,5,1984.0,2025-06-08,Pending,9,4.0,1091.93,42.0,7.7
PROP-13063,2 BHK Apartment for sale in Downtown,Austin,Downtown,Apartment,555479.2,1249.0,2,2,1953.0,2025-02-06,Sold,9,4.6,444.74,73.0,7.9
PROP-13064,6 BHK Villa for sale in Queens,New York,Queens,Villa,4231779.22,4056.0,6,4,2017.0,2024-11-19,Active,10,4.2,1043.34,9.0,8.2
PROP-13065,Residential plot of 6963 sqft in Lincoln Park,Chicago,Lincoln Park,Plot,3215071.05,6963.0,0,0,1989.5,2024-07-28,Pending,2,3.1,461.74,36.5,4.4
PROP-13066,6 BHK Villa for sale in Marina,San Francisco,Marina,Villa,4531077.49,3973.0,6,2,2019.0,2025-08-12,Sold,1,3.7,1140.47,7.0,4.1
PROP-13067,4 BHK Villa for sale in SOMA,San Francisco,SOMA,Villa,5027062.67,3602.0,4,5,2003.0,2024-05-02,Sold,10,4.3,1395.63,23.0,8.1
PROP-13068,4 BHK Villa for sale in Manhattan,New York,Manhattan,Villa,4701502.66,2723.0,4,3,1997.0,2025-02-28,Active,10,4.1,1726.59,29.0,8.0
PROP-13069,3 BHK Villa for sale in SOMA,San Francisco,SOMA,Villa,6000431.38,4472.0,3,3,1993.0,2024-03-25,Active,8,3.9,1341.78,33.0,7.1
PROP-13070,3 BHK Apartment for sale in Downtown,Austin,Downtown,Apartment,320056.68,712.0,3,2,2005.0,2025-03-15,Sold,10,4.1,449.52,21.0,7.9
PROP-13071,3 BHK Villa for sale in Lincoln Park,Chicago,Lincoln Park,Villa,2981769.48,5799.0,3,3,2013.0,2025-10-19,Sold,8,4.8,514.19,13.0,7.6
PROP-13072,Commercial Space / Office in Marina,San Francisco,Marina,Commercial,13569550.37,13869.0,0,10,2007.0,2024-12-14,Pending,6,5.0,978.41,19.0,7.1
PROP-13073,Residential plot of 8628 sqft in Hyde Park,Chicago,Hyde Park,Plot,2258592.0,8628.0,0,0,1993.0,2024-04-02,Pending,4,3.5,261.77,33.0,5.3
PROP-13074,4 BHK Villa for sale in Bronx,New York,Bronx,Villa,3050899.68,3577.0,4,3,2020.0,2024-11-02,Sold,9,4.2,852.92,6.0,7.8
PROP-13075,Residential plot of 9095 sqft in Little Havana,Miami,Little Havana,Plot,3889257.0,9095.0,0,0,1994.0,2025-07-10,Sold,6,4.3,427.63,32.0,6.6
PROP-13076,5 BHK Villa for sale in Manhattan,New York,Manhattan,Villa,3989059.08,2015.0,5,3,2022.0,2025-03-30,Pending,10,4.5,1979.68,4.0,8.0
PROP-13077,4 BHK Apartment for sale in South Austin,Austin,South Austin,Apartment,980349.09,2039.0,2,3,1937.0,2025-07-27,Sold,3,3.0,480.8,89.0,4.4
PROP-13078,Residential plot of 2884 sqft in Mission District,San Francisco,Mission District,Plot,3436698.35,2884.0,0,0,1994.0,2025-08-30,Active,4,4.3,1191.64,32.0,5.9
PROP-13079,4 BHK Villa for sale in Brooklyn,New York,Brooklyn,Villa,1945335.5,1892.0,4,4,1985.0,2025-11-19,Active,8,4.2,1028.19,41.0,7.4
PROP-13080,Residential plot of 3766 sqft in Brickell,Miami,Brickell,Plot,2212968.0,3766.0,0,0,1995.5,2024-02-04,Active,5,3.1,587.62,30.5,5.4
PROP-13081,Commercial Space / Office in Manhattan,New York,Manhattan,Commercial,29332600.65,17079.0,0,3,2010.0,2025-01-23,Active,7,3.8,1717.47,16.0,6.7
PROP-13082,Residential plot of 6867 sqft in Brickell,Miami,Brickell,Plot,3606324.54,6867.0,0,0,1995.5,2024-07-10,Sold,7,4.8,525.17,30.5,7.4
PROP-13083,Residential plot of 2684 sqft in Little Havana,Miami,Little Havana,Plot,1396250.93,2684.0,0,0,1994.0,2024-04-22,Sold,1,3.5,520.21,32.0,3.9
PROP-13084,Residential plot of 2731 sqft in Marina,San Francisco,Marina,Plot,2733875.67,2731.0,0,0,1991.5,2025-09-08,Sold,5,4.0,1001.05,34.5,6.1
PROP-13085,Commercial Space / Office in Little Havana,Miami,Little Havana,Commercial,6510843.68,11984.0,0,6,2022.0,2025-11-03,Sold,10,4.9,543.29,4.0,8.2
PROP-13086,Commercial Space / Office in Loop,Chicago,Loop,Commercial,1078856.8,2691.0,0,2,1989.0,2025-09-06,Sold,1,3.5,400.91,37.0,3.8
PROP-13087,3 BHK Villa for sale in Mission District,San Francisco,Mission District,Villa,4876150.24,3976.0,3,4,2020.0,2024-11-24,Sold,9,4.4,1226.4,6.0,7.9
PROP-13088,Commercial Space / Office in Little Havana,Miami,Little Havana,Commercial,1332448.39,3106.0,0,7,1979.0,2024-04-28,Sold,9,4.6,428.99,47.0,8.0
PROP-13089,Residential plot of 8796 sqft in Marina,San Francisco,Marina,Plot,8980514.32,8796.0,0,0,1991.5,2025-02-07,Pending,5,4.1,1020.98,34.5,6.1
PROP-13090,1 BHK Apartment for sale in Downtown,Austin,Downtown,Apartment,1169882.37,2323.0,1,1,1920.0,2024-09-10,Active,7,4.7,503.61,106.0,6.9
PROP-13091,Commercial Space / Office in Downtown,Austin,Downtown,Commercial,5407464.0,11673.0,0,3,1988.0,2024-12-20,Active,9,4.9,463.25,38.0,8.0
PROP-13092,Residential plot of 1809 sqft in South Austin,Austin,South Austin,Plot,820036.28,1809.0,0,0,1991.0,2025-09-14,Active,1,3.8,453.31,35.0,4.2
PROP-13093,6 BHK Villa for sale in Brickell,Miami,Brickell,Villa,3305925.1,5056.0,6,3,2004.0,2024-10-21,Sold,4,4.2,653.86,22.0,5.5
PROP-13094,4 BHK Apartment for sale in Hyde Park,Chicago,Hyde Park,Apartment,363338.61,1269.0,4,1,1927.0,2025-03-28,Pending,2,3.0,286.32,99.0,4.1
PROP-13095,Residential plot of 6797 sqft in South Austin,Austin,South Austin,Plot,3233523.74,6797.0,0,0,1991.0,2025-06-29,Active,2,4.1,475.73,35.0,4.7
PROP-13096,Residential plot of 9356 sqft in East Austin,Austin,East Austin,Plot,2970038.0,9356.0,0,0,1994.0,2024-05-31,Pending,9,4.7,317.45,32.0,8.1
PROP-13097,6 BHK Villa for sale in Little Havana,Miami,Little Havana,Villa,1293602.66,2462.0,6,2,2020.0,2024-01-24,Sold,2,3.9,525.43,6.0,4.5
PROP-13098,4 BHK Apartment for sale in South Beach,Miami,South Beach,Apartment,1060737.61,2010.0,4,2,1973.0,2025-01-06,Sold,3,3.9,527.73,53.0,5.2
PROP-13099,6 BHK Villa for sale in Manhattan,New York,Manhattan,Villa,8586920.35,5435.0,6,4,2011.0,2024-12-12,Pending,10,5.0,1579.93,15.0,8.7
PROP-13100,Residential plot of 1351 sqft in South Beach,Miami,South Beach,Plot,770409.52,1351.0,0,0,1990.0,2025-10-22,Sold,9,4.7,570.25,36.0,8.0
PROP-13101,4 BHK Apartment for sale in Marina,San Francisco,Marina,Apartment,2548346.62,2344.0,4,2,2015.0,2024-12-31,Pending,5,3.4,1087.18,11.0,5.6
PROP-13102,Commercial Space / Office in Little Havana,Miami,Little Havana,Commercial,10628640.42,19265.0,0,3,1994.0,2024-10-11,Active,8,3.9,551.71,32.0,6.7
PROP-13103,3 BHK Villa for sale in Loop,Chicago,Loop,Villa,1755380.0,5564.0,3,5,2006.0,2025-09-13,Pending,3,4.8,315.49,20.0,5.8
PROP-13104,3 BHK Villa for sale in East Austin,Austin,East Austin,Villa,2019723.04,5360.0,3,3,2001.0,2024-09-23,Pending,1,3.2,376.81,25.0,3.7
PROP-13105,3 BHK Villa for sale in Mission District,San Francisco,Mission District,Villa,5029529.91,3624.0,3,4,2005.0,2024-11-12,Pending,2,4.1,1387.84,21.0,4.8
PROP-13106,4 BHK Villa for sale in West Lake Hills,Austin,West Lake Hills,Villa,3185234.3,5197.0,4,5,2001.0,2024-04-19,Pending,9,4.8,612.9,25.0,8.1
PROP-13107,Residential plot of 2034 sqft in Little Havana,Miami,Little Havana,Plot,940647.23,2034.0,0,0,1994.0,2024-07-17,Active,1,3.4,462.46,32.0,4.0
PROP-13108,2 BHK Apartment for sale in South Beach,Miami,South Beach,Apartment,1018978.4,1548.0,2,1,2009.0,2024-12-08,Pending,4,4.8,658.25,17.0,5.8
PROP-13109,1 BHK Apartment for sale in Pacific Heights,San Francisco,Pacific Heights,Apartment,3274638.23,1677.0,1,3,1958.0,2024-12-16,Pending,7,4.5,1952.68,68.0,7.1
PROP-13110,2 BHK Apartment for sale in Manhattan,New York,Manhattan,Apartment,1118717.6,588.0,2,2,1966.0,2025-05-06,Active,10,4.2,1902.58,60.0,7.9
PROP-13111,6 BHK Villa for sale in SOMA,San Francisco,SOMA,Villa,5930682.08,3692.0,6,2,2005.0,2024-11-14,Active,6,4.5,1606.36,21.0,6.4
PROP-13112,2 BHK Apartment for sale in Lincoln Park,Chicago,Lincoln Park,Apartment,592200.51,1148.0,2,3,1990.0,2024-01-09,Sold,10,4.1,515.85,36.0,8.0
PROP-13113,3 BHK Villa for sale in Manhattan,New York,Manhattan,Villa,4253738.31,2128.0,3,2,2019.0,2024-02-01,Pending,9,4.8,1998.94,7.0,7.8
PROP-13114,3 BHK Apartment for sale in River North,Chicago,River North,Apartment,336238.38,910.0,3,1,1980.0,2024-07-04,Sold,9,4.6,369.49,46.0,7.8
PROP-13115,Commercial Space / Office in Downtown,Austin,Downtown,Commercial,6216727.72,12694.0,0,9,1990.0,2024-11-18,Sold,8,4.9,489.74,36.0,7.5
PROP-13116,Residential plot of 5246 sqft in Brooklyn,New York,Brooklyn,Plot,6207527.88,5246.0,0,0,1994.0,2025-08-18,Active,2,3.8,1183.29,32.0,4.6
PROP-13117,5 BHK Villa for sale in South Beach,Miami,South Beach,Villa,2175406.98,3548.0,5,4,2020.0,2024-10-23,Sold,7,4.1,613.14,6.0,6.7
PROP-13118,1 BHK Apartment for sale in East Austin,Austin,East Austin,Apartment,306919.09,862.0,1,3,1967.0,2025-09-27,Active,5,3.3,356.05,59.0,5.5
PROP-13119,Commercial Space / Office in SOMA,San Francisco,SOMA,Commercial,36038350.23,22729.0,0,8,1967.0,2024-05-15,Sold,8,3.6,1585.57,59.0,6.6
PROP-13120,Commercial Space / Office in Downtown,Austin,Downtown,Commercial,598656.47,1343.0,0,8,1988.0,2025-10-15,Active,3,4.9,445.76,38.0,5.7
PROP-13121,Commercial Space / Office in Brickell,Miami,Brickell,Commercial,3739353.19,6272.0,0,2,2005.0,2024-08-05,Sold,2,4.5,596.2,21.0,5.0
PROP-13122,Residential plot of 8248 sqft in South Beach,Miami,South Beach,Plot,4557196.77,8248.0,0,0,1990.0,2025-05-27,Sold,8,3.7,552.52,36.0,7.1
PROP-13123,Commercial Space / Office in Manhattan,New York,Manhattan,Commercial,28057357.78,16093.0,0,10,1981.0,2025-10-11,Active,10,4.7,1743.45,45.0,8.4
PROP-13124,Residential plot of 6940 sqft in South Austin,Austin,South Austin,Plot,3038243.08,5612.0,0,0,1991.0,2024-12-25,Pending,10,4.3,541.38,35.0,7.8
PROP-13125,Residential plot of 5651 sqft in SOMA,San Francisco,SOMA,Plot,7516566.32,5651.0,0,0,1992.0,2024-01-04,Sold,5,3.3,1330.13,34.0,5.6
PROP-13126,3 BHK Villa for sale in Coral Gables,Miami,Coral Gables,Villa,2367981.71,2849.0,3,4,2018.0,2025-07-20,Sold,4,4.2,831.16,8.0,5.7
PROP-13127,Commercial Space / Office in Downtown,Austin,Downtown,Commercial,10062570.02,20402.0,0,9,1962.0,2025-11-27,Sold,6,4.4,493.21,64.0,6.4
PROP-13128,Commercial Space / Office in Manhattan,New York,Manhattan,Commercial,16427623.2,8254.0,0,7,2004.0,2025-08-17,Active,8,4.3,1990.26,22.0,7.1
PROP-13129,4 BHK Villa for sale in Pacific Heights,San Francisco,Pacific Heights,Villa,5381169.19,3970.0,4,4,1994.0,2024-07-22,Pending,7,3.9,1355.46,32.0,7.1
PROP-13130,2 BHK Apartment for sale in Downtown,Austin,Downtown,Apartment,609938.16,1554.0,2,1,1935.0,2024-09-23,Pending,10,4.9,392.5,91.0,8.6
PROP-13131,Residential plot of 3525 sqft in Coral Gables,Miami,Coral Gables,Plot,3065436.98,3525.0,0,0,1991.0,2025-09-02,Pending,1,3.7,869.63,35.0,4.2
PROP-13132,Residential plot of 3454 sqft in Lincoln Park,Chicago,Lincoln Park,Plot,1972916.28,3454.0,0,0,1989.5,2025-06-28,Sold,7,4.8,571.2,36.5,7.1
PROP-13133,Residential plot of 6105 sqft in Hyde Park,Chicago,Hyde Park,Plot,1829533.09,6105.0,0,0,1993.0,2024-02-02,Sold,4,4.5,299.68,33.0,5.7
PROP-13134,Commercial Space / Office in Bronx,New York,Bronx,Commercial,17355454.0,16089.0,0,4,1991.0,2024-05-22,Active,6,3.1,1078.72,35.0,5.6
PROP-13135,Commercial Space / Office in Lincoln Park,Chicago,Lincoln Park,Commercial,1283793.63,2545.0,0,6,1992.0,2024-04-12,Sold,1,4.5,504.44,34.0,4.6
PROP-13136,Residential plot of 6034 sqft in Hyde Park,Chicago,Hyde Park,Plot,1689233.63,6034.0,0,0,1993.0,2024-04-16,Sold,9,4.9,279.95,33.0,8.1
PROP-13137,Commercial Space / Office in Downtown,Austin,Downtown,Commercial,2528772.98,5384.0,0,3,2019.0,2025-04-12,Sold,3,4.3,469.68,7.0,5.2
PROP-13138,6 BHK Villa for sale in River North,Chicago,River North,Villa,1337231.34,4338.0,6,2,1999.0,2024-11-17,Sold,3,4.5,308.26,27.0,5.6
PROP-13139,Commercial Space / Office in Hyde Park,Chicago,Hyde Park,Commercial,2813676.68,8930.0,0,9,1977.0,2025-01-19,Pending,9,4.4,315.08,49.0,7.5
PROP-13140,Residential plot of 3265 sqft in Manhattan,New York,Manhattan,Plot,5543265.18,3265.0,0,0,1991.0,2025-05-21,Sold,10,4.5,1697.78,35.0,8.3
PROP-13141,1 BHK Apartment for sale in SOMA,San Francisco,SOMA,Apartment,1101244.05,751.0,1,1,1941.0,2025-07-24,Sold,4,4.6,1466.37,85.0,5.8
PROP-13142,Commercial Space / Office in Mission District,San Francisco,Mission District,Commercial,23254236.76,16316.0,0,6,2004.0,2024-11-16,Sold,7,3.2,1425.24,22.0,6.1
PROP-13143,3 BHK Apartment for sale in South Beach,Miami,South Beach,Apartment,552259.0,1027.0,3,3,1988.0,2025-05-04,Sold,3,4.5,537.74,38.0,5.6
PROP-13144,4 BHK Villa for sale in Marina,San Francisco,Marina,Villa,4481818.85,4048.0,4,4,2023.0,2024-06-25,Active,6,4.6,1107.17,3.0,6.7
PROP-13145,Commercial Space / Office in Bronx,New York,Bronx,Commercial,4510563.36,5310.0,0,5,2004.0,2025-06-19,Active,9,4.9,849.45,22.0,8.2
PROP-13146,Residential plot of 9993 sqft in South Austin,Austin,South Austin,Plot,4054885.2,9993.0,0,0,1991.0,2025-10-31,Active,9,4.2,405.77,35.0,7.8
PROP-13147,2 BHK Apartment for sale in Pacific Heights,San Francisco,Pacific Heights,Apartment,2658282.69,1423.0,2,2,2008.0,2025-01-22,Sold,5,4.2,1868.08,18.0,6.2
PROP-13148,Residential plot of 6345 sqft in South Beach,Miami,South Beach,Plot,3329539.0,6345.0,0,0,1990.0,2024-08-28,Sold,10,4.2,524.75,36.0,8.2
PROP-13149,3 BHK Villa for sale in Brickell,Miami,Brickell,Villa,1150262.25,1933.0,5,3,2018.0,2024-01-09,Pending,9,4.3,595.07,8.0,7.7
PROP-13150,1 BHK Apartment for sale in Mission District,San Francisco,Mission District,Apartment,2823070.21,1776.0,1,1,2021.0,2025-07-03,Active,3,3.5,1589.57,5.0,4.6
PROP-13151,3 BHK Apartment for sale in Loop,Chicago,Loop,Apartment,646083.35,2051.0,3,3,2005.0,2025-11-17,Sold,4,3.3,315.01,21.0,5.2
PROP-13152,4 BHK Apartment for sale in Little Havana,Miami,Little Havana,Apartment,1122681.64,2068.0,4,1,1938.0,2024-04-23,Active,8,4.9,542.88,88.0,7.5
PROP-13153,Residential plot of 3150 sqft in East Austin,Austin,East Austin,Plot,1016404.08,3150.0,0,0,1994.0,2024-01-29,Pending,9,4.9,322.67,32.0,8.2
PROP-13154,Residential plot of 4287 sqft in South Austin,Austin,South Austin,Plot,1658206.34,4287.0,0,0,1991.0,2025-05-18,Pending,1,4.0,386.8,35.0,4.5
PROP-13155,1 BHK Apartment for sale in SOMA,San Francisco,SOMA,Apartment,2628000.6,1849.0,1,3,2020.0,2024-01-03,Pending,10,4.4,1421.31,6.0,8.1
PROP-13156,Residential plot of 4839 sqft in River North,Chicago,River North,Plot,1554576.98,4839.0,0,0,1986.0,2024-12-06,Sold,4,4.0,321.26,40.0,5.6
PROP-13157,Residential plot of 5742 sqft in Coral Gables,Miami,Coral Gables,Plot,5445379.34,5742.0,0,0,1991.0,2025-04-14,Active,10,4.9,948.34,35.0,8.4
PROP-13158,Commercial Space / Office in Bronx,New York,Bronx,Commercial,10874143.17,10170.0,0,10,1962.0,2025-09-20,Active,5,4.3,1069.24,64.0,5.9
PROP-13159,1 BHK Apartment for sale in Marina,San Francisco,Marina,Apartment,1624238.77,1474.0,1,1,1992.0,2025-10-15,Sold,7,3.9,1101.93,34.0,6.7
PROP-13160,1 BHK Apartment for sale in East Austin,Austin,East Austin,Apartment,876366.86,2443.0,1,3,1971.0,2025-05-18,Sold,9,4.0,358.73,55.0,7.5
PROP-13161,3 BHK Villa for sale in Manhattan,New York,Manhattan,Villa,8347793.79,4279.0,3,5,1987.0,2024-11-16,Active,6,4.2,1950.87,39.0,6.3
PROP-13162,6 BHK Villa for sale in Pacific Heights,San Francisco,Pacific Heights,Villa,7223478.02,3842.0,6,3,1986.0,2025-08-07,Sold,1,4.6,1880.13,40.0,4.8
PROP-13163,Commercial Space / Office in Bronx,New York,Bronx,Commercial,5437541.56,5526.0,0,4,2001.0,2025-05-07,Sold,10,4.5,983.99,25.0,8.2
PROP-13164,Commercial Space / Office in Mission District,San Francisco,Mission District,Commercial,2771762.48,2023.0,0,6,2020.0,2025-04-16,Active,1,4.5,1370.12,6.0,4.6
PROP-13165,4 BHK Apartment for sale in West Lake Hills,Austin,West Lake Hills,Apartment,1400864.03,1829.0,4,3,1990.0,2025-02-20,Pending,5,4.7,765.92,36.0,6.1
PROP-13166,Residential plot of 8526 sqft in Marina,San Francisco,Marina,Plot,8771501.61,8526.0,0,0,1991.5,2024-04-14,Sold,1,4.1,1028.79,34.5,4.5
PROP-13167,4 BHK Villa for sale in Mission District,San Francisco,Mission District,Villa,8943318.96,5694.0,4,5,2024.0,2025-01-16,Sold,6,4.7,1570.66,2.0,6.5
PROP-13168,Residential plot of 5705 sqft in Mission District,San Francisco,Mission District,Plot,6951377.6,5705.0,0,0,1994.0,2025-01-30,Active,9,4.5,1218.47,32.0,8.0
PROP-13169,1 BHK Apartment for sale in River North,Chicago,River North,Apartment,495257.92,1334.0,1,2,1944.0,2024-11-04,Sold,6,4.3,371.26,82.0,6.4
PROP-13170,Commercial Space / Office in Pacific Heights,San Francisco,Pacific Heights,Commercial,35996740.46,14995.0,0,6,2008.0,2024-06-11,Sold,2,4.5,2400.58,18.0,4.8
PROP-13171,1 BHK Apartment for sale in South Beach,Miami,South Beach,Apartment,325333.74,547.0,1,2,2009.0,2024-08-30,Active,10,4.2,594.76,17.0,8.0
PROP-13172,3 BHK Villa for sale in Brooklyn,New York,Brooklyn,Villa,2817422.83,2263.0,3,3,1994.0,2024-06-02,Pending,5,4.7,1244.99,32.0,6.3
PROP-13173,Commercial Space / Office in Lincoln Park,Chicago,Lincoln Park,Commercial,5414050.0,10508.0,0,6,2011.0,2025-11-24,Pending,2,3.9,515.23,15.0,4.6
PROP-13174,2 BHK Apartment for sale in Coral Gables,Miami,Coral Gables,Apartment,694340.04,747.0,2,2,1974.0,2025-06-28,Active,8,3.8,929.5,52.0,6.9
PROP-13175,Commercial Space / Office in Mission District,San Francisco,Mission District,Commercial,28932226.99,20664.0,0,3,1971.0,2024-03-19,Active,3,4.8,1400.13,55.0,5.5
PROP-13176,Commercial Space / Office in Queens,New York,Queens,Commercial,2826360.14,2101.0,0,4,2021.0,2024-06-24,Pending,2,4.2,1345.25,5.0,4.7
PROP-13177,Commercial Space / Office in East Austin,Austin,East Austin,Commercial,7578272.58,18731.0,0,4,2016.0,2024-09-17,Active,3,3.7,404.58,10.0,4.7
PROP-13178,4 BHK Apartment for sale in South Beach,Miami,South Beach,Apartment,689501.06,1097.0,4,3,1970.0,2025-03-17,Sold,10,4.0,628.53,56.0,7.8
PROP-13179,4 BHK Apartment for sale in Marina,San Francisco,Marina,Apartment,1900828.12,1497.0,4,3,1988.0,2024-09-21,Pending,2,4.4,1269.76,38.0,4.8
PROP-13180,5 BHK Villa for sale in East Austin,Austin,East Austin,Villa,1986842.31,5967.0,5,5,2002.0,2025-06-09,Sold,5,3.1,332.97,24.0,5.5
PROP-13181,4 BHK Apartment for sale in Brickell,Miami,Brickell,Apartment,362835.1,596.0,4,2,1942.0,2025-09-14,Active,3,4.2,608.78,84.0,5.2
PROP-13182,2 BHK Apartment for sale in Pacific Heights,San Francisco,Pacific Heights,Apartment,4673992.49,2314.0,2,2,1941.0,2024-10-19,Sold,6,4.9,2019.88,85.0,6.9
PROP-13183,Commercial Space / Office in East Austin,Austin,East Austin,Commercial,2032672.05,5866.0,0,5,1999.0,2025-11-13,Active,10,4.4,346.52,27.0,8.2
PROP-13184,Residential plot of 1630 sqft in Marina,San Francisco,Marina,Plot,1803137.24,1630.0,0,0,1991.5,2025-04-22,Active,10,4.1,1106.22,34.5,8.0
PROP-13185,Residential plot of 1415 sqft in Queens,New York,Queens,Plot,1789096.0,1415.0,0,0,1988.0,2024-07-05,Sold,6,3.8,1264.38,38.0,6.1
PROP-13186,Residential plot of 3077 sqft in East Austin,Austin,East Austin,Plot,1120262.6,3077.0,0,0,1994.0,2024-12-01,Active,3,3.3,364.08,32.0,4.6
PROP-13187,Commercial Space / Office in Bronx,New York,Bronx,Commercial,14200126.8,14615.0,0,5,2019.0,2024-02-17,Pending,7,4.9,971.61,7.0,7.2
PROP-13188,Residential plot of 2317 sqft in Downtown,Austin,Downtown,Plot,1023111.15,2317.0,0,0,1988.0,2025-03-08,Active,3,4.1,441.57,38.0,5.2
PROP-13189,Commercial Space / Office in Queens,New York,Queens,Commercial,7144909.17,6883.0,0,8,1981.0,2025-07-02,Sold,8,3.7,1038.05,45.0,7.2
PROP-13190,Commercial Space / Office in Little Havana,Miami,Little Havana,Commercial,8334132.8,17874.0,0,2,1999.0,2024-03-20,Sold,9,4.3,466.27,27.0,7.7
PROP-13191,Residential plot of 5672 sqft in Hyde Park,Chicago,Hyde Park,Plot,1776537.22,5672.0,0,0,1993.0,2025-11-29,Pending,1,4.0,313.21,33.0,4.2
PROP-13192,Residential plot of 5646 sqft in Brickell,Miami,Brickell,Plot,3644503.42,5742.0,0,0,1995.5,2024-08-25,Pending,6,3.6,634.71,30.5,6.0
PROP-13193,Commercial Space / Office in Hyde Park,Chicago,Hyde Park,Commercial,782173.0,2679.0,0,3,2019.0,2025-01-27,Pending,10,4.1,291.96,7.0,7.9
PROP-13194,Residential plot of 7521 sqft in Mission District,San Francisco,Mission District,Plot,9702296.19,7521.0,0,0,1994.0,2024-04-14,Pending,7,3.1,1290.03,32.0,6.3
PROP-13195,Commercial Space / Office in SOMA,San Francisco,SOMA,Commercial,16564589.59,11778.0,0,10,1973.0,2024-07-25,Active,6,4.3,1406.4,53.0,6.5
PROP-13196,6 BHK Villa for sale in Coral Gables,Miami,Coral Gables,Villa,1588803.0,1865.0,6,5,2007.0,2024-09-21,Pending,2,4.2,851.91,19.0,4.8
PROP-13197,Commercial Space / Office in SOMA,San Francisco,SOMA,Commercial,4722197.97,3950.0,0,9,1995.0,2025-06-07,Pending,7,4.4,1195.49,31.0,7.1
PROP-13198,Commercial Space / Office in Marina,San Francisco,Marina,Commercial,1249976.08,1115.0,0,4,2015.0,2024-10-29,Active,6,3.1,1121.05,11.0,5.7
PROP-13199,Commercial Space / Office in Pacific Heights,San Francisco,Pacific Heights,Commercial,42148783.77,20185.0,0,4,2022.0,2025-08-29,Pending,7,4.8,2088.12,4.0,7.2
PROP-13200,1 BHK Apartment for sale in Mission District,San Francisco,Mission District,Apartment,3191978.83,2307.0,1,1,1976.0,2024-10-27,Active,9,4.2,1383.61,50.0,7.7
PROP-13201,3 BHK Villa for sale in Brickell,Miami,Brickell,Villa,1995283.57,3623.0,3,4,2023.0,2025-09-04,Active,2,4.7,550.73,3.0,5.3
PROP-13202,4 BHK Apartment for sale in Downtown,Austin,Downtown,Apartment,486942.9,1073.0,4,3,1969.0,2025-08-14,Active,10,4.2,453.81,57.0,8.0
PROP-13203,5 BHK Villa for sale in Coral Gables,Miami,Coral Gables,Villa,3855752.91,4801.0,5,2,1984.0,2025-11-04,Sold,2,3.5,803.11,42.0,4.5
PROP-13204,4 BHK Apartment for sale in East Austin,Austin,East Austin,Apartment,765831.7,2084.0,4,2,1954.0,2025-05-14,Sold,5,4.9,367.48,72.0,6.4
PROP-13205,4 BHK Apartment for sale in Manhattan,New York,Manhattan,Apartment,2717924.23,1532.0,4,1,2000.0,2024-09-09,Sold,9,4.2,1774.1,26.0,7.6
PROP-13206,Commercial Space / Office in West Lake Hills,Austin,West Lake Hills,Commercial,4327168.18,5727.0,0,3,1962.0,2025-06-22,Pending,6,3.6,755.57,64.0,5.9
PROP-13207,5 BHK Villa for sale in Little Havana,Miami,Little Havana,Villa,1179796.71,2251.0,5,4,1998.0,2025-04-16,Pending,7,4.0,524.12,28.0,6.6
PROP-13208,4 BHK Apartment for sale in South Beach,Miami,South Beach,Apartment,561006.42,1014.0,4,1,2011.0,2025-06-21,Sold,6,4.9,553.26,15.0,7.0
PROP-13209,Residential plot of 8915 sqft in South Austin,Austin,South Austin,Plot,3437914.15,8915.0,0,0,1991.0,2024-11-09,Sold,1,4.4,385.63,35.0,4.8
PROP-13210,6 BHK Villa for sale in Pacific Heights,San Francisco,Pacific Heights,Villa,6605021.96,3091.0,6,4,1993.0,2024-06-08,Pending,3,4.7,2136.86,33.0,5.4
PROP-13211,4 BHK Apartment for sale in SOMA,San Francisco,SOMA,Apartment,1437321.45,1032.0,4,2,1974.0,2024-01-31,Active,10,4.7,1392.75,52.0,8.3
PROP-13212,3 BHK Apartment for sale in Loop,Chicago,Loop,Apartment,320846.89,1065.0,3,1,1947.0,2024-02-14,Active,10,4.2,301.26,79.0,8.2
PROP-13213,Residential plot of 7120 sqft in Little Havana,Miami,Little Havana,Plot,3240590.98,7120.0,0,0,1994.0,2025-11-17,Active,6,3.4,455.14,32.0,6.0
PROP-13214,Residential plot of 3319 sqft in East Austin,Austin,East Austin,Plot,1223988.02,3319.0,0,0,1994.0,2025-05-21,Active,2,4.2,368.78,32.0,4.8
PROP-13215,3 BHK Villa for sale in Hyde Park,Chicago,Hyde Park,Villa,781324.05,3217.0,3,5,2004.0,2024-12-29,Sold,2,4.2,242.87,22.0,5.0
PROP-13216,Commercial Space / Office in Pacific Heights,San Francisco,Pacific Heights,Commercial,40598019.89,21408.0,0,5,1967.0,2024-02-21,Active,9,5.0,1896.39,59.0,8.3
PROP-13217,4 BHK Villa for sale in East Austin,Austin,East Austin,Villa,2318288.32,5625.0,4,4,2010.0,2025-10-27,Active,7,3.6,412.14,16.0,6.2
PROP-13218,Residential plot of 4589 sqft in West Lake Hills,Austin,West Lake Hills,Plot,3223365.88,4589.0,0,0,1990.0,2025-10-17,Pending,9,5.0,702.41,36.0,8.0
PROP-13219,Commercial Space / Office in South Austin,Austin,South Austin,Commercial,5559796.05,14428.0,0,3,1999.0,2024-11-16,Pending,2,3.2,385.35,27.0,4.5
PROP-13220,4 BHK Apartment for sale in Bronx,New York,Bronx,Apartment,1964573.33,2128.0,4,1,1931.0,2025-06-24,Active,8,3.1,923.2,95.0,6.6
PROP-13221,4 BHK Apartment for sale in Marina,San Francisco,Marina,Apartment,2556788.22,2053.0,4,1,2002.0,2024-07-09,Active,6,4.3,1245.39,24.0,6.3
PROP-13222,Residential plot of 6467 sqft in South Beach,Miami,South Beach,Plot,4187311.58,6467.0,0,0,1990.0,2025-02-19,Active,4,4.2,647.49,36.0,5.5
PROP-13223,3 BHK Villa for sale in Brooklyn,New York,Brooklyn,Villa,2837060.26,2663.0,3,5,1995.0,2025-04-07,Active,2,4.9,1065.36,31.0,5.4
PROP-13224,Commercial Space / Office in South Beach,Miami,South Beach,Commercial,4115679.1,7696.0,0,3,1988.0,2024-03-21,Sold,7,4.7,534.78,38.0,7.3
PROP-13225,2 BHK Apartment for sale in River North,Chicago,River North,Apartment,588458.32,1594.0,2,2,1922.0,2024-11-04,Pending,10,4.2,369.17,104.0,7.9
PROP-13226,Residential plot of 4866 sqft in Little Havana,Miami,Little Havana,Plot,2236094.38,4866.0,0,0,1994.0,2024-01-22,Pending,1,3.9,459.53,32.0,4.3
PROP-13227,Residential plot of 7701 sqft in Bronx,New York,Bronx,Plot,7500145.11,7701.0,0,0,1993.0,2024-04-23,Pending,6,4.8,973.92,33.0,6.8
PROP-13228,3 BHK Apartment for sale in Bronx,New York,Bronx,Apartment,2081383.59,2065.0,3,3,1964.0,2025-06-14,Sold,5,4.2,1007.93,62.0,5.9
PROP-13229,Commercial Space / Office in Manhattan,New York,Manhattan,Commercial,9118540.3,5145.0,0,7,1971.0,2024-07-15,Sold,7,3.5,1772.31,55.0,6.4
PROP-13230,Commercial Space / Office in Bronx,New York,Bronx,Commercial,22586356.1,21993.0,0,4,1964.0,2024-01-08,Sold,4,3.0,1026.98,62.0,4.8
PROP-13231,Residential plot of 6434 sqft in Manhattan,New York,Manhattan,Plot,11387894.15,6434.0,0,0,1991.0,2024-12-20,Active,6,3.9,1769.96,35.0,6.2
PROP-13232,Commercial Space / Office in Lincoln Park,Chicago,Lincoln Park,Commercial,3208593.71,6435.0,0,4,2017.0,2024-08-14,Active,3,4.2,498.62,9.0,5.3
PROP-13233,4 BHK Apartment for sale in Pacific Heights,San Francisco,Pacific Heights,Apartment,5082121.03,2400.0,4,1,1963.0,2025-05-20,Sold,8,4.5,2117.55,63.0,7.4
PROP-13234,Residential plot of 3462 sqft in Mission District,San Francisco,Mission District,Plot,4432102.69,3462.0,0,0,1994.0,2024-10-14,Active,4,3.5,1280.21,32.0,5.3
PROP-13235,Residential plot of 1890 sqft in East Austin,Austin,East Austin,Plot,603910.76,1890.0,0,0,1994.0,2024-11-17,Pending,4,4.1,319.53,32.0,5.7
PROP-13236,Commercial Space / Office in Marina,San Francisco,Marina,Commercial,24286773.35,21195.0,0,3,1998.0,2025-07-09,Pending,2,4.7,1145.87,28.0,5.1
PROP-13237,Commercial Space / Office in South Austin,Austin,South Austin,Commercial,8608514.53,17296.0,0,5,1991.0,2025-08-18,Active,9,4.5,497.72,35.0,7.7
PROP-13238,Residential plot of 9391 sqft in Lincoln Park,Chicago,Lincoln Park,Plot,5389474.03,9391.0,0,0,1989.5,2025-09-09,Pending,5,4.5,573.9,36.5,6.1
PROP-13239,Residential plot of 2864 sqft in River North,Chicago,River North,Plot,873287.68,2864.0,0,0,1986.0,2025-11-21,Pending,1,4.9,304.92,40.0,5.0
PROP-13240,5 BHK Villa for sale in Hyde Park,Chicago,Hyde Park,Villa,1541208.81,5752.0,5,2,2009.0,2024-08-19,Active,9,4.9,267.94,17.0,8.1
PROP-13241,Residential plot of 3537 sqft in Hyde Park,Chicago,Hyde Park,Plot,1051253.0,3537.0,0,0,1993.0,2024-08-06,Sold,5,4.0,297.22,33.0,5.8
PROP-13242,4 BHK Villa for sale in West Lake Hills,Austin,West Lake Hills,Villa,2130137.71,3589.0,4,4,1996.0,2025-01-26,Sold,7,4.2,593.52,30.0,7.0
PROP-13243,5 BHK Villa for sale in South Beach,Miami,South Beach,Villa,1838901.22,3546.0,5,3,2019.0,2024-08-18,Sold,4,4.4,518.58,7.0,5.9
PROP-13244,6 BHK Villa for sale in River North,Chicago,River North,Villa,559850.32,1826.0,6,2,2014.0,2024-04-09,Pending,5,4.7,306.6,12.0,6.5
PROP-13245,4 BHK Apartment for sale in Bronx,New York,Bronx,Apartment,886752.02,967.0,4,2,1922.0,2024-10-05,Active,10,4.8,917.01,104.0,8.4
PROP-13246,Residential plot of 7397 sqft in Manhattan,New York,Manhattan,Plot,11636549.35,7397.0,0,0,1991.0,2024-05-14,Pending,7,3.1,1573.14,35.0,6.3
PROP-13247,Commercial Space / Office in Coral Gables,Miami,Coral Gables,Commercial,18672545.24,19336.0,0,3,1991.0,2024-12-19,Pending,4,4.8,965.69,35.0,5.9
PROP-13248,Commercial Space / Office in Brickell,Miami,Brickell,Commercial,3082259.91,4949.0,0,4,1994.0,2024-09-22,Sold,10,5.0,622.8,32.0,8.5
PROP-13249,4 BHK Apartment for sale in Downtown,Austin,Downtown,Apartment,708433.38,1395.0,4,1,1954.0,2024-05-12,Pending,10,5.0,507.84,72.0,8.3
PROP-13250,Residential plot of 9729 sqft in Brickell,Miami,Brickell,Plot,5842177.12,9729.0,0,0,1995.5,2025-05-11,Sold,2,4.1,600.49,30.5,4.8
PROP-13251,4 BHK Villa for sale in Coral Gables,Miami,Coral Gables,Villa,2617205.0,3017.0,4,4,2016.0,2024-12-24,Sold,4,4.5,867.49,10.0,5.8
PROP-13252,4 BHK Apartment for sale in South Austin,Austin,South Austin,Apartment,427020.93,1003.0,4,1,2010.0,2024-04-15,Pending,3,4.7,425.74,16.0,5.6
PROP-13253,Commercial Space / Office in Manhattan,New York,Manhattan,Commercial,25115291.97,14495.0,0,3,1977.0,2025-09-16,Active,10,4.6,1732.69,49.0,8.3
PROP-13254,Commercial Space / Office in West Lake Hills,Austin,West Lake Hills,Commercial,5984826.37,8563.0,0,4,1979.0,2024-12-10,Sold,4,3.1,698.92,47.0,4.9
PROP-13255,4 BHK Apartment for sale in SOMA,San Francisco,SOMA,Apartment,2834423.74,2106.0,4,1,2000.0,2025-03-24,Pending,5,4.7,1345.88,26.0,6.4
PROP-13256,Commercial Space / Office in South Beach,Miami,South Beach,Commercial,9591387.79,16312.0,0,3,1995.0,2025-07-05,Active,10,4.4,588.0,31.0,8.2
PROP-13257,Residential plot of 7387 sqft in East Austin,Austin,East Austin,Plot,2436801.35,7387.0,0,0,1994.0,2025-01-29,Active,7,3.4,329.88,32.0,6.5
PROP-13258,5 BHK Villa for sale in Brickell,Miami,Brickell,Villa,1183969.53,2276.0,5,3,1986.0,2025-05-18,Sold,9,4.9,520.2,40.0,8.3
PROP-13259,6 BHK Villa for sale in Manhattan,New York,Manhattan,Villa,8499573.27,4545.0,6,3,2011.0,2024-12-21,Active,5,4.2,1870.09,15.0,5.9
PROP-13260,4 BHK Apartment for sale in SOMA,San Francisco,SOMA,Apartment,1380252.0,1157.0,4,2,2011.0,2025-07-19,Active,10,4.6,1192.96,15.0,8.5
PROP-13261,Residential plot of 9946 sqft in Marina,San Francisco,Marina,Plot,12276328.93,9946.0,0,0,1991.5,2025-03-19,Active,4,4.1,1234.3,34.5,5.4
PROP-13262,Commercial Space / Office in SOMA,San Francisco,SOMA,Commercial,9881875.69,7511.0,0,8,1964.0,2024-03-04,Sold,9,4.3,1315.65,62.0,7.8
PROP-13263,3 BHK Apartment for sale in Downtown,Austin,Downtown,Apartment,644785.27,1315.0,3,3,1939.0,2025-08-15,Active,4,4.5,490.33,87.0,5.6
PROP-13264,1 BHK Apartment for sale in Brickell,Miami,Brickell,Apartment,1455658.55,2356.0,1,3,1991.0,2025-06-14,Active,8,3.3,617.85,35.0,6.6
PROP-13265,5 BHK Villa for sale in Hyde Park,Chicago,Hyde Park,Villa,606252.11,2542.0,5,4,1987.0,2025-07-02,Pending,5,3.3,238.49,39.0,5.7
PROP-13266,Commercial Space / Office in Hyde Park,Chicago,Hyde Park,Commercial,694339.0,2419.0,0,4,1973.0,2025-06-03,Active,2,3.1,287.04,53.0,4.1
PROP-13267,Commercial Space / Office in Queens,New York,Queens,Commercial,9324410.0,8858.0,0,6,2017.0,2025-11-16,Active,5,3.3,1052.65,9.0,5.7
PROP-13268,Residential plot of 2085 sqft in Lincoln Park,Chicago,Lincoln Park,Plot,1241048.48,2085.0,0,0,1989.5,2025-04-24,Pending,7,4.7,595.23,36.5,7.0
PROP-13269,4 BHK Villa for sale in River North,Chicago,River North,Villa,1862685.92,5216.0,4,2,1986.0,2025-08-23,Sold,9,4.2,357.11,40.0,7.6
PROP-13270,5 BHK Villa for sale in Pacific Heights,San Francisco,Pacific Heights,Villa,10368378.99,4969.0,5,2,1991.0,2025-07-24,Pending,2,4.2,2086.61,35.0,4.8
PROP-13271,Residential plot of 7863 sqft in Little Havana,Miami,Little Havana,Plot,3846597.38,7863.0,0,0,1994.0,2025-01-17,Sold,5,4.3,489.2,32.0,6.0
PROP-13272,6 BHK Villa for sale in Loop,Chicago,Loop,Villa,1609024.05,4116.0,6,3,1981.0,2025-03-26,Pending,6,4.9,390.92,45.0,6.7
PROP-13273,4 BHK Villa for sale in Brooklyn,New York,Brooklyn,Villa,2465411.06,2246.0,4,2,1983.0,2025-05-03,Active,4,4.2,1097.69,43.0,5.7
PROP-13274,1 BHK Apartment for sale in Marina,San Francisco,Marina,Apartment,1702750.06,1469.0,1,3,1987.0,2025-06-03,Active,5,3.2,1159.12,39.0,5.4
PROP-13275,Residential plot of 6167 sqft in South Beach,Miami,South Beach,Plot,3647594.82,6167.0,0,0,1990.0,2024-10-20,Sold,7,4.4,591.47,36.0,7.0
PROP-13276,Residential plot of 9206 sqft in Brooklyn,New York,Brooklyn,Plot,9782160.22,9206.0,0,0,1994.0,2025-11-09,Pending,4,3.7,1062.59,32.0,5.5
PROP-13277,2 BHK Apartment for sale in Downtown,Austin,Downtown,Apartment,864147.47,2084.0,2,2,1945.0,2024-03-09,Sold,6,4.4,414.66,81.0,6.6
PROP-13278,2 BHK Apartment for sale in Brooklyn,New York,Brooklyn,Apartment,1426730.43,1622.0,2,3,2010.0,2025-05-22,Sold,10,4.2,879.61,16.0,8.4
PROP-13279,3 BHK Villa for sale in Hyde Park,Chicago,Hyde Park,Villa,1195013.91,4828.0,3,4,2007.0,2024-06-20,Sold,5,4.2,247.52,19.0,6.2
PROP-13280,1 BHK Apartment for sale in Loop,Chicago,Loop,Apartment,766602.25,2007.0,1,3,2012.0,2024-08-13,Pending,4,3.6,381.96,14.0,5.1
PROP-13281,5 BHK Villa for sale in Marina,San Francisco,Marina,Villa,6306460.85,5849.0,5,3,2014.0,2024-07-08,Active,5,5.0,1078.21,12.0,6.5
PROP-13282,3 BHK Villa for sale in Hyde Park,Chicago,Hyde Park,Villa,602402.54,2113.0,3,3,1989.0,2024-09-30,Sold,9,4.4,285.09,37.0,7.7
PROP-13283,4 BHK Apartment for sale in Pacific Heights,San Francisco,Pacific Heights,Apartment,3981923.81,2147.0,4,2,1943.0,2024-11-04,Sold,9,4.4,1854.65,83.0,7.9
PROP-13284,Commercial Space / Office in Brickell,Miami,Brickell,Commercial,12154428.83,21239.0,0,4,1960.0,2024-03-23,Pending,8,3.0,572.27,66.0,6.6
PROP-13285,3 BHK Villa for sale in Mission District,San Francisco,Mission District,Villa,5748959.69,4031.0,3,4,2016.0,2025-06-07,Sold,7,4.0,1426.19,10.0,6.7
PROP-13286,1 BHK Apartment for sale in Downtown,Austin,Downtown,Apartment,264700.08,541.0,1,3,1933.0,2024-01-08,Active,4,3.2,489.28,93.0,4.9
PROP-13287,Commercial Space / Office in Lincoln Park,Chicago,Lincoln Park,Commercial,5215840.06,9269.0,0,10,1979.0,2024-10-21,Active,6,3.4,562.72,47.0,5.8
PROP-13288,3 BHK Villa for sale in East Austin,Austin,East Austin,Villa,990508.96,2991.0,3,5,1985.0,2025-04-13,Sold,6,4.4,331.16,41.0,6.6
PROP-13289,Commercial Space / Office in Loop,Chicago,Loop,Commercial,3882343.54,12425.0,0,7,1978.0,2024-11-08,Sold,7,3.4,312.46,48.0,6.5
PROP-13290,4 BHK Villa for sale in Mission District,San Francisco,Mission District,Villa,4407148.22,3626.0,4,3,2010.0,2025-09-16,Active,8,4.9,1215.43,16.0,7.8
PROP-13291,3 BHK Villa for sale in East Austin,Austin,East Austin,Villa,1213106.35,3830.0,3,2,2012.0,2024-12-28,Sold,9,4.8,316.74,14.0,8.1
PROP-13292,Commercial Space / Office in Marina,San Francisco,Marina,Commercial,22830170.14,19946.0,0,2,1997.0,2025-11-03,Active,9,4.9,1144.6,29.0,8.0
PROP-13293,Commercial Space / Office in Pacific Heights,San Francisco,Pacific Heights,Commercial,6841131.27,3349.0,0,6,2022.0,2024-08-25,Pending,8,3.4,2042.74,4.0,6.8
PROP-13294,5 BHK Villa for sale in East Austin,Austin,East Austin,Villa,956814.44,2780.0,5,2,2021.0,2025-04-10,Sold,1,4.5,344.18,5.0,4.6
PROP-13295,Residential plot of 9723 sqft in Marina,San Francisco,Marina,Plot,11328307.29,9723.0,0,0,1991.5,2024-04-17,Active,10,4.8,1165.1,34.5,8.3
PROP-13296,Residential plot of 6717 sqft in West Lake Hills,Austin,West Lake Hills,Plot,5018955.0,6717.0,0,0,1990.0,2025-08-18,Sold,3,5.0,747.2,36.0,5.5
PROP-13297,Commercial Space / Office in Marina,San Francisco,Marina,Commercial,9645629.0,13053.0,0,7,2008.0,2025-05-22,Active,5,3.8,738.96,18.0,6.3
PROP-13298,Residential plot of 9835 sqft in South Austin,Austin,South Austin,Plot,4987776.27,9835.0,0,0,1991.0,2025-02-05,Active,2,3.1,507.15,35.0,4.0
PROP-13299,Residential plot of 4278 sqft in Hyde Park,Chicago,Hyde Park,Plot,1160398.88,4278.0,0,0,1993.0,2025-05-17,Active,2,3.8,271.25,33.0,4.7
PROP-13300,2 BHK Apartment for sale in Little Havana,Miami,Little Havana,Apartment,1048542.96,2066.0,2,2,1998.0,2025-02-04,Sold,4,3.7,507.52,28.0,5.3
PROP-13301,Commercial Space / Office in East Austin,Austin,East Austin,Commercial,4581265.87,13333.0,0,9,2014.0,2025-06-22,Sold,3,4.9,343.6,12.0,5.7
PROP-13302,Commercial Space / Office in Bronx,New York,Bronx,Commercial,7236026.52,7107.0,0,4,1967.0,2025-10-20,Pending,6,4.2,1018.15,59.0,6.3
PROP-13303,6 BHK Villa for sale in Queens,New York,Queens,Villa,5730135.36,5424.0,6,5,2018.0,2025-03-21,Pending,3,4.6,1056.44,8.0,5.6
PROP-13304,3 BHK Villa for sale in Manhattan,New York,Manhattan,Villa,6450768.15,3570.0,3,5,2012.0,2024-07-28,Pending,9,4.2,1806.94,14.0,7.6
PROP-13305,Commercial Space / Office in Marina,San Francisco,Marina,Commercial,11383703.48,11759.0,0,3,2019.0,2025-10-14,Active,5,4.2,968.08,7.0,6.2
PROP-13306,Residential plot of 3681 sqft in Coral Gables,Miami,Coral Gables,Plot,3397790.38,3681.0,0,0,1991.0,2025-10-24,Sold,2,3.8,923.06,35.0,4.5
PROP-13307,6 BHK Villa for sale in South Beach,Miami,South Beach,Villa,3292338.97,5025.0,6,3,2021.0,2025-03-13,Pending,10,4.2,655.19,5.0,7.9
PROP-13308,Residential plot of 5207 sqft in Bronx,New York,Bronx,Plot,4262482.96,5207.0,0,0,1993.0,2025-07-26,Sold,4,4.9,818.61,33.0,6.3
PROP-13309,3 BHK Villa for sale in Bronx,New York,Bronx,Villa,2354314.85,2873.0,3,5,2018.0,2025-05-24,Sold,10,4.7,819.46,8.0,8.6
PROP-13310,Residential plot of 3803 sqft in Bronx,New York,Bronx,Plot,3708127.92,3803.0,0,0,1993.0,2024-01-04,Sold,1,3.3,975.05,33.0,3.9
PROP-13311,Commercial Space / Office in River North,Chicago,River North,Commercial,1549119.17,4030.0,0,9,2004.0,2025-07-29,Pending,3,4.7,384.4,22.0,5.4
PROP-13312,3 BHK Villa for sale in Brickell,Miami,Brickell,Villa,2578739.44,3971.0,3,2,1991.0,2025-09-05,Pending,5,4.2,649.39,35.0,5.9
PROP-13313,Commercial Space / Office in East Austin,Austin,East Austin,Commercial,8800408.68,24679.0,0,7,1979.0,2024-02-19,Active,7,3.5,356.6,47.0,6.4
PROP-13314,Commercial Space / Office in River North,Chicago,River North,Commercial,5966864.0,17417.0,0,3,2004.0,2025-07-07,Active,2,4.5,342.59,22.0,5.0
PROP-13315,2 BHK Apartment for sale in River North,Chicago,River North,Apartment,316589.69,866.0,2,1,1923.0,2024-09-12,Pending,5,4.5,365.58,103.0,6.1
PROP-13316,6 BHK Villa for sale in Coral Gables,Miami,Coral Gables,Villa,4253168.75,4554.0,5,3,2020.0,2024-05-31,Active,3,3.7,933.94,6.0,4.8
PROP-13317,Residential plot of 3609 sqft in Marina,San Francisco,Marina,Plot,3835136.76,3609.0,0,0,1991.5,2024-11-16,Pending,6,3.8,1062.66,34.5,6.3
PROP-13318,6 BHK Villa for sale in Coral Gables,Miami,Coral Gables,Villa,2557117.37,3008.0,6,4,2023.0,2024-06-05,Sold,4,4.4,850.11,3.0,5.8
PROP-13319,Commercial Space / Office in Pacific Heights,San Francisco,Pacific Heights,Commercial,44638065.29,13053.0,0,2,1986.0,2025-07-14,Sold,3,3.4,3419.76,40.0,3.9
PROP-13320,5 BHK Villa for sale in Loop,Chicago,Loop,Villa,2092238.89,5258.0,5,5,2014.0,2024-02-25,Pending,9,4.5,397.92,12.0,7.6
PROP-13321,Residential plot of 9869 sqft in River North,Chicago,River North,Plot,3706057.41,9869.0,0,0,1986.0,2024-12-06,Sold,9,4.6,375.53,40.0,7.8
PROP-13322,6 BHK Villa for sale in Little Havana,Miami,Little Havana,Villa,3039268.94,5589.0,6,3,1994.0,2024-01-04,Pending,2,3.5,543.79,32.0,4.2
PROP-13323,3 BHK Apartment for sale in Coral Gables,Miami,Coral Gables,Apartment,2150794.85,2184.0,3,1,1946.0,2024-01-15,Sold,9,4.4,984.8,80.0,7.6
PROP-13324,Residential plot of 2527 sqft in Loop,Chicago,Loop,Plot,768658.77,2527.0,0,0,1991.0,2024-10-18,Pending,7,3.9,304.18,35.0,6.8
PROP-13325,4 BHK Apartment for sale in Downtown,Austin,Downtown,Apartment,1171826.07,2307.0,4,1,1978.0,2024-03-29,Active,5,3.2,507.94,48.0,5.2
PROP-13326,Residential plot of 4742 sqft in Loop,Chicago,Loop,Plot,1573815.84,4742.0,0,0,1991.0,2024-07-28,Active,6,4.8,331.89,35.0,6.8
PROP-13327,Residential plot of 7406 sqft in Marina,San Francisco,Marina,Plot,8456371.55,7406.0,0,0,1991.5,2025-05-17,Pending,2,3.5,1141.83,34.5,4.4
PROP-13328,2 BHK Apartment for sale in Manhattan,New York,Manhattan,Apartment,1239547.44,769.0,2,1,1995.0,2024-03-18,Active,10,4.7,1611.9,31.0,8.5
PROP-13329,4 BHK Villa for sale in Lincoln Park,Chicago,Lincoln Park,Villa,2929682.27,5160.0,4,5,1992.0,2024-12-09,Sold,6,4.7,567.77,34.0,6.6
PROP-13330,3 BHK Villa for sale in Little Havana,Miami,Little Havana,Villa,2365104.1,4908.0,3,3,2010.0,2024-07-19,Sold,5,4.1,481.89,16.0,6.0
PROP-13331,3 BHK Apartment for sale in Brooklyn,New York,Brooklyn,Apartment,2260853.72,1741.0,3,2,2020.0,2024-05-07,Sold,10,4.2,1298.59,6.0,7.9
PROP-13332,3 BHK Villa for sale in West Lake Hills,Austin,West Lake Hills,Villa,1445621.81,2395.0,3,3,2018.0,2025-07-03,Sold,2,3.0,603.6,8.0,4.3
PROP-13333,Residential plot of 6823 sqft in River North,Chicago,River North,Plot,2060702.55,6823.0,0,0,1986.0,2025-05-28,Pending,9,4.3,302.02,40.0,7.9
PROP-13334,4 BHK Apartment for sale in Bronx,New York,Bronx,Apartment,963713.72,992.0,4,3,1987.0,2025-09-12,Pending,10,4.5,971.49,39.0,8.2
PROP-13335,Residential plot of 6658 sqft in Loop,Chicago,Loop,Plot,2455833.67,6658.0,0,0,1991.0,2024-05-15,Sold,9,4.0,368.85,35.0,7.4
PROP-13336,1 BHK Apartment for sale in Lincoln Park,Chicago,Lincoln Park,Apartment,466535.64,970.0,1,1,1994.0,2024-07-26,Pending,8,3.1,480.96,32.0,6.7
PROP-13337,4 BHK Villa for sale in Marina,San Francisco,Marina,Villa,5775471.28,4861.0,4,3,1988.0,2025-06-16,Sold,5,4.5,1188.12,38.0,6.1
PROP-13338,1 BHK Apartment for sale in South Austin,Austin,South Austin,Apartment,929848.4,1875.0,1,1,2015.0,2024-11-29,Pending,5,4.3,495.92,11.0,6.0
PROP-13339,Commercial Space / Office in Manhattan,New York,Manhattan,Commercial,1854549.13,1115.0,0,9,1966.0,2025-05-08,Sold,10,4.9,1663.27,60.0,8.6
PROP-13340,3 BHK Villa for sale in Loop,Chicago,Loop,Villa,1036343.83,3208.0,3,4,1982.0,2024-07-01,Pending,1,3.6,323.05,44.0,4.2
PROP-13341,Commercial Space / Office in Pacific Heights,San Francisco,Pacific Heights,Commercial,22982376.83,9974.0,0,7,1983.0,2024-03-27,Active,5,3.5,2304.23,43.0,5.5
PROP-13342,Residential plot of 5808 sqft in River North,Chicago,River North,Plot,1971438.44,5808.0,0,0,1986.0,2025-09-16,Sold,4,4.2,339.43,40.0,5.7
PROP-13343,Residential plot of 2399 sqft in Downtown,Austin,Downtown,Plot,1203895.0,2399.0,0,0,1988.0,2025-08-15,Active,10,5.0,501.83,38.0,8.3
PROP-13344,4 BHK Villa for sale in Little Havana,Miami,Little Havana,Villa,1741759.53,3671.0,4,4,2004.0,2024-08-24,Sold,7,3.6,474.46,22.0,6.5
PROP-13345,Commercial Space / Office in South Austin,Austin,South Austin,Commercial,12111299.97,24547.0,0,9,2003.0,2024-08-06,Active,8,3.3,493.39,23.0,6.6
PROP-13346,6 BHK Villa for sale in Brooklyn,New York,Brooklyn,Villa,2147176.36,1843.0,6,2,2013.0,2025-09-21,Pending,1,3.7,1165.04,13.0,4.2
PROP-13347,6 BHK Villa for sale in West Lake Hills,Austin,West Lake Hills,Villa,1563659.83,2483.0,6,2,1992.0,2024-08-15,Sold,2,3.3,629.75,34.0,4.4
PROP-13348,Commercial Space / Office in Little Havana,Miami,Little Havana,Commercial,1152636.11,2557.0,0,6,2006.0,2024-10-31,Active,5,3.3,450.78,20.0,5.5
PROP-13349,Commercial Space / Office in Loop,Chicago,Loop,Commercial,3382846.34,9069.0,0,2,2016.0,2025-03-25,Pending,7,4.8,373.01,10.0,7.1
PROP-13350,Commercial Space / Office in Mission District,San Francisco,Mission District,Commercial,21763843.38,16145.0,0,6,1990.0,2025-09-09,Pending,8,4.5,1348.02,36.0,7.4
PROP-13351,Residential plot of 3886 sqft in South Austin,Austin,South Austin,Plot,1930507.39,3886.0,0,0,1991.0,2025-11-14,Pending,2,3.3,496.79,35.0,4.1
PROP-13352,Commercial Space / Office in Pacific Heights,San Francisco,Pacific Heights,Commercial,48604874.96,22584.0,0,10,1964.0,2024-02-08,Sold,2,4.2,2152.18,62.0,4.8
PROP-13353,6 BHK Villa for sale in Bronx,New York,Bronx,Villa,3723957.57,4451.0,6,4,2013.0,2025-01-22,Pending,8,3.1,836.66,13.0,6.8
PROP-13354,3 BHK Apartment for sale in Little Havana,Miami,Little Havana,Apartment,253420.79,552.0,3,2,1994.0,2024-05-11,Sold,8,4.0,459.1,32.0,7.2
PROP-13355,2 BHK Apartment for sale in Little Havana,Miami,Little Havana,Apartment,791643.02,1858.0,2,1,1968.0,2024-02-01,Active,9,4.8,426.07,58.0,8.2
PROP-13356,1 BHK Apartment for sale in South Austin,Austin,South Austin,Apartment,777595.96,1705.0,1,2,1966.0,2025-08-02,Active,9,4.2,456.07,60.0,7.6
PROP-13357,4 BHK Apartment for sale in East Austin,Austin,East Austin,Apartment,628929.91,1816.0,4,2,1921.0,2025-06-09,Pending,10,4.3,346.33,105.0,8.1
PROP-13358,3 BHK Villa for sale in Brickell,Miami,Brickell,Villa,3073206.91,5806.0,3,3,1987.0,2025-07-09,Pending,1,3.3,529.32,39.0,4.1
PROP-13359,Commercial Space / Office in West Lake Hills,Austin,West Lake Hills,Commercial,14537184.69,24387.0,0,9,1995.0,2025-01-09,Sold,9,5.0,596.1,31.0,8.3
PROP-13360,Commercial Space / Office in SOMA,San Francisco,SOMA,Commercial,14322836.62,10335.0,0,5,1978.0,2024-10-15,Active,7,4.3,1385.86,48.0,6.9
PROP-13361,3 BHK Apartment for sale in West Lake Hills,Austin,West Lake Hills,Apartment,1424038.0,2071.0,3,2,1971.0,2024-03-19,Active,10,4.2,687.61,55.0,8.0
PROP-13362,3 BHK Villa for sale in Bronx,New York,Bronx,Villa,4682209.08,4920.0,3,4,2020.0,2024-01-18,Sold,1,3.3,951.67,6.0,3.9
PROP-13363,Commercial Space / Office in Mission District,San Francisco,Mission District,Commercial,21186923.56,13952.0,0,7,2010.0,2024-06-05,Pending,6,4.3,1518.56,16.0,6.3
PROP-13364,Residential plot of 1369 sqft in Marina,San Francisco,Marina,Plot,1610483.77,1369.0,0,0,1991.5,2025-06-19,Pending,6,3.9,1176.39,34.5,6.2
PROP-13365,Residential plot of 8405 sqft in Lincoln Park,Chicago,Lincoln Park,Plot,4516033.02,8405.0,0,0,1989.5,2025-09-01,Sold,3,4.1,537.3,36.5,5.2
PROP-13366,4 BHK Villa for sale in Brooklyn,New York,Brooklyn,Villa,6505239.9,5098.0,4,2,2005.0,2025-09-26,Sold,8,3.4,1276.04,21.0,6.6
PROP-13367,Commercial Space / Office in West Lake Hills,Austin,West Lake Hills,Commercial,12910395.04,18472.0,0,3,2003.0,2024-12-30,Pending,1,4.2,698.92,23.0,4.4
PROP-13368,Commercial Space / Office in Downtown,Austin,Downtown,Commercial,7228844.43,14735.0,0,5,2012.0,2024-10-13,Active,5,3.2,490.59,14.0,5.3
PROP-13369,Commercial Space / Office in River North,Chicago,River North,Commercial,6125675.18,15907.0,0,10,2004.0,2024-09-01,Active,7,4.8,385.09,22.0,7.0
PROP-13370,Commercial Space / Office in Pacific Heights,San Francisco,Pacific Heights,Commercial,10566986.37,5139.0,0,2,1962.0,2025-07-23,Pending,3,3.8,2056.23,64.0,5.1
PROP-13371,2 BHK Apartment for sale in West Lake Hills,Austin,West Lake Hills,Apartment,1223864.35,1767.0,2,3,2018.0,2024-09-18,Pending,2,4.2,692.62,8.0,4.8
PROP-13372,4 BHK Villa for sale in River North,Chicago,River North,Villa,1466962.93,4516.0,4,2,1982.0,2025-01-18,Sold,9,4.5,324.84,44.0,7.9
PROP-13373,Residential plot of 8401 sqft in Manhattan,New York,Manhattan,Plot,14240763.76,8401.0,0,0,1991.0,2024-04-28,Active,3,3.2,1695.13,35.0,4.7
PROP-13374,Commercial Space / Office in Mission District,San Francisco,Mission District,Commercial,4207332.96,3217.0,0,9,1961.0,2025-03-15,Pending,1,4.9,1307.84,65.0,4.9
PROP-13375,4 BHK Apartment for sale in Little Havana,Miami,Little Havana,Apartment,1054408.44,2457.0,4,2,1933.0,2024-02-11,Sold,6,4.2,429.14,93.0,6.6
PROP-13376,Residential plot of 4680 sqft in Bronx,New York,Bronx,Plot,4387563.69,4680.0,0,0,1993.0,2025-02-21,Active,3,4.9,937.51,33.0,5.7
PROP-13377,1 BHK Apartment for sale in Manhattan,New York,Manhattan,Apartment,3894518.22,2256.0,1,3,2009.0,2025-08-07,Active,10,4.5,1726.29,17.0,8.2
PROP-13378,Commercial Space / Office in Brickell,Miami,Brickell,Commercial,955871.42,1507.0,0,9,1996.0,2024-11-05,Pending,5,3.6,634.29,30.0,5.6
PROP-13379,4 BHK Villa for sale in Loop,Chicago,Loop,Villa,1433509.0,3622.0,4,3,2017.0,2025-09-27,Active,10,4.4,395.78,9.0,8.0
PROP-13380,3 BHK Villa for sale in South Beach,Miami,South Beach,Villa,2984139.03,5699.0,3,4,2022.0,2024-04-27,Sold,10,4.7,523.63,4.0,8.5
PROP-13381,4 BHK Villa for sale in Lincoln Park,Chicago,Lincoln Park,Villa,2401008.36,4020.0,4,2,1985.0,2025-01-09,Pending,3,4.0,597.27,41.0,4.9
PROP-13382,Residential plot of 3565 sqft in Lincoln Park,Chicago,Lincoln Park,Plot,1877591.35,3565.0,0,0,1989.5,2024-12-09,Sold,4,4.9,526.67,36.5,6.1
PROP-13383,4 BHK Villa for sale in Coral Gables,Miami,Coral Gables,Villa,3882580.79,3967.0,4,4,1996.0,2024-09-26,Sold,7,3.9,978.72,30.0,6.4
PROP-13384,Commercial Space / Office in Mission District,San Francisco,Mission District,Commercial,26596326.97,18707.0,0,8,1964.0,2025-07-28,Pending,10,4.2,1421.73,62.0,7.9
PROP-13385,Residential plot of 9384 sqft in West Lake Hills,Austin,West Lake Hills,Plot,5716388.41,9384.0,0,0,1990.0,2025-06-23,Sold,7,4.2,609.16,36.0,7.0
PROP-13386,Residential plot of 9491 sqft in Loop,Chicago,Loop,Plot,3539575.0,9491.0,0,0,1991.0,2025-03-28,Active,5,3.3,372.94,35.0,5.3
PROP-13387,Commercial Space / Office in Loop,Chicago,Loop,Commercial,6226530.61,19635.0,0,7,1997.0,2025-05-04,Sold,3,4.6,317.11,29.0,5.6
PROP-13388,1 BHK Apartment for sale in West Lake Hills,Austin,West Lake Hills,Apartment,547375.76,793.0,1,3,1949.0,2024-07-04,Sold,2,3.8,690.26,77.0,4.6
PROP-13389,2 BHK Apartment for sale in Pacific Heights,San Francisco,Pacific Heights,Apartment,2874951.76,1355.0,2,1,1922.0,2024-01-14,Active,1,4.5,2121.74,104.0,4.6
PROP-13390,2 BHK Apartment for sale in Brickell,Miami,Brickell,Apartment,1117795.11,2140.0,2,1,2006.0,2025-06-12,Active,1,4.0,522.33,20.0,4.5
PROP-13391,1 BHK Apartment for sale in Marina,San Francisco,Marina,Apartment,2938307.0,2372.0,1,2,1938.0,2025-06-03,Pending,9,4.7,1238.75,88.0,7.8
PROP-13392,Commercial Space / Office in Hyde Park,Chicago,Hyde Park,Commercial,646415.6,2128.0,0,9,1993.0,2024-06-01,Sold,10,4.2,303.77,33.0,7.9
PROP-13393,Residential plot of 6875 sqft in Hyde Park,Chicago,Hyde Park,Plot,1782213.03,6875.0,0,0,1993.0,2024-06-23,Active,5,3.5,259.23,33.0,5.7
PROP-13394,1 BHK Apartment for sale in East Austin,Austin,East Austin,Apartment,743304.45,1797.0,1,2,1932.0,2025-06-19,Pending,9,4.1,413.64,94.0,7.3
PROP-13395,6 BHK Villa for sale in Loop,Chicago,Loop,Villa,1280679.62,3855.0,6,5,2011.0,2025-06-07,Sold,2,4.5,332.21,15.0,5.1
PROP-13396,1 BHK Apartment for sale in Manhattan,New York,Manhattan,Apartment,1415611.26,809.0,1,3,1986.0,2025-05-06,Pending,9,5.0,1749.83,40.0,8.1
PROP-13397,Residential plot of 1309 sqft in Downtown,Austin,Downtown,Plot,587900.64,1309.0,0,0,1988.0,2025-10-09,Pending,8,3.2,449.12,38.0,6.6
PROP-13398,Commercial Space / Office in SOMA,San Francisco,SOMA,Commercial,4362466.25,3136.0,0,2,1967.0,2024-10-05,Pending,5,4.9,1391.09,59.0,6.4
PROP-13399,Commercial Space / Office in Brooklyn,New York,Brooklyn,Commercial,20861536.31,16977.0,0,5,2004.0,2025-06-25,Active,6,4.1,1228.81,22.0,6.4
PROP-13400,3 BHK Villa for sale in East Austin,Austin,East Austin,Villa,1265207.85,3654.0,3,5,2018.0,2024-10-01,Active,3,3.6,346.25,8.0,4.9
PROP-13402,Residential plot of 4571 sqft in West Lake Hills,Austin,West Lake Hills,Plot,3353610.15,4571.0,0,0,1990.0,2024-06-15,Active,4,4.9,733.67,36.0,5.9
PROP-13403,3 BHK Apartment for sale in East Austin,Austin,East Austin,Apartment,429552.47,1304.0,3,1,1963.0,2025-06-11,Sold,4,3.0,329.41,63.0,5.0
PROP-13404,3 BHK Villa for sale in Lincoln Park,Chicago,Lincoln Park,Villa,1860954.98,3349.0,3,3,1982.0,2024-12-28,Sold,6,3.9,555.67,44.0,6.1
PROP-13405,Commercial Space / Office in Manhattan,New York,Manhattan,Commercial,39919010.0,20057.0,0,3,2016.0,2025-03-17,Active,9,4.9,1990.28,10.0,7.9
PROP-13406,Commercial Space / Office in Downtown,Austin,Downtown,Commercial,3690169.7,13333.0,0,7,1962.0,2024-05-03,Sold,7,4.2,276.77,64.0,7.4
PROP-13407,Commercial Space / Office in Coral Gables,Miami,Coral Gables,Commercial,8437633.25,8541.0,0,8,1986.0,2025-11-10,Active,4,3.7,987.9,40.0,5.2
PROP-13408,4 BHK Villa for sale in Mission District,San Francisco,Mission District,Villa,3138698.65,2368.0,4,2,2024.0,2024-01-21,Active,10,4.9,1325.46,2.0,8.5
PROP-13409,3 BHK Villa for sale in Queens,New York,Queens,Villa,4391162.82,3577.0,3,4,2009.0,2025-04-06,Sold,9,4.3,1227.61,17.0,7.6
PROP-13410,Commercial Space / Office in Pacific Heights,San Francisco,Pacific Heights,Commercial,35814534.58,16625.0,0,5,1975.0,2024-01-11,Sold,1,3.5,2154.26,51.0,4.0
PROP-13411,3 BHK Villa for sale in South Austin,Austin,South Austin,Villa,989649.0,2182.0,3,3,2020.0,2025-10-06,Sold,5,3.0,453.55,6.0,5.3
PROP-13412,Residential plot of 5970 sqft in South Beach,Miami,South Beach,Plot,3459946.02,5970.0,0,0,1990.0,2025-03-02,Sold,6,3.9,579.56,36.0,6.3
PROP-13413,Commercial Space / Office in Marina,San Francisco,Marina,Commercial,3939618.09,3656.0,0,6,1975.0,2024-09-02,Pending,5,3.9,1077.58,51.0,5.9
PROP-13414,4 BHK Apartment for sale in River North,Chicago,River North,Apartment,687653.62,1751.0,4,2,2020.0,2025-08-14,Active,3,3.8,392.72,6.0,4.8
PROP-13415,4 BHK Apartment for sale in East Austin,Austin,East Austin,Apartment,752680.87,2453.0,4,2,1975.0,2024-09-13,Pending,5,4.3,306.84,51.0,6.3
PROP-13416,Residential plot of 2089 sqft in River North,Chicago,River North,Plot,656669.19,2089.0,0,0,1986.0,2024-10-25,Active,6,4.2,314.35,40.0,6.6
PROP-13417,Commercial Space / Office in Queens,New York,Queens,Commercial,6587727.0,6406.0,0,6,1970.0,2024-05-31,Pending,3,4.6,1028.37,56.0,5.7
PROP-13418,4 BHK Apartment for sale in Brickell,Miami,Brickell,Apartment,862188.65,1448.0,4,3,1985.0,2024-10-22,Sold,4,4.9,595.43,41.0,6.1
PROP-13419,Commercial Space / Office in Marina,San Francisco,Marina,Commercial,11727029.05,9324.0,0,9,1992.0,2025-08-29,Sold,6,4.8,1257.73,34.0,6.6
PROP-13420,Residential plot of 2726 sqft in East Austin,Austin,East Austin,Plot,1119562.75,2726.0,0,0,1994.0,2024-09-11,Active,5,3.5,410.7,32.0,5.4
PROP-13421,3 BHK Apartment for sale in Coral Gables,Miami,Coral Gables,Apartment,2278186.52,2243.0,3,3,1935.0,2024-11-01,Active,6,4.5,1015.69,91.0,6.4
PROP-13422,3 BHK Apartment for sale in Hyde Park,Chicago,Hyde Park,Apartment,331533.0,1168.0,3,1,1987.0,2025-03-14,Pending,9,4.3,283.85,39.0,7.7
PROP-13423,5 BHK Villa for sale in Little Havana,Miami,Little Havana,Villa,1115133.26,2176.0,5,5,2006.0,2024-03-04,Pending,7,4.1,512.47,20.0,6.7
PROP-13424,Residential plot of 5289 sqft in Brooklyn,New York,Brooklyn,Plot,6602828.24,5289.0,0,0,1994.0,2025-11-23,Pending,3,4.8,1248.41,32.0,5.5
PROP-13425,4 BHK Villa for sale in Lincoln Park,Chicago,Lincoln Park,Villa,942151.86,2090.0,4,2,1987.0,2024-12-20,Sold,9,4.6,450.79,39.0,8.1
PROP-13426,Commercial Space / Office in South Austin,Austin,South Austin,Commercial,7107906.66,15320.0,0,5,1979.0,2025-03-01,Active,6,4.5,463.96,47.0,6.6
PROP-13427,Residential plot of 7820 sqft in East Austin,Austin,East Austin,Plot,3237202.14,5612.0,0,0,1994.0,2024-08-15,Sold,4,4.2,576.84,32.0,4.7
PROP-13428,6 BHK Villa for sale in Manhattan,New York,Manhattan,Villa,8964994.58,5806.0,6,3,2015.0,2024-02-04,Sold,10,4.6,1544.09,11.0,8.5
PROP-13429,Commercial Space / Office in Loop,Chicago,Loop,Commercial,6991951.79,17690.0,0,10,1979.0,2024-07-19,Pending,6,3.1,395.25,47.0,5.6
PROP-13430,3 BHK Apartment for sale in Lincoln Park,Chicago,Lincoln Park,Apartment,1102220.53,2230.0,3,1,1966.0,2025-09-02,Pending,10,4.5,494.27,60.0,8.3
PROP-13431,Residential plot of 2480 sqft in Marina,San Francisco,Marina,Plot,3043548.31,2480.0,0,0,1991.5,2024-12-10,Sold,6,4.2,1227.24,34.5,6.3
PROP-13432,1 BHK Apartment for sale in SOMA,San Francisco,SOMA,Apartment,650929.8,522.0,1,3,1997.0,2025-11-03,Pending,3,4.7,1246.99,29.0,5.7
PROP-13433,Commercial Space / Office in Downtown,Austin,Downtown,Commercial,1740283.23,4004.0,0,6,1970.0,2025-03-05,Pending,6,3.8,434.64,56.0,6.2
PROP-13434,2 BHK Apartment for sale in Manhattan,New York,Manhattan,Apartment,3608429.74,1793.0,2,3,1970.0,2025-09-24,Pending,10,4.8,2012.51,56.0,8.2
PROP-13435,1 BHK Apartment for sale in Hyde Park,Chicago,Hyde Park,Apartment,454787.58,1500.0,1,1,1966.0,2025-03-28,Pending,7,3.7,303.19,60.0,6.4
PROP-13436,1 BHK Apartment for sale in South Beach,Miami,South Beach,Apartment,1296115.7,2392.0,1,1,1952.0,2024-03-14,Pending,10,4.0,541.85,74.0,8.0
PROP-13437,Residential plot of 2591 sqft in River North,Chicago,River North,Plot,806007.67,2591.0,0,0,1986.0,2025-05-30,Pending,3,3.2,311.08,40.0,4.8
PROP-13438,Residential plot of 5706 sqft in South Austin,Austin,South Austin,Plot,2939457.89,5706.0,0,0,1991.0,2025-04-29,Sold,2,3.4,515.15,35.0,4.1
PROP-13439,4 BHK Villa for sale in Coral Gables,Miami,Coral Gables,Villa,3163332.79,3729.0,4,5,1991.0,2024-11-09,Pending,1,4.2,848.31,35.0,4.5
PROP-13440,4 BHK Villa for sale in Loop,Chicago,Loop,Villa,1413793.48,4044.0,4,4,1989.0,2024-10-26,Sold,4,3.6,349.6,37.0,5.3
PROP-13442,Residential plot of 3686 sqft in South Beach,Miami,South Beach,Plot,2009509.74,3686.0,0,0,1990.0,2025-07-28,Pending,3,4.0,545.17,36.0,5.3
PROP-13443,4 BHK Villa for sale in Downtown,Austin,Downtown,Villa,2154864.85,4492.0,4,3,2000.0,2025-08-12,Pending,8,3.9,479.71,26.0,6.9
PROP-13444,Residential plot of 1882 sqft in Brooklyn,New York,Brooklyn,Plot,2495202.91,1882.0,0,0,1994.0,2024-07-11,Active,5,3.2,1325.83,32.0,5.3
PROP-13445,Residential plot of 8235 sqft in East Austin,Austin,East Austin,Plot,3195554.72,8235.0,0,0,1994.0,2024-08-25,Active,1,3.1,388.05,32.0,3.6
PROP-13446,Commercial Space / Office in River North,Chicago,River North,Commercial,4460448.27,13175.0,0,3,1986.0,2024-12-27,Sold,2,4.6,338.55,40.0,5.1
PROP-13447,1 BHK Apartment for sale in Marina,San Francisco,Marina,Apartment,2866076.48,2278.0,1,2,1981.0,2024-06-12,Active,3,4.2,1258.15,45.0,5.1
PROP-13448,Commercial Space / Office in Hyde Park,Chicago,Hyde Park,Commercial,3089184.36,10522.0,0,3,1995.0,2024-12-07,Active,1,4.2,293.59,31.0,4.3
PROP-13449,4 BHK Apartment for sale in Coral Gables,Miami,Coral Gables,Apartment,1961141.99,2058.0,4,3,1933.0,2025-08-28,Sold,10,4.5,952.94,93.0,8.1
PROP-13450,Commercial Space / Office in Little Havana,Miami,Little Havana,Commercial,5314350.0,11927.0,0,9,2018.0,2025-08-21,Active,7,4.2,445.57,8.0,6.9
PROP-13451,Commercial Space / Office in Little Havana,Miami,Little Havana,Commercial,2113450.88,4874.0,0,8,1995.0,2024-07-25,Pending,3,4.3,433.62,31.0,5.4
PROP-13452,Residential plot of 7536 sqft in East Austin,Austin,East Austin,Plot,2724513.17,7536.0,0,0,1994.0,2025-08-22,Active,2,4.1,361.53,32.0,4.7
PROP-13453,Residential plot of 6249 sqft in River North,Chicago,River North,Plot,1935670.78,6249.0,0,0,1986.0,2024-09-15,Pending,7,3.9,309.76,40.0,6.8
PROP-13454,1 BHK Apartment for sale in Coral Gables,Miami,Coral Gables,Apartment,859647.95,893.0,1,1,2017.0,2024-07-07,Sold,4,4.2,962.65,9.0,5.5
PROP-13455,4 BHK Apartment for sale in Coral Gables,Miami,Coral Gables,Apartment,615804.97,717.0,4,3,1957.0,2025-10-02,Sold,5,4.8,858.86,69.0,6.4
PROP-13456,5 BHK Villa for sale in Brickell,Miami,Brickell,Villa,1867395.92,2744.0,5,5,2005.0,2024-02-22,Sold,7,4.7,680.54,21.0,6.9
PROP-13457,4 BHK Villa for sale in Pacific Heights,San Francisco,Pacific Heights,Villa,11851933.38,5288.0,4,2,1991.0,2025-07-16,Active,3,4.4,2241.29,35.0,5.2
PROP-13458,Residential plot of 4504 sqft in East Austin,Austin,East Austin,Plot,1846778.16,4504.0,0,0,1994.0,2024-09-03,Sold,4,3.9,410.03,32.0,5.2
PROP-13459,Commercial Space / Office in Brooklyn,New York,Brooklyn,Commercial,20721648.7,19470.0,0,6,1993.0,2025-03-28,Active,5,4.9,1064.29,33.0,6.7
PROP-13460,Commercial Space / Office in South Beach,Miami,South Beach,Commercial,10736309.02,15810.0,0,10,2009.0,2024-02-06,Pending,5,3.0,679.08,17.0,5.1
PROP-13461,1 BHK Apartment for sale in Marina,San Francisco,Marina,Apartment,1735044.0,1475.0,1,1,1960.0,2024-11-03,Pending,5,3.5,1176.3,66.0,5.6
PROP-13462,Commercial Space / Office in Brooklyn,New York,Brooklyn,Commercial,2340058.0,2154.0,0,2,1997.0,2024-12-14,Sold,5,3.3,1086.38,29.0,5.7
PROP-13463,3 BHK Villa for sale in South Beach,Miami,South Beach,Villa,1884823.03,3340.0,3,5,1990.0,2025-07-08,Sold,6,4.8,564.32,36.0,6.9
PROP-13464,Residential plot of 9494 sqft in Brickell,Miami,Brickell,Plot,5472134.19,9494.0,0,0,1995.5,2025-07-21,Pending,5,4.0,576.38,30.5,6.0
PROP-13465,6 BHK Villa for sale in Hyde Park,Chicago,Hyde Park,Villa,981119.44,3200.0,6,4,1990.0,2024-01-09,Pending,8,3.2,306.6,36.0,6.4
PROP-13466,Commercial Space / Office in East Austin,Austin,East Austin,Commercial,1297504.97,3780.0,0,4,1977.0,2024-03-26,Sold,1,4.6,343.26,49.0,4.7
PROP-13467,Commercial Space / Office in South Beach,Miami,South Beach,Commercial,10260756.71,15952.0,0,8,1971.0,2024-01-24,Pending,10,4.7,643.23,55.0,8.2
PROP-13468,1 BHK Apartment for sale in Mission District,San Francisco,Mission District,Apartment,1373870.34,899.0,1,2,1928.0,2025-08-28,Pending,4,3.4,1528.22,98.0,5.0
PROP-13469,3 BHK Villa for sale in Little Havana,Miami,Little Havana,Villa,2605709.0,5026.0,3,5,1994.0,2025-04-13,Active,8,4.3,518.45,32.0,7.2
PROP-13470,6 BHK Villa for sale in East Austin,Austin,East Austin,Villa,1357515.01,3526.0,6,4,1998.0,2025-05-01,Sold,2,4.3,385.0,28.0,4.8
PROP-13471,Residential plot of 8594 sqft in Mission District,San Francisco,Mission District,Plot,12595087.84,8594.0,0,0,1994.0,2024-03-20,Pending,7,4.2,1465.57,32.0,6.7
PROP-13472,4 BHK Villa for sale in Brooklyn,New York,Brooklyn,Villa,5558086.0,4191.0,4,5,1987.0,2024-08-13,Active,5,4.0,1326.2,39.0,5.7
PROP-13473,3 BHK Apartment for sale in Pacific Heights,San Francisco,Pacific Heights,Apartment,3574986.52,1983.0,3,1,2021.0,2025-05-28,Sold,10,4.2,1802.82,5.0,8.2
PROP-13474,Commercial Space / Office in West Lake Hills,Austin,West Lake Hills,Commercial,6019198.33,8150.0,0,9,1965.0,2024-02-13,Active,1,3.8,738.55,61.0,4.1
PROP-13475,Commercial Space / Office in Little Havana,Miami,Little Havana,Commercial,6679009.12,14263.0,0,9,1982.0,2025-01-22,Pending,7,3.8,468.28,44.0,6.6
PROP-13476,Residential plot of 4481 sqft in Downtown,Austin,Downtown,Plot,1814420.72,4481.0,0,0,1988.0,2024-05-25,Pending,7,4.5,404.91,38.0,7.2
PROP-13477,Residential plot of 2557 sqft in South Austin,Austin,South Austin,Plot,982608.0,2557.0,0,0,1991.0,2024-10-17,Active,6,4.9,384.28,35.0,7.1
PROP-13478,Residential plot of 5797 sqft in Brooklyn,New York,Brooklyn,Plot,6748381.56,5797.0,0,0,1994.0,2024-02-28,Sold,2,4.1,1164.12,32.0,4.8
PROP-13479,Residential plot of 9829 sqft in Loop,Chicago,Loop,Plot,3147701.0,9829.0,0,0,1991.0,2024-09-18,Sold,1,4.0,320.25,35.0,4.4
PROP-13480,Residential plot of 4432 sqft in Pacific Heights,San Francisco,Pacific Heights,Plot,10454092.94,4432.0,0,0,1991.0,2024-10-08,Sold,10,4.2,2358.78,35.0,7.8
PROP-13481,1 BHK Apartment for sale in Coral Gables,Miami,Coral Gables,Apartment,2055272.46,2120.0,1,1,2021.0,2024-04-09,Sold,6,4.1,969.47,5.0,6.2
PROP-13482,Commercial Space / Office in Little Havana,Miami,Little Havana,Commercial,6321535.52,12077.0,0,7,2018.0,2025-01-23,Active,9,4.6,523.44,8.0,7.7
PROP-13483,5 BHK Villa for sale in Pacific Heights,San Francisco,Pacific Heights,Villa,5310992.2,2380.0,5,4,2024.0,2024-05-04,Active,2,4.3,2231.51,2.0,4.7
PROP-13484,Commercial Space / Office in Queens,New York,Queens,Commercial,16086369.45,13431.0,0,3,1967.0,2025-05-04,Active,6,3.4,1197.7,59.0,6.0
PROP-13485,Commercial Space / Office in East Austin,Austin,East Austin,Commercial,1233178.91,3883.0,0,5,2002.0,2024-04-30,Active,3,3.6,317.58,24.0,5.0
PROP-13486,Commercial Space / Office in South Beach,Miami,South Beach,Commercial,2197723.54,3564.0,0,7,1974.0,2024-09-21,Pending,3,3.2,616.65,52.0,4.6
PROP-13487,Residential plot of 7099 sqft in East Austin,Austin,East Austin,Plot,2340862.56,7099.0,0,0,1994.0,2024-07-23,Active,1,4.0,329.75,32.0,4.4
PROP-13488,6 BHK Villa for sale in Pacific Heights,San Francisco,Pacific Heights,Villa,8875241.03,3803.0,6,4,1984.0,2024-12-24,Active,1,3.9,2333.75,42.0,4.0
PROP-13489,3 BHK Apartment for sale in Marina,San Francisco,Marina,Apartment,1048137.98,906.0,3,3,1982.0,2024-12-12,Active,1,4.4,1156.89,44.0,4.5
PROP-13490,6 BHK Villa for sale in Coral Gables,Miami,Coral Gables,Villa,4186570.56,5290.0,6,5,1992.0,2024-08-06,Sold,7,4.5,791.41,34.0,7.1
PROP-13491,3 BHK Apartment for sale in Loop,Chicago,Loop,Apartment,224886.74,671.0,3,1,2010.0,2024-07-14,Active,10,4.9,335.15,16.0,8.5
PROP-13492,Commercial Space / Office in South Beach,Miami,South Beach,Commercial,12089348.06,21477.0,0,8,1960.0,2024-06-28,Pending,7,3.6,562.9,66.0,6.6
PROP-13493,5 BHK Villa for sale in Pacific Heights,San Francisco,Pacific Heights,Villa,5930183.67,3071.0,5,4,1988.0,2024-11-28,Pending,9,4.2,1931.03,38.0,7.7
PROP-13494,Commercial Space / Office in Little Havana,Miami,Little Havana,Commercial,7556471.82,14837.0,0,5,1994.0,2024-08-23,Sold,3,4.2,509.3,32.0,5.1
PROP-13495,Residential plot of 1243 sqft in East Austin,Austin,East Austin,Plot,495800.91,1243.0,0,0,1994.0,2025-11-10,Sold,9,4.9,398.87,32.0,7.9
PROP-13496,5 BHK Villa for sale in Coral Gables,Miami,Coral Gables,Villa,4400996.22,5177.0,5,4,1998.0,2024-05-13,Active,10,4.3,850.11,28.0,8.1
PROP-13497,Residential plot of 8712 sqft in Marina,San Francisco,Marina,Plot,8764490.0,8712.0,0,0,1991.5,2024-04-08,Sold,5,4.7,1006.03,34.5,6.5
PROP-13498,3 BHK Villa for sale in Loop,Chicago,Loop,Villa,1527659.31,4888.0,3,5,2021.0,2025-06-08,Active,9,4.3,312.53,5.0,7.9
PROP-13499,Residential plot of 3879 sqft in Queens,New York,Queens,Plot,5250059.32,3879.0,0,0,1988.0,2025-09-14,Active,3,3.2,1353.46,38.0,4.4
