Property_ID,Title,City,Locality,Property_Type,Price_USD,Area_SqFt,Bedrooms,Bathrooms,Year_Built,Listing_Date,Status,Demand_Score,Customer_Rating
PROP-11208,Residential plot of 6206 sqft in South Austin,AUSTIN,South Austin,Plot,Contact Agent,6206,,,,2024-08-02,Active,2,4.2
PROP-12159,2 BHK Apartment for sale in Brooklyn,NY,Brooklyn,Apt,2095332.63293979,2044,2.0,1.0,2013.0,2024-01-19,Sold,10,4.0
PROP-12529,Residential plot of 7225 sqft in Bronx,New York,Bronx,Plot,7411244.419574636,7225,,,,2025-10-08,Active,4,3.1
PROP-11660,Commercial Space / Office in Downtown,Austin,Downtown,Office,8824517.58744521,20055,,4.0,2007.0,2025-01-29,Pending,7,4.3
PROP-11502,Residential plot of 3798 sqft in East Austin,Austin,East Austin,Plot,1560528.1842207524,3798,,,,2025/07/21,Pending,6,4.6
PROP-10237,1 BHK Apartment for sale in Little Havana,miami,Little Havana,apartment,761089.8381062712,1474,1.0,3.0,1984.0,2024-04-05,Active,10,4.0
PROP-12413,4 BHK Apartment for sale in Marina,SAN FRANCISCO,Marina,apartment,1935938.1257386778,1748,4.0,1.0,1935.0,19/06/2024,Active,4,3.3
PROP-10318,Commercial Space / Office in Downtown,AUSTIN,Downtown,Commercial,2564329.5398184294,5155,,10.0,1964.0,2024-10-11,Sold,7,3.6
PROP-11868,Commercial Space / Office in Downtown,ATX,Downtown,COMMERCIAL,2221725.572523357,5046,,5.0,1962.0,2024-01-12,Active,5,3.2
PROP-13303,6 BHK Villa for sale in Queens,NEW YORK,Queens,Villa,5730135.361029805,5424,6.0,5.0,2018.0,2025-03-21,Pending,3,4.6
PROP-12057,1 BHK Apartment for sale in Mission District,san francisco,Mission District,apartment,2164309.637250774,1465,1.0,3.0,1940.0,2024-03-09,Active,7,4.0
PROP-10185,4 BHK Villa for sale in Bronx,new york,Bronx,Villa,2832689.9139227117,3378,4.0,2.0,2007.0,2025-11-30,Sold,3,4.7
PROP-12402,Commercial Space / Office in SOMA,SF,SOMA,commercial,38237033.036041185,24816,,3.0,1964.0,2025-01-26,Sold,10,4.3
PROP-11896,5 BHK Villa for sale in Little Havana,Miami,Little Havana,Villa,1669769.677399167,3810,5.0,5.0,2000.0,2024-11-10,Sold,2,3.2
PROP-12271,3 BHK Villa for sale in Downtown,ATX,Downtown,VILLA,2610451.811172514,5797,3.0,2.0,2005.0,2024-07-25,Active,5,4.9
PROP-10245,Commercial Space / Office in Coral Gables,MIA,Coral Gables,Office,8741447.15772762,8971,,7.0,2021.0,2025-11-28,Sold,1,4.0
PROP-10576,Residential plot of 3423 sqft in Little Havana,Miami,Little Havana,Plot,1878966.136641943,3423,,,,2024-08-13,Active,6,4.0
PROP-13077,4 BHK Apartment for sale in South Austin,austin,South Austin,APT,980349.0895571933,2039,,3.0,1937.0,27/07/2025,Sold,3,3.0
PROP-11906,2 BHK Apartment for sale in Hyde Park,CHICAGO,Hyde Park,APT,253951.66323664214,891,2.0,3.0,1934.0,27/01/2024,Active,4,3.1
PROP-13055,Residential plot of 9190 sqft in Brooklyn,new york,Brooklyn,Land,"$10,691,704",9190,,,,2024-08-11,Sold,9,4.8
PROP-12950,5 BHK Villa for sale in Downtown,austin,Downtown,Villa,1149658.0959520556,2622,5.0,2.0,2018.0,2024-08-20,Sold,7,3.3
PROP-10965,6 BHK Villa for sale in Little Havana,MIA,Little Havana,VILLA,1878291.9667227813,3969,6.0,2.0,1997.0,2024-11-15,Pending,1,3.3
PROP-12531,4 BHK Apartment for sale in Bronx,new york,Bronx,APT,1985927.402534681,1973,4.0,2.0,1926.0,2024-07-16,Sold,9,4.9
PROP-13454,1 BHK Apartment for sale in Coral Gables,MIAMI,Coral Gables,apartment,859647.9488598811,893,1.0,1.0,2017.0,2024-07-07,Sold,4,4.2
PROP-11122,6 BHK Villa for sale in Brooklyn,NEW YORK,Brooklyn,Villa,2698855.978781575,2496,6.0,4.0,1998.0,2024-10-28,Sold,9,4.3
PROP-10381,Residential plot of 2478 sqft in Mission District,San Francisco,Mission District,land,3196600.8678605407,2478,,,,2024-05-05,Pending,6,4.7
PROP-11193,3 BHK Apartment for sale in Loop,Chicago,Loop,Apt,752888.9913496273,2200,3.0,3.0,1982.0,2024/05/03,Active,7,3.3
PROP-10321,3 BHK Apartment for sale in River North,CHICAGO,River North,Apartment,937074.8054909541,2379,3.0,2.0,1998.0,2024-10-06,Pending,2,3.5
PROP-11887,6 BHK Villa for sale in Coral Gables,miami,Coral Gables,villa,4270032.267208512,4967,6.0,2.0,1991.0,06/02/2024,Sold,4,3.1
PROP-12843,6 BHK Villa for sale in Coral Gables,miami,Coral Gables,VILLA,1997584.6124101712,2528,6.0,4.0,2005.0,04/03/2024,Sold,4,4.6
PROP-13325,4 BHK Apartment for sale in Downtown,AUSTIN,Downtown,APT,1171826.0675955433,2307,4.0,1.0,1978.0,2024-03-29,Active,5,3.2
PROP-11972,Residential plot of 6325 sqft in West Lake Hills,ATX,West Lake Hills,Plot,3955533.2843689364,6325,,,,18/01/2025,Pending,7,3.2
PROP-13202,4 BHK Apartment for sale in Downtown,AUSTIN,Downtown,Apt,486942.89937335404,1073,4.0,3.0,1969.0,2025-08-14,Active,10,
PROP-10535,Commercial Space / Office in River North,CHICAGO,River North,Office,2153633.3085488295,6400,,2.0,,2025-03-10,Active,2,3.2
PROP-10996,Commercial Space / Office in Loop,CHI,Loop,Commercial,4936665.320770536,12930 sqft,,2.0,1983.0,2025-03-15,Pending,2,4.1
PROP-12511,Commercial Space / Office in Little Havana,MIAMI,Little Havana,COMMERCIAL,1135030.8622217325,2751,,10.0,2015.0,2024-05-15,Pending,3,3.1
PROP-11195,Commercial Space / Office in Queens,new york,Queens,COMMERCIAL,20199920.470739827,17235,,3.0,1963.0,26/01/2024,Pending,8,4.8
PROP-11153,6 BHK Villa for sale in SOMA,SAN FRANCISCO,SOMA,villa,6351602.303752442,4003,6.0,4.0,2008.0,2024-02-10,Active,6,4.1
PROP-13497,Residential plot of 8712 sqft in Marina,SAN FRANCISCO,Marina,land,"$8,764,490",8712,,,,2024-04-08,Sold,5,4.7
PROP-13448,Commercial Space / Office in Hyde Park,Chicago,Hyde Park,COMMERCIAL,3089184.364164363,10522,,3.0,1995.0,2024-12-07,Active,1,
PROP-11727,3 BHK Villa for sale in SOMA,san francisco,SOMA,villa,5574276.746823875,3565,3.0,5.0,2001.0,2025-05-17,Sold,10,4.6
PROP-13473,3 BHK Apartment for sale in Pacific Heights,SF,Pacific Heights,Apt,3574986.521535106,1983,3.0,1.0,2021.0,2025/05/28,Sold,10,4.2
PROP-10101,3 BHK Apartment for sale in South Beach,miami,South Beach,Apt,816409.6760000564,1264,3.0,3.0,1966.0,2024-07-22,Pending,10,4.0
PROP-11793,Commercial Space / Office in West Lake Hills,Austin,West Lake Hills,commercial,3384068.4580492256,4538,,7.0,2021.0,2024-12-13,Active,6,4.8
PROP-10132,1 BHK Apartment for sale in Loop,Chicago,Loop,APT,621081.0179861007,1635,1.0,3.0,1996.0,2025-01-29,Pending,7,4.6
PROP-11860,Commercial Space / Office in Pacific Heights,SF,Pacific Heights,commercial,14736453.41206898,7086,,2.0,1974.0,2024-08-23,Sold,5,3.1
PROP-11803,Residential plot of 4498 sqft in West Lake Hills,AUSTIN,West Lake Hills,plot,2643691.9689738583,4498,,,,19/09/2025,Active,2,4.4
PROP-11175,5 BHK Villa for sale in Manhattan,NY,Manhattan,villa,4167799.610067539,2217,5.0,2.0,2017.0,2025-10-13,Sold,8,4.7
PROP-10966,4 BHK Villa for sale in Marina,SAN FRANCISCO,Marina,Villa,6427401.892431849,5916,4.0,4.0,2014.0,2025-05-28,Active,7,3.3
PROP-11533,Residential plot of 6665 sqft in River North,chicago,River North,Plot,Contact Agent,6665,,,,2025-08-30,Active,1,4.3
PROP-10612,Residential plot of 4949 sqft in South Austin,ATX,South Austin,Plot,2190308.6766029038,4949,,,,2025-02-23,Pending,9,4.9
PROP-11870,Commercial Space / Office in SOMA,san francisco,SOMA,Commercial,20446329.441603854,14560,,7.0,1981.0,2025-03-04,Pending,10,4.3
PROP-11333,4 BHK Villa for sale in River North,chicago,River North,VILLA,"$964,350",2952,4.0,3.0,1988.0,2024/02/02,Active,10,4.7
PROP-11935,1 BHK Apartment for sale in Little Havana,MIAMI,Little Havana,apartment,987733.7399262399,1808,1.0,2.0,2022.0,2025/06/09,Pending,8,4.2
PROP-13308,Residential plot of 5207 sqft in Bronx,NEW YORK,Bronx,Plot,4262482.957353364,5207,,,,2025-07-26,Sold,4,4.9
PROP-11457,Residential plot of 8969 sqft in Mission District,San Francisco,Mission District,plot,13245623 USD,8969,,,,2025-10-18,Sold,4,4.4
PROP-12762,Residential plot of 6704 sqft in Downtown,ATX,Downtown,plot,3398951.6168327937,6704,,,,2025-10-22,Sold,8,3.3
PROP-10352,1 BHK Apartment for sale in South Austin,Austin,South Austin,Apt,770903.924517761,1886,1.0,3.0,1970.0,2024-11-21,Sold,1,4.8
PROP-12621,Residential plot of 9862 sqft in Brickell,Miami,Brickell,land,5929879.208407584,9862,,,,2025/02/14,Sold,10,4.8
PROP-10696,5 BHK Villa for sale in Pacific Heights,san francisco,Pacific Heights,Villa,6283706.744413397,3488,5.0,3.0,1986.0,2025/09/08,Active,3,4.1
PROP-11315,Residential plot of 2087 sqft in Marina,SF,Marina,Plot,2289760.7156907534,2087,,,,2024-05-17,Pending,4,4.5
PROP-10403,Commercial Space / Office in Manhattan,new york,Manhattan,Office,44620023.17936964,23669,,8.0,2015.0,2025-09-08,Pending,10,4.6
PROP-12907,Residential plot of 9854 sqft in East Austin,austin,East Austin,land,3128702.28840941,9854,,,,2025-10-12,Pending,8,4.2
PROP-10703,2 BHK Apartment for sale in Lincoln Park,chicago,Lincoln Park,Apartment,730694.6573351085,1214,2.0,1.0,1973.0,2024/04/25,Pending,7,4.7
PROP-13329,4 BHK Villa for sale in Lincoln Park,CHICAGO,Lincoln Park,Villa,2929682.274091977,5160,4.0,5.0,1992.0,2024-12-09,Sold,6,4.7
PROP-12252,4 BHK Villa for sale in SOMA,SAN FRANCISCO,SOMA,Villa,6502435.123401189,5361,4.0,3.0,2004.0,2025-08-03,Pending,7,3.3
PROP-10761,Commercial Space / Office in Bronx,New York,Bronx,Commercial,22764339.40108658,23102,,3.0,1980.0,2025-01-05,Sold,2,4.1
PROP-11280,5 BHK Villa for sale in Brickell,miami,Brickell,VILLA,"$2,789,677",4084,5.0,3.0,1993.0,2025-05-21,Sold,10,4.9
PROP-13257,Residential plot of 7387 sqft in East Austin,ATX,East Austin,land,2436801.351398298,7387,,,,2025-01-29,Active,7,3.4
PROP-13239,Residential plot of 2864 sqft in River North,Chicago,River North,Land,873287.6793435458,2864,,,,2025/11/21,Pending,1,4.9
PROP-12432,4 BHK Villa for sale in South Beach,MIA,South Beach,VILLA,2688651.0379769113,-4674,4.0,3.0,1993.0,2024/04/24,Sold,5,3.8
PROP-10733,Residential plot of 9951 sqft in South Beach,Miami,South Beach,land,6227094.300946187,9951,,,,2024-10-16,Pending,6,3.6
PROP-11386,5 BHK Villa for sale in West Lake Hills,austin,West Lake Hills,villa,2644635.2173320395,4159,5.0,2.0,1981.0,2025-10-02,Active,7,4.2
PROP-11090,2 BHK Apartment for sale in Queens,NEW YORK,Queens,APT,1874622.423140095,1602,2.0,2.0,1989.0,2025/05/26,Pending,1,3.2
PROP-12345,1 BHK Apartment for sale in Downtown,AUSTIN,Downtown,apartment,Contact Agent,2272 sqft,1.0,3.0,2001.0,2025-06-09,Sold,4,4.6
PROP-12479,Residential plot of 7442 sqft in West Lake Hills,AUSTIN,West Lake Hills,Land,5453313.394905484,7442,,,,2025-01-28,Pending,3,3.8
PROP-12629,Residential plot of 2154 sqft in Brickell,miami,Brickell,Land,1168077.018954066,2154,,,,2025-06-24,Sold,5,3.7
PROP-11026,4 BHK Villa for sale in Manhattan,new york,Manhattan,VILLA,7951169.703189682,4212,4.0,3.0,1988.0,2024-06-08,Active,7,3.6
PROP-12327,3 BHK Apartment for sale in Queens,N.Y.,Queens,Apt,"$834,299",613,3.0,3.0,1922.0,2025-08-04,Pending,6,4.8
PROP-13040,Residential plot of 9281 sqft in Bronx,New York,Bronx,Plot,8732427.196314046,9281,,,,2025-02-01,Pending,7,3.8
PROP-13070,3 BHK Apartment for sale in Downtown,AUSTIN,Downtown,APT,320056.6764147306,712,3.0,2.0,2005.0,2025-03-15,Sold,10,4.1
PROP-12453,Commercial Space / Office in Marina,san francisco,Marina,commercial,6428577.231498318,6376,,9.0,1973.0,2024/09/27,Pending,1,3.4
PROP-11120,Residential plot of 7250 sqft in River North,chicago,River North,Land,2534884.363155458,7250,,,,2025-05-05,Pending,3,4.2
PROP-12311,Residential plot of 1061 sqft in Lincoln Park,CHICAGO,Lincoln Park,Plot,488558.8732595701,1061,,,,2025-01-23,Sold,6,4.8
PROP-13190,Commercial Space / Office in Little Havana,Miami,Little Havana,Office,8334132.797763664,17874,,2.0,1999.0,2024-03-20,Sold,9,4.3
PROP-12223,6 BHK Villa for sale in Brooklyn,NY,Brooklyn,VILLA,"$3,834,307",3582,6.0,4.0,2011.0,2024-06-17,Pending,9,4.1
PROP-11372,2 BHK Apartment for sale in Pacific Heights,SF,Pacific Heights,apartment,3868252.8479733616,2062,2.0,1.0,2004.0,2024-12-12,Pending,6,3.4
PROP-11653,Residential plot of 9743 sqft in Brooklyn,New York,Brooklyn,Land,13062653.023760341,-9743,,,,2025-06-03,Sold,8,3.2
PROP-10332,2 BHK Apartment for sale in Brickell,MIAMI,Brickell,Apartment,673453.2359077195,1060,2.0,2.0,,2025-07-20,Active,10,4.1
PROP-10852,4 BHK Villa for sale in Bronx,new york,Bronx,Villa,6048172.398411747,5975,4.0,5.0,1980.0,2024-10-06,Sold,4,4.0
PROP-11320,2 BHK Apartment for sale in River North,CHICAGO,River North,apartment,560873.7216531828,1711,2.0,3.0,1971.0,2025/10/14,Active,1,
PROP-11060,2 BHK Apartment for sale in East Austin,austin,East Austin,APT,271134.0244742827,872,2.0,1.0,1938.0,2024-05-03,Pending,1,4.5
PROP-10994,4 BHK Apartment for sale in River North,CHICAGO,River North,Apartment,204397.23117843046,526,4.0,2.0,1958.0,2024-04-02,Active,5,3.0
PROP-13047,1 BHK Apartment for sale in Brooklyn,new york,Brooklyn,apartment,2435578.1504759095,1977,1.0,2.0,1990.0,2024/09/18,Active,2,4.5
PROP-11374,Residential plot of 7672 sqft in SOMA,San Francisco,SOMA,Plot,10624833.924872588,7672,,,,2024/06/30,Pending,6,4.2
PROP-11666,Commercial Space / Office in Mission District,San Francisco,Mission District,Commercial,20867585.56444697,16409,,6.0,1964.0,2024-11-12,Pending,10,4.5
PROP-10723,6 BHK Villa for sale in Lincoln Park,CHI,Lincoln Park,VILLA,2905761.6836896464,5073,6.0,4.0,2003.0,2024-09-26,Pending,4,3.6
PROP-12389,Commercial Space / Office in Lincoln Park,chicago,Lincoln Park,Office,5222692.815084568,11395,,5.0,1965.0,2024-12-22,Pending,4,4.1
PROP-12923,Residential plot of 3394 sqft in Hyde Park,Chicago,Hyde Park,plot,1069147.963134824,3394,,,,30/01/2025,Pending,10,4.5
PROP-12149,1 BHK Apartment for sale in Brooklyn,NY,Brooklyn,Apt,2508276.6782721113,1920 sqft,1.0,2.0,2010.0,2024-12-25,Active,7,4.8
PROP-12215,6 BHK Villa for sale in Queens,New York,Queens,Villa,5371100.471679855,5148,6.0,5.0,1991.0,2024-05-11,Pending,7,4.1
PROP-10417,5 BHK Villa for sale in Bronx,NEW YORK,Bronx,VILLA,3744993.58634339,3715,5.0,4.0,1998.0,2025-08-09,Sold,7,4.0
PROP-11655,Residential plot of 8663 sqft in Lincoln Park,Chicago,Lincoln Park,Land,4427565.3388558235,8663,,,,2024-05-26,Pending,6,4.5
PROP-13021,Commercial Space / Office in Brooklyn,NEW YORK,Brooklyn,Commercial,30565603.751409926,22724,,8.0,1988.0,2025-04-13,Sold,3,4.7
PROP-11261,Commercial Space / Office in Bronx,NEW YORK,Bronx,commercial,7856129.179046259,7675,,5.0,1981.0,2024-05-15,Active,10,4.3
PROP-11419,2 BHK Apartment for sale in Coral Gables,Miami,Coral Gables,Apt,1866248.3877219954,2300,2.0,2.0,1971.0,2024-06-11,Pending,7,3.9
PROP-13118,1 BHK Apartment for sale in East Austin,AUSTIN,East Austin,APT,306919.0898826919,862,1.0,3.0,1967.0,2025-09-27,Active,5,3.3
PROP-12306,Commercial Space / Office in Brickell,MIA,Brickell,COMMERCIAL,14050207.425816543,23028,,10.0,2016.0,2024/03/02,Sold,10,4.8
PROP-11797,4 BHK Apartment for sale in South Beach,Miami,South Beach,Apartment,1157278.7301952709,2146,4.0,1.0,1959.0,2025-02-22,Pending,10,4.8
PROP-10177,Residential plot of 2705 sqft in South Beach,miami,South Beach,plot,1835623.2866815664,2705,,,,2024-05-24,Active,6,3.7
PROP-10811,5 BHK Villa for sale in Lincoln Park,CHI,Lincoln Park,Villa,2123273.4071322265,4374,5.0,5.0,1997.0,24/10/2024,Pending,10,5.0
PROP-11368,Commercial Space / Office in Hyde Park,CHICAGO,Hyde Park,Commercial,930076 USD,3719,,8.0,1980.0,2025-02-28,Active,7,4.3
PROP-11885,5 BHK Villa for sale in Pacific Heights,SF,Pacific Heights,VILLA,10089072.01361758,5564,5.0,3.0,2002.0,2025-05-22,Pending,8,4.5
PROP-10895,4 BHK Villa for sale in South Austin,austin,South Austin,Villa,1615387.1857700942,3315,4.0,4.0,1989.0,2025-03-16,Sold,1,3.8
PROP-11595,3 BHK Villa for sale in Loop,Chicago,Loop,VILLA,1731190.0779869426,4628,3.0,4.0,1994.0,2024-11-13,Pending,2,4.2
PROP-12024,3 BHK Villa for sale in Lincoln Park,chicago,Lincoln Park,VILLA,900855.487447325,2011,3.0,3.0,1988.0,2024-04-20,Active,2,
PROP-11798,Commercial Space / Office in East Austin,austin,East Austin,commercial,8703131.951384986,24012,,6.0,1992.0,2025-06-29,Sold,8,4.6
PROP-11034,5 BHK Villa for sale in South Austin,ATX,South Austin,VILLA,1859101.7323553443,4614,5.0,4.0,2023.0,2025-11-26,Sold,1,4.1
PROP-13457,4 BHK Villa for sale in Pacific Heights,SAN FRANCISCO,Pacific Heights,villa,11851933.378937941,5288,4.0,2.0,,16/07/2025,Active,3,4.4
PROP-12748,4 BHK Apartment for sale in Pacific Heights,san francisco,Pacific Heights,Apartment,2464296.979854892,1284,4.0,1.0,1948.0,2025-06-16,Pending,6,4.6
PROP-12943,1 BHK Apartment for sale in South Beach,MIAMI,South Beach,Apartment,607463.7671009615,1149,1.0,2.0,2015.0,2024-01-03,Active,10,4.7
PROP-11103,Commercial Space / Office in Little Havana,MIAMI,Little Havana,COMMERCIAL,9602342.239742644,19322,,7.0,2003.0,2025-08-07,Pending,2,4.9
PROP-13257,Residential plot of 7387 sqft in East Austin,ATX,East Austin,land,2436801.351398298,7387,,,,2025-01-29,Active,7,3.4
PROP-11031,Commercial Space / Office in Mission District,SF,Mission District,Commercial,23697894.16359915,17419,,2.0,1983.0,2025/01/12,Pending,7,3.9
PROP-12054,5 BHK Villa for sale in Little Havana,MIA,Little Havana,villa,1412813.992709498,3119 sqft,5.0,5.0,1984.0,2025-03-20,Active,5,3.1
PROP-12836,Commercial Space / Office in Lincoln Park,CHI,Lincoln Park,commercial,2240803.671093139,4457,,4.0,2012.0,2024-11-14,Sold,8,4.6
PROP-12089,Commercial Space / Office in Hyde Park,chicago,Hyde Park,Office,4333208.418029777,16673 sqft,,2.0,1980.0,2025-04-06,Active,2,3.8
PROP-10736,3 BHK Villa for sale in Bronx,new york,Bronx,VILLA,3872514.4776681857,4423,,3.0,2011.0,2025-10-17,Active,7,3.4
PROP-11508,Commercial Space / Office in Mission District,san francisco,Mission District,COMMERCIAL,16628647.78255659,12181,,4.0,1963.0,2025-12-01,Sold,2,3.0
PROP-11430,Residential plot of 8055 sqft in Lincoln Park,CHICAGO,Lincoln Park,plot,4859167.904675166,8055,,,,11/12/2024,Active,6,3.0
PROP-12742,5 BHK Villa for sale in Brooklyn,NEW YORK,Brooklyn,Villa,3030962.3938854514,2929,5.0,2.0,1993.0,2025-03-08,Pending,5,4.3
PROP-11672,Residential plot of 8489 sqft in Brickell,MIAMI,Brickell,Plot,4996254 USD,8489,,,,02/05/2025,Active,7,3.4
PROP-11197,Residential plot of 8098 sqft in Bronx,new york,Bronx,land,8890953.894297862,8098,,,,2025-07-22,Active,10,4.4
PROP-11778,4 BHK Apartment for sale in Queens,N.Y.,Queens,apartment,3035136.736953418,2370,4.0,3.0,2020.0,07/02/2024,Pending,2,4.2
PROP-11560,6 BHK Villa for sale in Mission District,san francisco,Mission District,Villa,"$6,236,211",3964,6.0,5.0,2001.0,26/05/2025,Pending,6,3.2
PROP-12619,4 BHK Apartment for sale in River North,Chicago,River North,Apt,749106.3172584231,2302,4.0,2.0,1959.0,2025-09-05,Active,10,4.7
PROP-13351,Residential plot of 3886 sqft in South Austin,ATX,South Austin,Plot,1930507.3865003567,3886,,,,2025-11-14,Pending,2,3.3
PROP-13217,4 BHK Villa for sale in East Austin,austin,East Austin,VILLA,2318288.31927306,5625,4.0,4.0,2010.0,2025-10-27,Active,7,3.6
PROP-10037,Residential plot of 9042 sqft in Downtown,Austin,Downtown,plot,3583790 USD,9042,,,,2024-01-13,Pending,10,4.2
PROP-12930,5 BHK Villa for sale in Marina,san francisco,Marina,villa,2924983.5365593676,3034,5.0,4.0,1993.0,2024/07/15,Sold,4,4.9
PROP-12051,Commercial Space / Office in South Beach,Miami,South Beach,COMMERCIAL,3916907.1459002774,6567,,4.0,2014.0,2025/10/11,Sold,7,4.1
PROP-10927,Residential plot of 5659 sqft in Lincoln Park,Chicago,Lincoln Park,Land,3283927.5142841362,5659,,,,2025-06-21,Pending,10,4.7
PROP-12825,2 BHK Apartment for sale in Brooklyn,N.Y.,Brooklyn,Apartment,1141230.483310474,913 sqft,2.0,3.0,1979.0,2024-03-15,Active,6,4.3
PROP-12331,3 BHK Apartment for sale in River North,CHI,River North,Apartment,432926.34932249633,1140,3.0,1.0,1978.0,2024-11-26,Pending,7,3.0
PROP-10785,Commercial Space / Office in East Austin,austin,East Austin,Office,4751812.006433274,12807,,8.0,1965.0,2024-05-20,Pending,8,3.9
PROP-11176,2 BHK Apartment for sale in South Austin,Austin,South Austin,Apt,1131811.2576920846,2389,2.0,3.0,1987.0,2025-03-30,Active,8,3.3
PROP-13178,4 BHK Apartment for sale in South Beach,miami,South Beach,apartment,689501.056393963,1097,4.0,3.0,1970.0,2025/03/17,Sold,10,4.0
PROP-10866,3 BHK Villa for sale in SOMA,san francisco,SOMA,villa,8082810.107562443,5575,3.0,5.0,1994.0,2024-02-02,Sold,6,3.7
PROP-10585,3 BHK Villa for sale in Bronx,N.Y.,Bronx,Villa,2513115.685918302,2350,3.0,3.0,2018.0,2025-06-16,Active,2,3.9
PROP-13196,6 BHK Villa for sale in Coral Gables,miami,Coral Gables,VILLA,"$1,588,803",1865,6.0,5.0,2007.0,2024-09-21,Pending,2,
PROP-11542,3 BHK Apartment for sale in Brickell,MIAMI,Brickell,apartment,529635.9830156831,972,3.0,1.0,2016.0,2024-01-08,Active,1,4.2
PROP-13487,Residential plot of 7099 sqft in East Austin,AUSTIN,East Austin,land,2340862.5586553207,7099,,,,2024-07-23,Active,1,4.0
PROP-10393,Residential plot of 8139 sqft in Hyde Park,CHICAGO,Hyde Park,Land,2547380.292257096,8139,,,,2024-11-19,Pending,3,4.1
PROP-10299,Residential plot of 1100 sqft in Downtown,AUSTIN,Downtown,Land,437654.7592978672,1100,,,,2024-12-07,Sold,10,4.0
PROP-11041,5 BHK Villa for sale in South Beach,MIAMI,South Beach,villa,1910688.0743365583,2803,5.0,2.0,2022.0,2025-10-28,Active,6,4.6
PROP-12190,3 BHK Villa for sale in Manhattan,NY,Manhattan,villa,5666934.00973705,2988,3.0,2.0,2002.0,2025-02-02,Pending,10,4.7
PROP-11199,6 BHK Villa for sale in Little Havana,Miami,Little Havana,villa,2386864.34271216,5238,6.0,5.0,2021.0,2024-06-24,Active,9,4.4
PROP-11075,4 BHK Villa for sale in SOMA,san francisco,SOMA,VILLA,"$3,656,289",3055 sqft,4.0,2.0,1988.0,2024-12-04,Active,6,3.4
PROP-11563,1 BHK Apartment for sale in East Austin,AUSTIN,East Austin,apartment,563195.9781367455,1687,1.0,3.0,1984.0,2025-01-24,Pending,7,3.0
PROP-10625,Residential plot of 7737 sqft in Loop,CHICAGO,Loop,Land,2619707.436476903,7737,,,,2025-03-28,Pending,1,3.5
PROP-10437,5 BHK Villa for sale in Mission District,SF,Mission District,villa,,-2245,,3.0,1984.0,2025-09-26,Active,8,4.2
PROP-13137,Commercial Space / Office in Downtown,AUSTIN,Downtown,commercial,2528772.9766296265,5384,,3.0,2019.0,2025-04-12,Sold,3,4.3
PROP-13418,4 BHK Apartment for sale in Brickell,MIAMI,Brickell,APT,862188.6525591951,1448 sqft,4.0,3.0,1985.0,2024-10-22,Sold,4,4.9
PROP-11521,Residential plot of 6402 sqft in Mission District,SF,Mission District,Land,9230878.092179582,6402,,,,2024/06/11,Sold,10,4.5
PROP-12291,1 BHK Apartment for sale in Downtown,AUSTIN,Downtown,APT,898735.1948256352,2010,,2.0,,2025-08-07,Pending,7,
PROP-11674,Commercial Space / Office in Brickell,MIA,Brickell,COMMERCIAL,3616388.42219573,6958,,9.0,2009.0,2024-10-19,Pending,8,4.5
PROP-13425,4 BHK Villa for sale in Lincoln Park,CHI,Lincoln Park,villa,942151.8578320049,2090,4.0,2.0,1987.0,2024-12-20,Sold,9,4.6
PROP-13224,Commercial Space / Office in South Beach,MIAMI,South Beach,COMMERCIAL,4115679.0956248473,7696,,3.0,1988.0,2024-03-21,Sold,7,4.7
PROP-10942,Residential plot of 8068 sqft in Brickell,Miami,Brickell,plot,4666943.061211255,8068,,,,2024-08-01,Sold,3,3.9
PROP-13041,3 BHK Apartment for sale in Brickell,miami,Brickell,Apartment,838103.5429540215,1484,3.0,3.0,1975.0,2025-01-04,Active,1,4.2
PROP-12155,4 BHK Apartment for sale in Pacific Heights,SAN FRANCISCO,Pacific Heights,APT,1401048.7856309966,678,4.0,3.0,2016.0,2025-01-06,Sold,4,3.9
PROP-11600,4 BHK Apartment for sale in South Beach,MIAMI,South Beach,Apt,765526.3474530408,1184,4.0,3.0,,2025-01-24,Sold,3,3.0
PROP-12821,Residential plot of 5172 sqft in Marina,San Francisco,Marina,plot,5214497.817097742,5172,,,,2025-05-29,Active,3,4.0
PROP-11999,4 BHK Apartment for sale in Manhattan,New York,Manhattan,Apartment,3831731.924709204,1863,4.0,1.0,2001.0,2024-12-16,Pending,10,4.9
PROP-10714,Residential plot of 9102 sqft in Manhattan,N.Y.,Manhattan,plot,18038552.247552387,9102,,,,2025-03-18,Sold,4,4.7
PROP-13452,Residential plot of 7536 sqft in East Austin,Austin,East Austin,Plot,2724513.17130553,7536,,,,2025-08-22,Active,2,4.1
PROP-12548,Residential plot of 4531 sqft in Lincoln Park,chicago,Lincoln Park,land,"$2,484,135",4531,,,,2025-09-15,Pending,2,4.3
PROP-10050,Residential plot of 1753 sqft in Bronx,new york,Bronx,Plot,1594213.0917698753,1753,,,,2024-02-27,Pending,7,3.3
PROP-12115,Residential plot of 2185 sqft in Pacific Heights,SAN FRANCISCO,Pacific Heights,Land,4299568.061048478,2185,,,,2024-01-03,Pending,8,4.2
PROP-13301,Commercial Space / Office in East Austin,austin,East Austin,commercial,4581265.872806277,-14555,,9.0,2014.0,2025-06-22,Sold,3,4.9
PROP-10233,5 BHK Villa for sale in Queens,NY,Queens,VILLA,6688647 USD,5124,5.0,4.0,2011.0,2025-09-10,Active,8,3.3
PROP-13327,Residential plot of 7406 sqft in Marina,san francisco,Marina,Plot,8456371.549294077,7406,,,,17/05/2025,Pending,2,3.5
PROP-11841,5 BHK Villa for sale in River North,CHI,River North,VILLA,1118106.974601464,3031,5.0,4.0,2020.0,2024-08-30,Active,6,4.7
PROP-12020,Commercial Space / Office in Queens,new york,Queens,COMMERCIAL,7229133.769960423,6547,,8.0,1988.0,2024-01-17,Active,10,4.1
PROP-10407,Commercial Space / Office in South Beach,MIAMI,South Beach,Office,3280314.7290708497,4831,,9.0,1999.0,2024-12-21,Pending,3,3.3
PROP-11970,Commercial Space / Office in Coral Gables,MIA,Coral Gables,Commercial,13462444.05935224,17329,,2.0,1987.0,2025-05-25,Pending,2,4.7
PROP-10538,Commercial Space / Office in South Austin,austin,South Austin,Commercial,10314362.42516753,21511,,3.0,2020.0,08/08/2024,Sold,3,4.5
PROP-11971,Residential plot of 4227 sqft in Downtown,ATX,Downtown,Land,1837963.449067869,4227,,,,2025-03-24,Sold,9,4.9
PROP-11622,Commercial Space / Office in Manhattan,New York,Manhattan,Commercial,30850741.27413298,19800,,8.0,2013.0,2024-02-07,Active,5,4.8
PROP-10982,3 BHK Villa for sale in Pacific Heights,SAN FRANCISCO,Pacific Heights,villa,5663560.714318568,2847,3.0,3.0,2012.0,2024-09-16,Pending,1,3.1
PROP-12184,3 BHK Villa for sale in Hyde Park,Chicago,Hyde Park,VILLA,681574 USD,2370,3.0,4.0,2021.0,2025-09-05,Active,8,
PROP-13036,Commercial Space / Office in Downtown,austin,Downtown,Office,3568253.205920263,8382,,3.0,2021.0,2024-12-21,Sold,10,4.0
PROP-10510,Commercial Space / Office in Hyde Park,CHICAGO,Hyde Park,Commercial,3775939.1436556154,15055,,5.0,1999.0,2025-06-07,Pending,2,4.7
PROP-12737,Commercial Space / Office in South Austin,ATX,South Austin,Commercial,3845765.1959027667,7588,,7.0,1976.0,2025-03-17,Active,1,4.9
PROP-11063,Commercial Space / Office in Brickell,MIA,Brickell,Commercial,2818000.9581506858,4601,,7.0,1968.0,2025-01-24,Active,1,4.4
PROP-10308,Commercial Space / Office in East Austin,ATX,East Austin,Commercial,1080364.5667189672,3141,,9.0,1967.0,17/04/2025,Pending,6,4.2
PROP-10468,Residential plot of 1648 sqft in Hyde Park,chicago,Hyde Park,Land,464329.4716995333,1648,,,,2025-02-28,Pending,1,3.5
PROP-10263,Residential plot of 3393 sqft in West Lake Hills,Austin,West Lake Hills,Plot,1985236.7157675133,3393,,,,2025-02-05,Pending,3,3.4
PROP-12002,Residential plot of 1206 sqft in East Austin,ATX,East Austin,land,374477.11330384144,1206,,,,2025/10/17,Active,4,3.9
PROP-10019,1 BHK Apartment for sale in Pacific Heights,san francisco,Pacific Heights,Apt,4367930.798346487,2286,1.0,2.0,1948.0,2025-04-16,Active,4,3.0
PROP-13032,Residential plot of 1284 sqft in Queens,new york,Queens,Plot,1312012.9668187038,1284,,,,14/01/2024,Active,4,4.5
PROP-11554,1 BHK Apartment for sale in South Austin,ATX,South Austin,apartment,412353.1929363379,856 sqft,1.0,2.0,1993.0,2024-01-26,Sold,8,3.7
PROP-10123,3 BHK Villa for sale in West Lake Hills,Austin,West Lake Hills,VILLA,2285300.44432661,2995,3.0,4.0,2015.0,2025-08-16,Pending,3,3.4
PROP-12961,1 BHK Apartment for sale in Pacific Heights,SF,Pacific Heights,Apartment,1680974.0386012953,876,1.0,1.0,1980.0,2025-10-27,Active,9,5.0
PROP-10435,4 BHK Apartment for sale in Loop,CHI,Loop,APT,510951.7276646427,1385,4.0,2.0,1935.0,2025-04-22,Sold,1,
PROP-11916,1 BHK Apartment for sale in Queens,N.Y.,Queens,APT,1206624.8513157358,1102,1.0,3.0,1972.0,2024-12-28,Sold,2,3.1
PROP-13007,6 BHK Villa for sale in Brooklyn,N.Y.,Brooklyn,VILLA,7621205.181921359,5910,6.0,2.0,2014.0,2025-03-16,Pending,6,4.6
PROP-12634,3 BHK Apartment for sale in River North,chicago,River North,Apt,195471.82976887413,-639,3.0,2.0,1923.0,2025-11-16,Active,10,4.0
PROP-10511,4 BHK Villa for sale in Brooklyn,new york,Brooklyn,Villa,,2786 SQFT,4.0,5.0,1982.0,2024/07/15,Pending,1,4.2
PROP-11388,Residential plot of 4048 sqft in Queens,NY,Queens,Plot,4343681.853813935,4048,,,,2024-07-19,Pending,8,4.1
PROP-10065,Commercial Space / Office in Queens,New York,Queens,COMMERCIAL,30774594.5550609,22801,,8.0,2015.0,2024/02/22,Sold,5,3.7
PROP-11794,Commercial Space / Office in Queens,NEW YORK,Queens,Commercial,,11793,,5.0,1978.0,2024-09-05,Sold,2,3.0
PROP-11009,Commercial Space / Office in Downtown,AUSTIN,Downtown,commercial,3826673.2738166074,7749,,4.0,2006.0,2025-08-31,Pending,8,3.2
PROP-12111,3 BHK Apartment for sale in River North,chicago,River North,apartment,273780.150519507,802,3.0,1.0,1987.0,2025-07-06,Sold,6,3.8
PROP-11373,Residential plot of 3290 sqft in Lincoln Park,Chicago,Lincoln Park,Plot,,3290,,,,2025-02-05,Sold,10,4.4
PROP-10239,2 BHK Apartment for sale in Manhattan,N.Y.,Manhattan,Apt,3129079.943655643,1840,2.0,3.0,2022.0,2025-01-05,Pending,10,4.9
PROP-10800,6 BHK Villa for sale in Marina,SF,Marina,Villa,"$4,794,112",4156,6.0,2.0,2007.0,2025-03-03,Active,3,4.5
PROP-10361,3 BHK Villa for sale in SOMA,SAN FRANCISCO,SOMA,Villa,4329006.873454692,2866,3.0,5.0,2024.0,2024-04-24,Pending,9,4.1
PROP-11317,3 BHK Villa for sale in South Austin,austin,South Austin,Villa,1668332.5020287996,4258,3.0,5.0,2003.0,2024-12-21,Pending,9,4.4
PROP-12136,2 BHK Apartment for sale in Hyde Park,chicago,Hyde Park,Apt,631100.9964610303,2252,2.0,1.0,2007.0,2025-06-02,Pending,2,4.4
PROP-12126,Residential plot of 6160 sqft in Little Havana,Miami,Little Havana,Plot,2617878 USD,6160 SQFT,,,,2024/05/08,Pending,8,3.3
PROP-12570,Commercial Space / Office in Hyde Park,Chicago,Hyde Park,commercial,6474256.858673684,20412,,10.0,2002.0,08/02/2024,Pending,3,3.2
PROP-12009,5 BHK Villa for sale in Queens,NY,Queens,Villa,4413759.266044394,3773,5.0,4.0,2007.0,2024-04-17,Active,5,4.2
PROP-10217,4 BHK Villa for sale in West Lake Hills,Austin,West Lake Hills,VILLA,3530925 USD,4985,4.0,4.0,2024.0,2025-01-25,Sold,6,4.9
PROP-11375,4 BHK Villa for sale in Bronx,new york,Bronx,villa,2038690.0015814034,2070,4.0,2.0,,2025-05-27,Sold,6,3.0
PROP-12317,Commercial Space / Office in River North,chicago,River North,Office,3336726.2405469683,9425,,9.0,2010.0,2025-09-23,Pending,1,3.9
PROP-11650,2 BHK Apartment for sale in Loop,chicago,Loop,APT,744918.3180432862,2213,2.0,3.0,1962.0,2024-09-07,Active,9,4.3
PROP-10429,4 BHK Apartment for sale in Coral Gables,miami,Coral Gables,Apartment,2007736.1845839866,2411 SQFT,4.0,2.0,1996.0,2025-11-27,Pending,4,4.2
PROP-10141,Commercial Space / Office in SOMA,SF,SOMA,Commercial,30390195.071899343,21123,,5.0,1988.0,2025-02-02,Active,6,3.6
PROP-13467,Commercial Space / Office in South Beach,Miami,South Beach,Commercial,10260756.712973844,15952,,8.0,1971.0,2024-01-24,Pending,10,4.7
PROP-13444,Residential plot of 1882 sqft in Brooklyn,new york,Brooklyn,land,2495202.914560318,1882,,,,2024-07-11,Active,5,3.2
PROP-10930,4 BHK Apartment for sale in Little Havana,MIAMI,Little Havana,apartment,1055054.1677680637,2070,4.0,2.0,1986.0,2025-11-12,Active,6,4.0
PROP-10534,Commercial Space / Office in East Austin,austin,East Austin,commercial,3435514.8870535647,9907,,3.0,1993.0,2024-05-08,Pending,10,4.4
PROP-13133,Residential plot of 6105 sqft in Hyde Park,chicago,Hyde Park,Land,1829533.0918297358,6105,,,,2024-02-02,Sold,4,4.5
PROP-11347,2 BHK Apartment for sale in Lincoln Park,CHICAGO,Lincoln Park,Apartment,538216.2039964328,898,2.0,1.0,1954.0,2024-08-08,Sold,7,4.7
PROP-12649,Commercial Space / Office in Brickell,miami,Brickell,COMMERCIAL,4324132.58037333,6287,,7.0,1980.0,2024/08/16,Active,4,4.4
PROP-12777,Residential plot of 3878 sqft in River North,CHICAGO,River North,land,"$1,186,823",3878,,,,2025/01/29,Active,1,3.8
PROP-11042,Commercial Space / Office in Mission District,SF,Mission District,commercial,27826785.253817767,22554,,9.0,1974.0,2025/11/28,Active,9,4.7
PROP-12701,5 BHK Villa for sale in South Beach,MIA,South Beach,VILLA,Contact Agent,3332,5.0,4.0,2015.0,2025-02-12,Pending,3,3.6
PROP-10345,Residential plot of 4085 sqft in Coral Gables,MIA,Coral Gables,Plot,4108749.6491006357,4085,,,,2025-04-13,Pending,3,3.6
PROP-11922,4 BHK Apartment for sale in Pacific Heights,SF,Pacific Heights,Apt,3938305.271323708,1799,4.0,3.0,1977.0,2025-10-09,Active,5,4.1
PROP-12693,3 BHK Villa for sale in Mission District,san francisco,Mission District,Villa,5322413.838907339,-4054,3.0,2.0,2006.0,2025-08-07,Pending,3,3.8
PROP-12847,Residential plot of 3227 sqft in Little Havana,MIAMI,Little Havana,plot,1495749.3138631454,3227 sqft,,,,2024-09-17,Active,5,3.1
PROP-11410,Residential plot of 3552 sqft in Marina,SF,Marina,plot,3408889.1052030413,3552,,,,2024-07-31,Pending,3,4.6
PROP-13442,Residential plot of 3686 sqft in South Beach,MIAMI,South Beach,Plot,2009509.7429219338,3686,,,,2025-07-28,Pending,3,4.0
PROP-13258,5 BHK Villa for sale in Brickell,miami,Brickell,Villa,1183969.5256057265,2276,5.0,3.0,1986.0,2025-05-18,Sold,9,4.9
PROP-13004,Residential plot of 7677 sqft in River North,CHI,River North,land,2910683.5149583817,7677,,,,2025-08-21,Sold,2,4.9
PROP-11024,4 BHK Apartment for sale in Pacific Heights,SAN FRANCISCO,Pacific Heights,APT,3147702.509980555,1665,4.0,3.0,1980.0,2024-04-06,Sold,1,4.4
PROP-10754,4 BHK Villa for sale in Loop,CHI,Loop,villa,1518779.1260476122,3870,4.0,4.0,2013.0,2024-01-25,Active,1,4.3
PROP-10079,4 BHK Villa for sale in Manhattan,NEW YORK,Manhattan,VILLA,9669034.051370855,4886,4.0,3.0,1991.0,01/10/2025,Active,10,4.4
PROP-11632,3 BHK Villa for sale in Little Havana,MIA,Little Havana,Villa,1806643.7108434052,3586,3.0,2.0,1996.0,2025-06-25,Sold,8,4.9
PROP-12959,Commercial Space / Office in Coral Gables,miami,Coral Gables,Commercial,11991789.21675974,14720,,10.0,,2024/06/10,Pending,10,4.4
PROP-10715,Residential plot of 2361 sqft in East Austin,ATX,East Austin,Land,725762.0029082834,2361,,,,2025-05-12,Pending,4,4.2
PROP-11061,4 BHK Apartment for sale in West Lake Hills,Austin,West Lake Hills,Apartment,514593.9211235836,787,4.0,3.0,1979.0,2024-11-12,Pending,8,3.8
PROP-10230,Commercial Space / Office in Queens,N.Y.,Queens,commercial,17414495.776910067,12987,,8.0,1974.0,2025-08-26,Pending,3,3.9
PROP-10908,Commercial Space / Office in Little Havana,miami,Little Havana,commercial,7927769.796318545,18673,,5.0,2016.0,2025-06-11,Sold,6,3.8
PROP-11550,4 BHK Apartment for sale in Lincoln Park,CHICAGO,Lincoln Park,Apt,744333.1459595707,1362,4.0,3.0,,2024/07/08,Pending,3,3.1
PROP-10735,3 BHK Apartment for sale in Brickell,MIAMI,Brickell,Apartment,341697.4146419614,596,3.0,2.0,1944.0,2025-07-04,Sold,7,4.5
PROP-12036,2 BHK Apartment for sale in West Lake Hills,austin,West Lake Hills,APT,390326.85456796054,652,2.0,3.0,1934.0,2025-02-21,Pending,10,4.3
PROP-12400,Residential plot of 8410 sqft in Bronx,N.Y.,Bronx,land,8920147.306479808,8410,,,,2025-07-06,Sold,3,3.5
PROP-10372,1 BHK Apartment for sale in East Austin,AUSTIN,East Austin,Apartment,587346.886476583,1709,1.0,1.0,1966.0,2025-08-20,Sold,6,3.8
PROP-12268,Residential plot of 2253 sqft in Coral Gables,miami,Coral Gables,plot,"$2,128,534",2253,,,,2025-05-10,Pending,1,3.5
PROP-12771,Residential plot of 4977 sqft in Marina,SAN FRANCISCO,Marina,Plot,5962851.387466686,4977,,,,29/04/2025,Sold,8,4.7
PROP-12856,Commercial Space / Office in East Austin,ATX,East Austin,COMMERCIAL,761231.405635936,2310 SQFT,,7.0,1963.0,2024-03-07,Active,5,4.5
PROP-13166,Residential plot of 8526 sqft in Marina,san francisco,Marina,Land,8771501.612507805,8526,,,,2024/04/14,Sold,1,4.1
PROP-12646,Residential plot of 3309 sqft in Loop,CHICAGO,Loop,land,1100468.044831165,3309,,,,2025-07-03,Active,4,4.9
PROP-10711,4 BHK Apartment for sale in Coral Gables,miami,Coral Gables,Apartment,1830866.523186661,2046,4.0,1.0,1938.0,2024-06-13,Active,7,4.6
PROP-11523,4 BHK Apartment for sale in West Lake Hills,AUSTIN,West Lake Hills,Apt,806650.6483955046,-1402,4.0,1.0,2012.0,2024-02-21,Active,6,4.5
PROP-12070,3 BHK Apartment for sale in West Lake Hills,ATX,West Lake Hills,Apt,839417.3485101222,1349,3.0,1.0,1992.0,2024-09-01,Pending,1,3.7
PROP-10048,3 BHK Villa for sale in Marina,San Francisco,Marina,VILLA,5100683.714991213,0,3.0,5.0,1986.0,2025-04-12,Active,7,4.7
PROP-12911,3 BHK Villa for sale in SOMA,SF,SOMA,VILLA,5791788.259402708,4545,3.0,4.0,1993.0,2025-11-05,Sold,6,3.2
PROP-10695,Residential plot of 7388 sqft in Loop,CHI,Loop,Plot,2212569.49389773,7388,,,,2024-08-18,Active,5,4.7
PROP-12193,Residential plot of 8835 sqft in South Beach,MIAMI,South Beach,plot,4520903.045614214,8835,,,,2025-11-03,Active,6,4.6
PROP-11013,3 BHK Villa for sale in Loop,CHI,Loop,Villa,2061617.4306075547,5598,3.0,4.0,2017.0,2025-10-21,Active,2,3.1
PROP-11463,6 BHK Villa for sale in South Beach,Miami,South Beach,VILLA,1160458.9601595306,2238,6.0,3.0,2024.0,2024-07-31,Active,10,5.0
PROP-11408,Commercial Space / Office in Manhattan,New York,Manhattan,commercial,26546977.515742283,14731,,2.0,1961.0,2024-05-17,Sold,10,4.7
PROP-11285,6 BHK Villa for sale in Brooklyn,NY,Brooklyn,VILLA,6056842.561717295,4723,6.0,4.0,2006.0,2024-10-16,Pending,6,4.2
PROP-12835,4 BHK Villa for sale in Lincoln Park,chicago,Lincoln Park,VILLA,2577482.864153799,4572,4.0,2.0,1982.0,05/10/2025,Sold,6,4.5
PROP-10091,2 BHK Apartment for sale in East Austin,austin,East Austin,Apartment,697676.0419107464,2006,2.0,2.0,1986.0,2025-07-29,Pending,8,3.4
PROP-10173,2 BHK Apartment for sale in South Austin,austin,South Austin,apartment,909028.7266276955,1845,2.0,2.0,1988.0,2024-02-27,Active,10,4.8
PROP-11889,4 BHK Villa for sale in Hyde Park,chicago,Hyde Park,villa,1139675.4920736002,4515,4.0,5.0,2024.0,2024-05-19,Pending,9,4.3
PROP-13240,5 BHK Villa for sale in Hyde Park,Chicago,Hyde Park,villa,1541208.80652014,5752,5.0,2.0,2009.0,2024-08-19,Active,9,4.9
PROP-13277,2 BHK Apartment for sale in Downtown,AUSTIN,Downtown,APT,864147.4715505095,2084,2.0,2.0,1945.0,2024-03-09,Sold,6,4.4
PROP-13491,3 BHK Apartment for sale in Loop,Chicago,Loop,apartment,224886.7414039696,671,3.0,1.0,2010.0,14/07/2024,Active,10,4.9
PROP-12206,Commercial Space / Office in SOMA,SAN FRANCISCO,SOMA,Office,20067544.03007095,13097,,8.0,2017.0,2025-09-27,Sold,10,4.5
PROP-10727,2 BHK Apartment for sale in Manhattan,N.Y.,Manhattan,Apt,3320381.7363636126,1995,2.0,3.0,1944.0,2025-09-07,Active,5,3.1
PROP-10398,6 BHK Villa for sale in Loop,Chicago,Loop,Villa,1875815.9116121617,4982,6.0,4.0,2021.0,2025-10-31,Pending,8,4.6
PROP-12065,Residential plot of 5188 sqft in Marina,SF,Marina,Land,5799596.348641258,5188,,,,2024-01-10,Sold,10,4.5
PROP-12091,Residential plot of 6011 sqft in Loop,Chicago,Loop,Plot,1797190.2750741558,6011,,,,2024-04-02,Pending,2,4.7
PROP-12534,Commercial Space / Office in Pacific Heights,San Francisco,Pacific Heights,commercial,38355157.562723905,19355,,2.0,1995.0,2024-09-28,Active,7,3.3
PROP-11852,3 BHK Apartment for sale in Queens,new york,Queens,Apt,810224.9914512228,681,3.0,2.0,2007.0,2024-11-24,Active,10,4.2
PROP-12577,Commercial Space / Office in Manhattan,New York,Manhattan,Office,8340934.019285003,4300,,5.0,,2024-12-14,Sold,4,4.7
PROP-10106,Residential plot of 6674 sqft in Pacific Heights,San Francisco,Pacific Heights,Plot,15798199.37843683,6674,,,,2025-11-02,Pending,4,3.4
PROP-10046,Residential plot of 1042 sqft in Queens,NY,Queens,Land,1168938.559409054,1042,,,,01/11/2024,Sold,8,4.7
PROP-11784,Commercial Space / Office in Loop,Chicago,Loop,Commercial,6993759.608098716,19701 SQFT,,8.0,2015.0,2024-10-22,Pending,3,3.2
PROP-10222,1 BHK Apartment for sale in Pacific Heights,San Francisco,Pacific Heights,apartment,4773385.107402149,2489,1.0,3.0,1928.0,2025-10-06,Sold,7,4.7
PROP-10144,Residential plot of 4065 sqft in SOMA,SF,SOMA,plot,5374432.45903046,4065,,,,2025-04-06,Pending,3,4.0
PROP-11156,Commercial Space / Office in River North,Chicago,River North,Commercial,6648508.476932686,18752,,7.0,1979.0,2024/03/25,Sold,7,4.0
PROP-11726,Commercial Space / Office in SOMA,san francisco,SOMA,Commercial,2941868.647665435,-1959,,9.0,1966.0,2024-11-21,Active,3,4.2
PROP-11559,Residential plot of 6081 sqft in Manhattan,NY,Manhattan,plot,10369823.4760387,6081,,,,02/11/2025,Sold,10,4.7
PROP-10913,Residential plot of 4854 sqft in Bronx,New York,Bronx,plot,5212305.11472221,4854,,,,2025-02-15,Pending,4,4.1
PROP-11382,4 BHK Villa for sale in Manhattan,NEW YORK,Manhattan,VILLA,6726519.625357914,4352,4.0,2.0,1982.0,2024-09-07,Pending,6,4.1
PROP-12023,Commercial Space / Office in Mission District,SF,Mission District,COMMERCIAL,27303436.391429413,22622,,6.0,2013.0,2025-06-06,Pending,1,3.2
PROP-13182,2 BHK Apartment for sale in Pacific Heights,san francisco,Pacific Heights,apartment,4673992.48553833,2314,,2.0,1941.0,2024-10-19,Sold,6,4.9
PROP-11978,Commercial Space / Office in Queens,N.Y.,Queens,commercial,"$24,437,127",0,,10.0,1992.0,2024-05-27,Pending,5,3.3
PROP-10865,Commercial Space / Office in Coral Gables,Miami,Coral Gables,COMMERCIAL,12096157.429168666,12694,,9.0,1995.0,2024-01-28,Sold,10,4.3
PROP-11418,Commercial Space / Office in Downtown,Austin,Downtown,Office,7490719.173315849,14996,,9.0,2004.0,2025-06-05,Pending,5,4.3
PROP-12778,Commercial Space / Office in Pacific Heights,San Francisco,Pacific Heights,Office,33181104.42397147,15178,,6.0,2006.0,2024-12-11,Active,7,3.3
PROP-12639,Commercial Space / Office in East Austin,ATX,East Austin,COMMERCIAL,6614799.867837014,17525,,5.0,1999.0,2024-01-12,Sold,8,3.8
PROP-11936,Commercial Space / Office in Brickell,MIAMI,Brickell,Commercial,5425448.139135122,10257,,10.0,1967.0,2025-11-27,Active,9,5.0
PROP-12515,4 BHK Apartment for sale in Mission District,san francisco,Mission District,Apartment,1016076.005167791,654 SQFT,4.0,1.0,2001.0,2024-08-14,Pending,3,5.0
PROP-12066,4 BHK Apartment for sale in West Lake Hills,ATX,West Lake Hills,apartment,961944.4461670135,1367 SQFT,4.0,1.0,2017.0,2024/12/17,Sold,3,4.8
PROP-11646,3 BHK Villa for sale in Bronx,new york,Bronx,Villa,4298446.91072708,4439,3.0,3.0,2021.0,2024-01-03,Active,5,4.4
PROP-12039,Commercial Space / Office in South Austin,ATX,South Austin,commercial,4320736.63351298,11110,,5.0,2007.0,2025-10-12,Pending,7,3.0
PROP-12767,Residential plot of 8632 sqft in Brickell,MIA,Brickell,land,"$5,927,153",8632,,,,29/03/2025,Sold,7,4.3
PROP-10457,Commercial Space / Office in River North,Chicago,River North,commercial,1802525.7903273876,5257,,5.0,1979.0,2025-11-11,Sold,10,
PROP-10835,Commercial Space / Office in West Lake Hills,austin,West Lake Hills,Office,16192051.294825157,22572,,8.0,2010.0,2024-11-27,Pending,7,4.3
PROP-12970,Residential plot of 7726 sqft in Bronx,NEW YORK,Bronx,land,8134575.336495646,7726 SQFT,,,,08/10/2024,Active,4,3.3
PROP-13283,4 BHK Apartment for sale in Pacific Heights,San Francisco,Pacific Heights,apartment,3981923.806362248,2147,4.0,2.0,1943.0,2024-11-04,Sold,9,4.4
PROP-12992,4 BHK Apartment for sale in Manhattan,new york,Manhattan,apartment,3195052.8441151422,1576,4.0,1.0,1976.0,2024-03-23,Active,3,3.2
PROP-10786,3 BHK Villa for sale in Pacific Heights,san francisco,Pacific Heights,Villa,12155902.19385347,5046,3.0,5.0,1987.0,2025-07-11,Active,10,4.9
PROP-12119,Residential plot of 1229 sqft in SOMA,SAN FRANCISCO,SOMA,Land,1700425.116141932,1229,,,,2024-03-10,Active,10,4.6
PROP-11872,Commercial Space / Office in Mission District,San Francisco,Mission District,Office,29805871.979078718,23549 sqft,,5.0,2011.0,2024-09-03,Active,10,4.8
PROP-10119,Commercial Space / Office in Brickell,MIA,Brickell,Commercial,7425095.164340864,12285,,8.0,2010.0,2025-03-02,Pending,7,3.4
PROP-11953,Commercial Space / Office in Brickell,MIA,Brickell,Office,9179747.881516028,16778,,6.0,1971.0,2024-08-03,Pending,4,4.8
PROP-12131,Residential plot of 5286 sqft in South Beach,MIA,South Beach,plot,3489610.703453626,5286,,,,2025-07-20,Pending,6,4.0
PROP-12286,Residential plot of 5891 sqft in Pacific Heights,SF,Pacific Heights,plot,12117241.60346672,5891,,,,2024/10/03,Active,3,3.7
PROP-12739,4 BHK Villa for sale in Loop,chicago,Loop,Villa,841068.2963586751,-2231,4.0,4.0,1985.0,2024-08-03,Active,3,4.2
PROP-13372,4 BHK Villa for sale in River North,CHICAGO,River North,VILLA,1466962.932025257,4516,4.0,2.0,1982.0,2025-01-18,Sold,9,4.5
PROP-13033,2 BHK Apartment for sale in West Lake Hills,Austin,West Lake Hills,Apt,598743.5923954092,992,2.0,1.0,1943.0,2025-11-09,Sold,4,3.4
PROP-10314,Commercial Space / Office in Manhattan,new york,Manhattan,Office,10226744.042302152,5449,,3.0,1968.0,01/03/2025,Sold,10,4.6
PROP-13163,Commercial Space / Office in Bronx,NEW YORK,Bronx,commercial,5437541.555647197,5526,,4.0,2001.0,2025-05-07,Sold,10,4.5
PROP-10772,Commercial Space / Office in South Austin,AUSTIN,South Austin,Commercial,9209429.98331939,21607 sqft,,8.0,2001.0,2024-07-01,Active,5,3.6
PROP-11864,1 BHK Apartment for sale in Hyde Park,CHI,Hyde Park,APT,191311.45984665796,781,1.0,1.0,1961.0,2025-08-11,Sold,6,4.3
PROP-12747,5 BHK Villa for sale in South Austin,Austin,South Austin,Villa,2422829.685864945,5690,5.0,2.0,1996.0,2025-09-13,Sold,1,4.3
PROP-12160,1 BHK Apartment for sale in SOMA,SAN FRANCISCO,SOMA,APT,888998.0601464546,568,1.0,3.0,2012.0,2024-12-13,Sold,6,3.7
PROP-13371,2 BHK Apartment for sale in West Lake Hills,Austin,West Lake Hills,apartment,1223864.350445412,1767,2.0,3.0,2018.0,2024-09-18,Pending,2,
PROP-10789,Residential plot of 1173 sqft in Loop,CHI,Loop,land,434914.3173613666,1173,,,,2024-11-03,Pending,4,3.6
PROP-12049,Commercial Space / Office in Brickell,MIAMI,Brickell,COMMERCIAL,5807320.721995235,8877,,7.0,1970.0,2025-10-18,Pending,10,4.8
PROP-12850,Residential plot of 7897 sqft in Manhattan,NY,Manhattan,land,15257102.241019623,7897,,,,2024-04-15,Sold,9,4.7
PROP-10995,2 BHK Apartment for sale in West Lake Hills,Austin,West Lake Hills,APT,1426370.7844855825,2083,2.0,2.0,,2024-10-28,Pending,9,4.6
PROP-10970,3 BHK Villa for sale in River North,Chicago,River North,VILLA,1355900.054544138,3919,3.0,2.0,2005.0,2025-07-18,Pending,2,3.9
PROP-10455,6 BHK Villa for sale in West Lake Hills,ATX,West Lake Hills,villa,Contact Agent,2321,,3.0,2010.0,2025/08/06,Sold,5,3.2
PROP-10319,6 BHK Villa for sale in Marina,SAN FRANCISCO,Marina,villa,4636271.98974976,3734,6.0,3.0,2013.0,2024/12/17,Active,10,4.2
PROP-12186,Residential plot of 7933 sqft in Pacific Heights,san francisco,Pacific Heights,land,16661558.972906074,7933,,,,2024-09-07,Sold,1,3.4
PROP-11022,Residential plot of 8591 sqft in Brickell,Miami,Brickell,land,5757577.065503449,8591,,,,2025-09-02,Pending,2,3.2
PROP-11956,4 BHK Apartment for sale in Little Havana,miami,Little Havana,APT,320133.7604455175,605,4.0,3.0,1946.0,2025-04-23,Active,2,5.0
PROP-10061,Commercial Space / Office in Loop,Chicago,Loop,Office,3974032.4817213435,12863,,10.0,1997.0,2025-05-30,Sold,1,4.5
PROP-13343,Residential plot of 2399 sqft in Downtown,ATX,Downtown,plot,"$1,203,895",2399,,,,2025-08-15,Active,10,5.0
PROP-10379,Residential plot of 8952 sqft in Mission District,san francisco,Mission District,land,12757732.46760177,8952,,,,2025-03-22,Active,4,3.3
PROP-10040,Residential plot of 7965 sqft in Loop,chicago,Loop,plot,2465577.791155734,7965,,,,2024-08-18,Pending,3,3.1
PROP-12421,Residential plot of 1605 sqft in Brickell,MIAMI,Brickell,Plot,1093342 USD,1605,,,,04/11/2025,Active,9,4.6
PROP-10853,Commercial Space / Office in East Austin,austin,East Austin,Office,6641261.495815685,19950,,6.0,1977.0,2024-05-07,Pending,10,5.0
PROP-12397,Residential plot of 9899 sqft in Queens,new york,Queens,plot,12222374.033003815,9899,,,,2025-05-17,Active,7,3.3
PROP-13266,Commercial Space / Office in Hyde Park,CHICAGO,Hyde Park,Office,694339 USD,2419,,4.0,1973.0,2025-06-03,Active,2,3.1
PROP-10169,Commercial Space / Office in Lincoln Park,Chicago,Lincoln Park,Commercial,2544272.9627923868,5580,,3.0,1960.0,2024-08-15,Pending,6,4.4
PROP-10686,Residential plot of 6243 sqft in Brooklyn,new york,Brooklyn,Land,8090374.784318673,6243,,,,2025-04-28,Pending,10,4.7
PROP-10763,6 BHK Villa for sale in River North,chicago,River North,VILLA,"$1,885,368",4958,6.0,2.0,1988.0,2025/01/25,Sold,3,3.8
PROP-11804,Commercial Space / Office in West Lake Hills,austin,West Lake Hills,Office,1402635.1899440705,1933,,3.0,1961.0,2024-07-29,Pending,4,3.6
PROP-12474,3 BHK Villa for sale in South Beach,MIAMI,South Beach,villa,"$2,412,924",3892,3.0,3.0,2007.0,2025/07/16,Sold,9,4.9
PROP-12734,Residential plot of 6686 sqft in Hyde Park,chicago,Hyde Park,Land,2140103.9381057424,6686,,,,2025-09-12,Pending,1,3.8
PROP-10513,5 BHK Villa for sale in Manhattan,NEW YORK,Manhattan,villa,"$9,236,153",5667,5.0,2.0,2007.0,2025-05-18,Pending,4,3.2
PROP-12394,Commercial Space / Office in Hyde Park,CHICAGO,Hyde Park,Office,6391740.612490473,23753,,6.0,1989.0,19/10/2025,Pending,6,4.5
PROP-11618,3 BHK Apartment for sale in Brickell,miami,Brickell,apartment,"$857,186",1305,3.0,1.0,1943.0,2025/02/18,Active,1,4.7
PROP-11069,1 BHK Apartment for sale in Lincoln Park,chicago,Lincoln Park,apartment,278461.5010369522,520 SQFT,,2.0,1955.0,2024-11-07,Active,3,4.4
PROP-11545,6 BHK Villa for sale in Hyde Park,Chicago,Hyde Park,VILLA,1529385.9226178199,4997,6.0,2.0,1985.0,2025-11-19,Active,3,3.2
PROP-13471,Residential plot of 8594 sqft in Mission District,San Francisco,Mission District,Plot,12595087.837357309,8594,,,,20/03/2024,Pending,7,
PROP-11276,6 BHK Villa for sale in Hyde Park,CHI,Hyde Park,villa,1160880.429933123,4504,6.0,2.0,2015.0,2024-11-26,Pending,5,4.3
PROP-13489,3 BHK Apartment for sale in Marina,SF,Marina,apartment,1048137.9783738265,906,3.0,3.0,1982.0,2024-12-12,Active,1,4.4
PROP-12846,6 BHK Villa for sale in Bronx,New York,Bronx,villa,1868422.8996608213,1990,6.0,5.0,2007.0,2025-01-30,Sold,6,3.0
PROP-12808,Residential plot of 1939 sqft in Bronx,new york,Bronx,Plot,1700235.9865279226,1939,,,,2025-05-19,Active,7,4.1
PROP-10179,Residential plot of 2661 sqft in River North,CHI,River North,land,1023220 USD,2661,,,,2025-08-14,Sold,4,3.3
PROP-11805,4 BHK Apartment for sale in West Lake Hills,Austin,West Lake Hills,Apt,1200373.3656606674,1548,4.0,1.0,2010.0,2024-05-13,Sold,10,4.6
PROP-12138,4 BHK Apartment for sale in Brooklyn,N.Y.,Brooklyn,apartment,2800724.229301314,2239,4.0,3.0,1999.0,2025-06-30,Sold,3,3.5
PROP-10646,4 BHK Villa for sale in Brooklyn,New York,Brooklyn,villa,2454333.0694294525,1964,4.0,2.0,1993.0,2025-04-16,Sold,4,3.6
PROP-12908,1 BHK Apartment for sale in Queens,N.Y.,Queens,APT,,1871 sqft,1.0,2.0,1954.0,04/04/2024,Sold,10,4.1
PROP-12031,Commercial Space / Office in Brooklyn,N.Y.,Brooklyn,Office,9593249.332341105,7404,,10.0,1979.0,2024-10-20,Pending,3,4.4
PROP-11300,Residential plot of 8541 sqft in River North,CHI,River North,land,2866105.8437663564,8541,,,,2025/01/09,Active,5,3.1
PROP-11290,Residential plot of 9789 sqft in Coral Gables,MIA,Coral Gables,land,10058843.206035377,9789,,,,2024-10-04,Sold,6,4.0
PROP-10031,5 BHK Villa for sale in Marina,San Francisco,Marina,villa,"$4,507,381",3899,5.0,3.0,2018.0,2024-04-27,Active,5,3.2
PROP-11470,4 BHK Villa for sale in Loop,CHI,Loop,Villa,2126675.4637240916,5722,4.0,4.0,1980.0,2024-07-03,Sold,3,4.3
PROP-11071,Residential plot of 5888 sqft in Brickell,Miami,Brickell,Land,3203351.4603306046,5888,,,,2024-12-01,Active,2,
PROP-12906,1 BHK Apartment for sale in Little Havana,MIA,Little Havana,APT,1218310.38595423,2384,1.0,1.0,1926.0,2025-07-23,Pending,4,4.1
PROP-11614,6 BHK Villa for sale in South Beach,Miami,South Beach,VILLA,2808322.2131198957,4383,6.0,3.0,1999.0,2025-02-23,Sold,6,3.6
PROP-10740,6 BHK Villa for sale in Mission District,SF,Mission District,Villa,2587366.3178868345,2092,6.0,5.0,1986.0,08/02/2024,Active,2,4.5
PROP-10168,Residential plot of 2494 sqft in South Beach,miami,South Beach,plot,1591192.779238152,2494 sqft,,,,2024-12-30,Active,7,3.5
PROP-11544,Residential plot of 6976 sqft in Bronx,new york,Bronx,land,6818951.499577296,6976,,,,2024-06-06,Active,9,4.8
PROP-13104,3 BHK Villa for sale in East Austin,Austin,East Austin,Villa,2019723.0441205017,5360,3.0,3.0,2001.0,2024/09/23,Pending,1,3.2
PROP-12276,6 BHK Villa for sale in West Lake Hills,austin,West Lake Hills,VILLA,1809074.1376715375,2615,6.0,2.0,1988.0,2024-03-28,Active,2,4.3
PROP-12564,1 BHK Apartment for sale in Brickell,MIA,Brickell,Apt,1129779 USD,1794,1.0,3.0,1987.0,2025-04-15,Sold,6,4.0
PROP-10544,Commercial Space / Office in Pacific Heights,San Francisco,Pacific Heights,Commercial,26759321.495389756,12845,,8.0,2022.0,2024-02-25,Active,7,3.5
PROP-10683,6 BHK Villa for sale in Queens,New York,Queens,villa,"$3,003,695",2753,6.0,2.0,2010.0,2025-07-09,Sold,8,3.6
PROP-13337,4 BHK Villa for sale in Marina,San Francisco,Marina,Villa,5775471.275164942,4861,4.0,3.0,1988.0,2025-06-16,Sold,5,4.5
PROP-12061,Residential plot of 9307 sqft in Queens,New York,Queens,Land,11093053.423966976,9307,,,,2024-06-09,Pending,5,4.1
PROP-12797,Residential plot of 9098 sqft in East Austin,ATX,East Austin,Land,3153497.912603613,9098,,,,2024-03-19,Active,5,3.7
PROP-13295,Residential plot of 9723 sqft in Marina,SF,Marina,plot,11328307.29247746,9723,,,,2024-04-17,Active,10,4.8
PROP-11353,Commercial Space / Office in Brooklyn,NY,Brooklyn,COMMERCIAL,22716032.170740277,17084,,8.0,1978.0,2024-07-11,Active,9,4.1
PROP-11181,2 BHK Apartment for sale in Pacific Heights,san francisco,Pacific Heights,apartment,Contact Agent,1683,2.0,2.0,1989.0,2025-05-30,Active,1,
PROP-11025,Commercial Space / Office in Brickell,Miami,Brickell,commercial,9556179.059008762,17663,,9.0,2017.0,2025-06-05,Pending,1,4.3
PROP-13223,3 BHK Villa for sale in Brooklyn,new york,Brooklyn,villa,2837060.255676792,2663 sqft,3.0,5.0,1995.0,2025-04-07,Active,2,4.9
PROP-11352,Commercial Space / Office in Brooklyn,NEW YORK,Brooklyn,Commercial,8239359.177605128,6294,,10.0,1995.0,2024-03-31,Active,3,4.7
PROP-10408,6 BHK Villa for sale in Coral Gables,MIA,Coral Gables,villa,4901726.5280065285,4997,6.0,4.0,2010.0,2024-06-14,Pending,2,4.3
PROP-12388,2 BHK Apartment for sale in Lincoln Park,Chicago,Lincoln Park,APT,1409522.2105392874,2343,2.0,2.0,1969.0,2024-08-01,Sold,8,4.3
PROP-12334,1 BHK Apartment for sale in River North,CHICAGO,River North,Apartment,304637.9466439082,849,1.0,2.0,1995.0,01/10/2024,Sold,8,4.3
PROP-12261,1 BHK Apartment for sale in Hyde Park,Chicago,Hyde Park,Apartment,515752.3353512135,1666,1.0,3.0,2019.0,2024-11-20,Active,7,4.4
PROP-11400,6 BHK Villa for sale in Marina,SF,Marina,Villa,5445563.110014453,5634,,4.0,2015.0,2025-11-28,Pending,7,3.9
PROP-10496,4 BHK Apartment for sale in Brooklyn,NEW YORK,Brooklyn,APT,,1849,4.0,1.0,1993.0,2024-11-16,Pending,10,4.2
PROP-12133,Residential plot of 5990 sqft in Manhattan,New York,Manhattan,land,10637404.280451883,5990,,,,2024-12-02,Pending,6,
PROP-10054,2 BHK Apartment for sale in Queens,NY,Queens,APT,2274100.1516288305,1999,2.0,1.0,1957.0,2025-03-01,Active,9,4.4
PROP-11178,5 BHK Villa for sale in Loop,Chicago,Loop,villa,746790.8247997785,1922,5.0,4.0,2009.0,2025-05-27,Active,5,4.3
PROP-13270,5 BHK Villa for sale in Pacific Heights,san francisco,Pacific Heights,Villa,10368378.985015962,4969,5.0,2.0,,2025-07-24,Pending,2,
PROP-10842,Residential plot of 2248 sqft in Downtown,AUSTIN,Downtown,Plot,1158124.2729471023,2248,,,,04/05/2024,Active,6,3.1
PROP-10281,4 BHK Apartment for sale in Downtown,AUSTIN,Downtown,APT,583627.8453215613,1421,4.0,1.0,1962.0,2025-07-04,Sold,10,4.5
PROP-12278,4 BHK Villa for sale in Loop,CHICAGO,Loop,VILLA,1065374.2101121861,2658,4.0,5.0,1980.0,2024-12-27,Pending,9,4.6
PROP-12154,Residential plot of 3839 sqft in Brooklyn,new york,Brooklyn,land,5204915.827984252,3839,,,,2024-11-21,Sold,3,
PROP-13390,2 BHK Apartment for sale in Brickell,MIAMI,Brickell,APT,1117795.106469546,2140,2.0,1.0,2006.0,2025-06-12,Active,1,4.0
PROP-12921,Residential plot of 1052 sqft in West Lake Hills,AUSTIN,West Lake Hills,Land,653881.9312831364,1052,,,,2025-11-09,Sold,1,3.5
PROP-11679,Commercial Space / Office in Marina,San Francisco,Marina,Commercial,14276524.174097119,11967,,8.0,2006.0,2025-07-09,Active,2,4.4
PROP-12478,3 BHK Apartment for sale in River North,CHI,River North,apartment,370747.78726991575,1100,3.0,3.0,1967.0,2025-04-19,Active,9,4.2
PROP-13003,Commercial Space / Office in Coral Gables,Miami,Coral Gables,COMMERCIAL,5190970.048170596,5731,,4.0,2002.0,2024-07-31,Active,9,4.5
PROP-10573,5 BHK Villa for sale in West Lake Hills,austin,West Lake Hills,Villa,2754900.1545216506,4647,5.0,4.0,1980.0,2025/05/30,Sold,8,4.5
PROP-11500,6 BHK Villa for sale in SOMA,SF,SOMA,villa,3902748.839830612,2472,6.0,5.0,1999.0,2025-05-23,Active,6,3.2
PROP-10635,5 BHK Villa for sale in East Austin,austin,East Austin,villa,1236712.9352246362,3474,5.0,4.0,2010.0,2024/12/04,Sold,3,3.3
PROP-10503,Commercial Space / Office in West Lake Hills,Austin,West Lake Hills,commercial,11910648.145819495,16717,,9.0,1992.0,24/11/2025,Sold,2,3.8
PROP-12490,1 BHK Apartment for sale in Bronx,NEW YORK,Bronx,apartment,1831160.6242606402,1751,1.0,2.0,1968.0,2024-09-01,Active,9,4.0
PROP-11171,Commercial Space / Office in Mission District,san francisco,Mission District,commercial,1426967.2002554447,-1082,,8.0,1974.0,2024-12-11,Pending,9,4.5
PROP-12589,6 BHK Villa for sale in Mission District,SAN FRANCISCO,Mission District,VILLA,6838587.582586783,4804,,4.0,1982.0,2025-01-25,Sold,3,3.9
PROP-12605,Residential plot of 5880 sqft in South Austin,AUSTIN,South Austin,plot,2810866.7965454627,5880,,,,2024-02-15,Pending,5,4.3
PROP-12751,Residential plot of 9677 sqft in South Beach,miami,South Beach,Land,5355236.577548125,9677,,,,2024-03-17,Active,5,3.0
PROP-10828,Commercial Space / Office in River North,chicago,River North,Office,673452.6001942334,2002,,7.0,2020.0,2024-11-11,Pending,7,4.2
PROP-13297,Commercial Space / Office in Marina,san francisco,Marina,COMMERCIAL,9645629 USD,-7592,,7.0,2008.0,2025-05-22,Active,5,3.8
PROP-12083,3 BHK Villa for sale in Hyde Park,chicago,Hyde Park,Villa,1294596.518673824,4968,3.0,4.0,2022.0,2025-07-31,Active,3,4.1
PROP-11694,Commercial Space / Office in River North,CHI,River North,Office,"$3,929,904",11834,,6.0,1977.0,21/09/2024,Pending,2,3.5
PROP-11376,3 BHK Villa for sale in SOMA,SAN FRANCISCO,SOMA,villa,7032686.693429384,5791,3.0,2.0,1980.0,2024-01-23,Sold,8,3.9
PROP-11551,2 BHK Apartment for sale in Little Havana,miami,Little Havana,apartment,1162148.9998213619,2314,,2.0,1958.0,2025-02-14,Pending,8,3.6
PROP-10080,Commercial Space / Office in SOMA,SAN FRANCISCO,SOMA,commercial,19751332.195953622,13053,,9.0,1989.0,2025-01-26,Pending,5,4.6
PROP-11379,4 BHK Apartment for sale in South Austin,Austin,South Austin,Apt,1193509.400571488,-2494,,2.0,1973.0,2024-12-14,Active,8,4.3
PROP-12197,Residential plot of 6746 sqft in River North,Chicago,River North,plot,2575603.7867678516,6746,,,,2025-09-04,Pending,8,4.9
PROP-13134,Commercial Space / Office in Bronx,new york,Bronx,Commercial,17355454.00108137,16089,,4.0,1991.0,22/05/2024,Active,6,3.1
PROP-10001,Residential plot of 3547 sqft in Brooklyn,NY,Brooklyn,Land,3892878.4491104223,3547,,,,2024-12-10,Pending,2,
PROP-13267,Commercial Space / Office in Queens,new york,Queens,commercial,"$9,324,410",8858,,6.0,2017.0,2025-11-16,Active,5,3.3
PROP-10095,4 BHK Villa for sale in Brooklyn,NEW YORK,Brooklyn,Villa,5963276.1054370515,4443,4.0,4.0,2013.0,2024-03-21,Sold,9,4.6
PROP-12617,3 BHK Villa for sale in Hyde Park,chicago,Hyde Park,villa,499890.8130097024,1808,3.0,3.0,1983.0,2024-02-15,Sold,1,3.4
PROP-13143,3 BHK Apartment for sale in South Beach,miami,South Beach,apartment,"$552,259",1027,3.0,3.0,1988.0,2025-05-04,Sold,3,4.5
PROP-12886,4 BHK Apartment for sale in Downtown,AUSTIN,Downtown,Apt,820801.3019531494,2044,4.0,1.0,1947.0,2024-11-04,Active,8,4.9
PROP-11210,4 BHK Apartment for sale in Downtown,austin,Downtown,APT,916743.3140095529,2080,4.0,2.0,1925.0,2025-10-11,Sold,6,4.9
PROP-10301,Residential plot of 6556 sqft in Downtown,austin,Downtown,Plot,3378231.6275718105,6556,,,,2025-10-03,Active,10,4.2
PROP-12037,Residential plot of 9655 sqft in West Lake Hills,austin,West Lake Hills,plot,7264285.555226374,-9655,,,,2025-01-18,Sold,2,3.7
PROP-10642,Residential plot of 1937 sqft in River North,Chicago,River North,Land,773772.9501327723,1937,,,,01/02/2024,Pending,10,4.5
PROP-13129,4 BHK Villa for sale in Pacific Heights,SAN FRANCISCO,Pacific Heights,Villa,5381169.189012218,-2768,4.0,4.0,1994.0,2024-07-22,Pending,7,3.9
PROP-11188,Residential plot of 8351 sqft in Marina,san francisco,Marina,Plot,9119159.54251157,8351,,,,2024-09-13,Pending,7,4.4
PROP-13401,Commercial Space / Office in Marina,SF,Marina,commercial,52152145.423343465,2754,,6.0,1974.0,24/05/2025,Sold,9,4.3
PROP-11318,5 BHK Villa for sale in Hyde Park,CHI,Hyde Park,VILLA,733587.6341479735,2802,5.0,4.0,2014.0,2024/03/25,Pending,5,4.5
PROP-11185,3 BHK Villa for sale in Little Havana,miami,Little Havana,VILLA,2575195.2042882773,4940,3.0,3.0,1998.0,2025-03-21,Pending,5,
PROP-10196,5 BHK Villa for sale in Pacific Heights,San Francisco,Pacific Heights,villa,7327531.388698508,3629,5.0,5.0,2001.0,2025-08-22,Active,8,3.1
PROP-11467,Residential plot of 5230 sqft in Bronx,new york,Bronx,Land,,5230,,,,2024-07-31,Sold,5,3.6
PROP-13385,Residential plot of 9384 sqft in West Lake Hills,Austin,West Lake Hills,Plot,5716388.414313773,9384,,,,2025-06-23,Sold,7,
PROP-10500,3 BHK Apartment for sale in Pacific Heights,SF,Pacific Heights,APT,4192339.874274165,1934,3.0,3.0,1954.0,2024-02-19,Pending,3,3.7
PROP-11423,4 BHK Apartment for sale in Bronx,New York,Bronx,APT,1682277.2276975417,1576,4.0,1.0,1927.0,2025-01-04,Active,10,4.3
PROP-11656,3 BHK Apartment for sale in Coral Gables,MIA,Coral Gables,Apartment,"$1,870,604",2298,3.0,3.0,1941.0,2024-07-29,Sold,9,4.4
PROP-11750,Residential plot of 8130 sqft in Brickell,MIAMI,Brickell,plot,4865865.3358978005,8130,,,,2024-11-07,Pending,3,4.2
PROP-12769,3 BHK Apartment for sale in SOMA,SF,SOMA,APT,1777625.7729599073,1295 sqft,3.0,3.0,1923.0,22/01/2024,Sold,5,4.0
PROP-11221,2 BHK Apartment for sale in East Austin,AUSTIN,East Austin,Apt,297313.5752774256,844,,2.0,1964.0,2024-12-09,Sold,7,4.1
PROP-11395,Residential plot of 2003 sqft in South Beach,MIAMI,South Beach,Plot,1123146 USD,2003,,,,2024-10-05,Pending,9,4.5
PROP-11790,Commercial Space / Office in Lincoln Park,CHI,Lincoln Park,Commercial,2321910.384255786,4963,,8.0,1984.0,2025-07-07,Active,4,3.6
PROP-11634,Residential plot of 8149 sqft in SOMA,SF,SOMA,Plot,11776700.865624042,8149,,,,2025-03-09,Pending,10,4.4
PROP-11298,2 BHK Apartment for sale in River North,CHICAGO,River North,APT,560222.1609607833,1520,2.0,3.0,1952.0,2024-12-10,Sold,9,4.7
PROP-12614,Residential plot of 2948 sqft in Bronx,NY,Bronx,Plot,3056620.51380839,2948,,,,2025-03-21,Pending,1,4.9
PROP-10682,5 BHK Villa for sale in SOMA,SF,SOMA,Villa,5957552.545623769,3977,5.0,2.0,1992.0,2024/03/06,Active,10,4.2
PROP-11859,Residential plot of 7397 sqft in Loop,CHI,Loop,land,2525494.42490243,7397,,,,2025-06-15,Active,9,4.1
PROP-13493,5 BHK Villa for sale in Pacific Heights,SF,Pacific Heights,VILLA,5930183.669756795,3071,5.0,4.0,1988.0,2024-11-28,Pending,9,4.2
PROP-12615,4 BHK Apartment for sale in Hyde Park,chicago,Hyde Park,APT,689641.8197988166,2176,4.0,2.0,2002.0,15/05/2024,Sold,6,3.1
PROP-12789,2 BHK Apartment for sale in Little Havana,miami,Little Havana,APT,,603,2.0,1.0,1957.0,19/07/2024,Active,1,4.2
PROP-12210,Commercial Space / Office in West Lake Hills,austin,West Lake Hills,commercial,9473003.232012661,16239,,8.0,1975.0,2025-04-25,Sold,9,4.9
PROP-11713,Commercial Space / Office in Lincoln Park,Chicago,Lincoln Park,Commercial,6332972.05196063,10842,,10.0,1983.0,20/10/2024,Sold,4,4.2
PROP-10170,4 BHK Villa for sale in Manhattan,New York,Manhattan,VILLA,"$8,670,367",5432,4.0,2.0,2001.0,2025-04-17,Sold,9,4.4
PROP-11158,3 BHK Apartment for sale in Coral Gables,miami,Coral Gables,apartment,"$1,411,815",1802,3.0,3.0,1921.0,2024-07-27,Active,5,3.8
PROP-12638,Residential plot of 4880 sqft in Marina,SAN FRANCISCO,Marina,Land,5300501.032364234,4880,,,,2024-11-01,Active,3,
PROP-13443,4 BHK Villa for sale in Downtown,Austin,Downtown,VILLA,2154864.8520364556,4492,4.0,3.0,2000.0,2025-08-12,Pending,8,3.9
PROP-11451,3 BHK Villa for sale in Loop,CHI,Loop,villa,1516025.0063402413,4791,3.0,4.0,1986.0,2025-04-14,Pending,2,4.5
PROP-11219,Commercial Space / Office in Downtown,austin,Downtown,commercial,8153842.713250548,16201,,9.0,2002.0,2025-06-19,Pending,3,3.8
PROP-12981,Commercial Space / Office in Little Havana,miami,Little Havana,commercial,1966293.0643737775,4272,,10.0,2010.0,2025-07-22,Pending,9,4.7
PROP-12267,Residential plot of 4939 sqft in East Austin,ATX,East Austin,land,1638348.9561376935,4939 sqft,,,,2024-08-16,Sold,10,4.4
PROP-12354,Commercial Space / Office in Manhattan,N.Y.,Manhattan,commercial,28952819.604248114,14230,,9.0,,2024-06-27,Sold,4,4.8
PROP-13314,Commercial Space / Office in River North,CHICAGO,River North,Commercial,"$5,966,864",17417,,3.0,2004.0,2025-07-07,Active,2,4.5
PROP-11763,Commercial Space / Office in West Lake Hills,ATX,West Lake Hills,Commercial,6710271.645817999,10759,,10.0,1987.0,2025-07-26,Sold,10,4.7
PROP-13420,Residential plot of 2726 sqft in East Austin,Austin,East Austin,Land,1119562.7524954653,2726,,,,2024-09-11,Active,5,3.5
PROP-10056,1 BHK Apartment for sale in West Lake Hills,AUSTIN,West Lake Hills,apartment,937850.9135796472,1465,1.0,3.0,1991.0,2025-09-16,Active,8,4.8
PROP-12781,Commercial Space / Office in Bronx,NEW YORK,Bronx,commercial,16041043.95687939,19645,,6.0,1997.0,26/09/2024,Pending,2,4.7
PROP-12132,3 BHK Apartment for sale in Brickell,miami,Brickell,apartment,1415820.5106372882,2458,3.0,1.0,1996.0,2025-02-10,Sold,9,4.2
PROP-10554,3 BHK Apartment for sale in South Beach,MIA,South Beach,apartment,896631.8939447418,1429,3.0,1.0,1950.0,2024-08-15,Sold,6,4.5
PROP-11078,2 BHK Apartment for sale in Loop,Chicago,Loop,Apt,750567.4655448914,1969,2.0,1.0,2004.0,2024-10-26,Pending,1,3.9
PROP-13001,5 BHK Villa for sale in Hyde Park,chicago,Hyde Park,villa,752828.728010792,2756,5.0,4.0,1989.0,2025-07-29,Sold,1,4.8
PROP-10671,Commercial Space / Office in Lincoln Park,chicago,Lincoln Park,COMMERCIAL,553239.7752111772,1109,,10.0,2013.0,2025-04-20,Sold,2,3.8
PROP-12903,2 BHK Apartment for sale in Mission District,SF,Mission District,Apartment,871759.4906964917,555,2.0,2.0,1974.0,2024-10-05,Pending,3,3.5
PROP-12296,Commercial Space / Office in Little Havana,MIA,Little Havana,Commercial,3451512.05339219,6313,,7.0,1979.0,2024-04-12,Pending,5,3.6
PROP-10472,Residential plot of 8596 sqft in Brickell,miami,Brickell,land,4857191.3842059,8596,,,,2024-10-17,Sold,8,3.1
PROP-11511,Commercial Space / Office in Lincoln Park,chicago,Lincoln Park,Commercial,11284460.64802111,24050,,5.0,1970.0,2024/02/17,Sold,8,4.8
PROP-12000,6 BHK Villa for sale in West Lake Hills,Austin,West Lake Hills,villa,2471991.1999246664,4046,6.0,3.0,1994.0,20/10/2024,Pending,7,4.7
PROP-12456,1 BHK Apartment for sale in Marina,san francisco,Marina,Apartment,961867.7318733173,946,1.0,3.0,1953.0,2024-03-17,Sold,8,4.4
PROP-12926,3 BHK Apartment for sale in West Lake Hills,AUSTIN,West Lake Hills,apartment,1273957.073072173,1929,3.0,2.0,1942.0,2024-02-13,Sold,10,4.2
PROP-12427,4 BHK Apartment for sale in Manhattan,N.Y.,Manhattan,Apartment,3498575.9738233536,2160,4.0,2.0,1979.0,2024-04-03,Sold,6,3.2
PROP-12545,1 BHK Apartment for sale in Mission District,SF,Mission District,Apartment,3386852.622737837,2258,1.0,2.0,1993.0,2024-06-19,Sold,10,4.9
PROP-13000,Residential plot of 3306 sqft in Brooklyn,new york,Brooklyn,plot,3642793.5200494863,3306,,,,21/04/2025,Pending,6,3.8
PROP-11765,Commercial Space / Office in East Austin,AUSTIN,East Austin,COMMERCIAL,4795145.972633177,15269,,7.0,1972.0,2024-02-29,Active,1,3.1
PROP-11862,Residential plot of 2099 sqft in South Beach,Miami,South Beach,Land,1391534.8245467788,2099,,,,2024/05/14,Sold,10,4.3
PROP-12214,Residential plot of 7420 sqft in South Austin,Austin,South Austin,plot,3177457.5024168137,7420,,,,2025-10-03,Pending,9,4.6
PROP-12543,4 BHK Apartment for sale in West Lake Hills,austin,West Lake Hills,apartment,"$601,951",987,4.0,2.0,1973.0,2025-02-27,Active,9,4.6
PROP-10688,Commercial Space / Office in West Lake Hills,AUSTIN,West Lake Hills,Office,11207781.09193854,14668 sqft,,2.0,2008.0,2024/02/26,Pending,3,4.9
PROP-10867,1 BHK Apartment for sale in Marina,SF,Marina,apartment,1497558.1693208509,1267,1.0,3.0,1942.0,2025-03-06,Active,4,3.1
PROP-12804,6 BHK Villa for sale in South Beach,MIAMI,South Beach,villa,1911839.4246815243,3172,6.0,4.0,2005.0,2025/08/22,Sold,10,4.8
PROP-12090,5 BHK Villa for sale in West Lake Hills,ATX,West Lake Hills,VILLA,1323709.7104913823,2210,5.0,5.0,2014.0,2024-06-13,Active,3,4.9
PROP-13478,Residential plot of 5797 sqft in Brooklyn,NY,Brooklyn,Plot,6748381.562907661,5797,,,,2024-02-28,Sold,2,4.1
PROP-11639,Commercial Space / Office in Lincoln Park,CHI,Lincoln Park,Commercial,4022499.0461199214,8089,,4.0,1972.0,2024-10-31,Active,3,4.2
PROP-11281,Commercial Space / Office in East Austin,austin,East Austin,Commercial,"$5,694,858",15501,,7.0,1987.0,2025-09-15,Active,9,4.1
PROP-10458,Commercial Space / Office in Marina,San Francisco,Marina,commercial,20842790.716760833,18231,,7.0,2018.0,2025-05-17,Sold,1,4.5
PROP-10285,6 BHK Villa for sale in Brickell,MIA,Brickell,VILLA,1736846.5926183367,3051,6.0,4.0,2018.0,2025-07-09,Sold,3,4.2
PROP-11651,Residential plot of 7628 sqft in East Austin,Austin,East Austin,land,"$2,477,807",7628,,,,2024-12-14,Sold,4,4.2
PROP-11821,Commercial Space / Office in Lincoln Park,CHICAGO,Lincoln Park,Office,9772473.01832952,20371,,6.0,2013.0,2024/07/18,Pending,5,3.5
PROP-11254,Commercial Space / Office in Downtown,austin,Downtown,Commercial,7717457.258586497,19861,,4.0,2021.0,07/12/2024,Sold,10,
PROP-12715,Commercial Space / Office in Hyde Park,Chicago,Hyde Park,Commercial,5732091.177240051,18912,,8.0,1971.0,30/10/2024,Pending,2,3.4
PROP-12802,3 BHK Apartment for sale in Pacific Heights,San Francisco,Pacific Heights,APT,1134667.5608567472,546,3.0,1.0,2001.0,2024-03-03,Pending,9,4.8
PROP-11543,Residential plot of 7783 sqft in River North,chicago,River North,land,2676348.7010676954,7783,,,,2024/03/05,Pending,9,4.2
PROP-11247,6 BHK Villa for sale in Lincoln Park,chicago,Lincoln Park,villa,2954146.216629426,5711,6.0,5.0,2011.0,2024-07-10,Pending,1,3.6
PROP-11137,3 BHK Apartment for sale in East Austin,AUSTIN,East Austin,apartment,886123.8158906329,2202,3.0,3.0,2015.0,19/05/2024,Active,8,3.5
PROP-13412,Residential plot of 5970 sqft in South Beach,MIA,South Beach,Plot,3459946.0184238995,5970,,,,02/03/2025,Sold,6,3.9
PROP-12484,Residential plot of 1861 sqft in Marina,San Francisco,Marina,Plot,1949767.7343070174,1861,,,,2024-08-29,Pending,8,4.9
PROP-11939,4 BHK Apartment for sale in Manhattan,N.Y.,Manhattan,apartment,881442.8159684945,556,4.0,1.0,1982.0,2025-02-15,Active,3,4.6
PROP-13370,Commercial Space / Office in Pacific Heights,san francisco,Pacific Heights,Commercial,10566986.374816393,5139,,2.0,1962.0,2025-07-23,Pending,3,3.8
PROP-11246,4 BHK Villa for sale in Mission District,SAN FRANCISCO,Mission District,VILLA,7089489.583319146,4969,4.0,3.0,2006.0,2024-05-11,Pending,7,3.1
PROP-10473,Residential plot of 7628 sqft in Mission District,San Francisco,Mission District,land,12043012.026493756,7628,,,,2025/02/08,Pending,7,4.0
PROP-11406,2 BHK Apartment for sale in East Austin,Austin,East Austin,APT,334563.98944642366,811,2.0,2.0,1937.0,2025-01-23,Pending,4,4.6
PROP-11239,Commercial Space / Office in Pacific Heights,san francisco,Pacific Heights,COMMERCIAL,8309130.231982287,3910,,3.0,1986.0,2025/03/09,Sold,2,4.4
PROP-13494,Commercial Space / Office in Little Havana,Miami,Little Havana,commercial,7556471.823269762,14837,,5.0,1994.0,2024-08-23,Sold,3,4.2
PROP-12344,Residential plot of 1918 sqft in Pacific Heights,San Francisco,Pacific Heights,Land,3565085.9233460487,1918,,,,2024-12-03,Pending,2,3.2
PROP-11295,Commercial Space / Office in Loop,chicago,Loop,commercial,"$986,839",2493,,6.0,2011.0,2024/06/06,Sold,7,3.1
PROP-11192,Residential plot of 3964 sqft in Manhattan,new york,Manhattan,plot,7085660.750218939,3964,,,,2025-02-16,Active,10,4.2
PROP-10469,Commercial Space / Office in Brooklyn,new york,Brooklyn,COMMERCIAL,7169537.957610787,7014,,9.0,2000.0,2025-05-18,Active,1,4.3
PROP-12393,4 BHK Apartment for sale in West Lake Hills,ATX,West Lake Hills,Apt,1532359.0119454383,2150,,3.0,1978.0,2024/01/10,Sold,6,3.1
PROP-11562,Commercial Space / Office in Bronx,N.Y.,Bronx,Office,9938573.750998149,11049,,9.0,1983.0,2024-12-25,Pending,3,4.0
PROP-10247,4 BHK Villa for sale in Coral Gables,miami,Coral Gables,villa,Contact Agent,3435,4.0,3.0,1996.0,26/07/2024,Sold,6,3.3
PROP-11172,Commercial Space / Office in Loop,CHI,Loop,COMMERCIAL,492213.22480545274,1599,,7.0,2014.0,2024/04/13,Active,2,3.3
PROP-11369,4 BHK Villa for sale in Mission District,SAN FRANCISCO,Mission District,villa,6599042.041261316,5064 sqft,4.0,5.0,1998.0,2025-04-15,Pending,3,3.6
PROP-11901,Commercial Space / Office in SOMA,san francisco,SOMA,Office,17995056.419078406,12785,,2.0,1968.0,03/09/2025,Active,8,4.8
PROP-11912,1 BHK Apartment for sale in Marina,SF,Marina,Apt,2705348.43179056,2311,1.0,2.0,1943.0,2024-08-25,Pending,4,3.2
PROP-10806,Commercial Space / Office in South Beach,MIA,South Beach,Office,6110205.661571991,11261,,3.0,1968.0,2025-01-05,Active,3,4.7
PROP-13147,2 BHK Apartment for sale in Pacific Heights,SAN FRANCISCO,Pacific Heights,apartment,2658282.689784661,1423,2.0,2.0,2008.0,2025-01-22,Sold,5,4.2
PROP-12530,3 BHK Apartment for sale in Little Havana,Miami,Little Havana,APT,900911.9543072697,1807,3.0,3.0,2007.0,2024-08-23,Sold,5,3.2
PROP-11059,Commercial Space / Office in Bronx,NEW YORK,Bronx,Office,12541628.73389899,12547,,5.0,2013.0,2024/07/31,Sold,10,4.7
PROP-10228,Commercial Space / Office in Coral Gables,MIAMI,Coral Gables,commercial,1131514.4906380938,1158,,7.0,1975.0,2025-10-18,Pending,3,4.4
PROP-12580,Residential plot of 3650 sqft in Loop,chicago,Loop,plot,1317421.6522457462,3650,,,,2025-01-24,Pending,7,3.4
PROP-10017,4 BHK Villa for sale in Manhattan,NEW YORK,Manhattan,VILLA,7539133.361832807,3945,4.0,5.0,2015.0,2025-07-28,Active,5,4.1
PROP-11017,Residential plot of 4686 sqft in SOMA,SAN FRANCISCO,SOMA,Land,"$5,616,708",4686,,,,2025-02-06,Pending,5,3.7
PROP-12519,2 BHK Apartment for sale in Hyde Park,CHI,Hyde Park,apartment,594710.2278175385,2149,2.0,2.0,,2024-11-23,Sold,5,4.5
PROP-11882,2 BHK Apartment for sale in Manhattan,NY,Manhattan,Apartment,4349707.399785292,2286,2.0,1.0,1983.0,2025-11-13,Active,8,4.9
PROP-12806,3 BHK Apartment for sale in West Lake Hills,ATX,West Lake Hills,apartment,960869.5490886467,1450,3.0,1.0,1947.0,2024-04-18,Active,3,4.5
PROP-10675,Commercial Space / Office in South Beach,Miami,South Beach,Office,16264699.93359838,24790,,2.0,1978.0,2024-02-10,Sold,10,4.4
PROP-12980,Residential plot of 2794 sqft in Bronx,New York,Bronx,Land,2663787.2357610646,2794,,,,10/06/2024,Active,10,4.4
PROP-11535,3 BHK Apartment for sale in West Lake Hills,AUSTIN,West Lake Hills,apartment,843234.9526264421,1201,3.0,3.0,2013.0,2024-11-12,Sold,6,4.8
PROP-11118,2 BHK Apartment for sale in Marina,San Francisco,Marina,apartment,1113117.618537365,990,,2.0,1924.0,2025-06-02,Active,9,4.8
PROP-12568,5 BHK Villa for sale in Marina,SAN FRANCISCO,Marina,villa,,2641,5.0,3.0,,2024-07-24,Sold,1,3.3
PROP-10766,Residential plot of 7117 sqft in South Beach,miami,South Beach,Land,4663644.6359903235,7117,,,,2024-05-11,Pending,4,3.0
PROP-12709,Commercial Space / Office in River North,CHI,River North,Commercial,6742077.635445603,18763,,2.0,1990.0,2025-03-03,Active,1,3.1
PROP-12396,Residential plot of 1383 sqft in Lincoln Park,Chicago,Lincoln Park,land,805321.9755110163,1383,,,,10/04/2024,Pending,4,4.7
PROP-10543,Commercial Space / Office in Mission District,SF,Mission District,commercial,18733386.753954664,14157,,7.0,1964.0,2025-09-10,Sold,8,3.2
PROP-11704,Residential plot of 3842 sqft in West Lake Hills,austin,West Lake Hills,land,2354407.409346385,3842 SQFT,,,,2025-10-27,Pending,8,4.3
PROP-12260,2 BHK Apartment for sale in Loop,chicago,Loop,Apartment,"$251,611",712,2.0,2.0,1947.0,2024-04-02,Sold,2,3.9
PROP-12815,Residential plot of 7397 sqft in Brooklyn,NEW YORK,Brooklyn,Land,8386810.127231682,7397,,,,2024/02/06,Sold,5,4.8
PROP-11370,Residential plot of 1522 sqft in South Austin,austin,South Austin,Plot,638444.6021814718,1522,,,,2025-04-10,Pending,2,4.4
PROP-13045,2 BHK Apartment for sale in Lincoln Park,CHICAGO,Lincoln Park,Apt,776565.5133159927,1693,2.0,1.0,,2025-07-24,Sold,8,3.2
PROP-10592,Residential plot of 8168 sqft in Brickell,miami,Brickell,land,5163750.984990448,8168,,,,2024-08-18,Active,7,4.6
PROP-11766,Commercial Space / Office in Lincoln Park,CHI,Lincoln Park,commercial,13141223.586220646,23377,,4.0,1982.0,2025-11-03,Active,3,3.3
PROP-13428,6 BHK Villa for sale in Manhattan,New York,Manhattan,VILLA,8964994.584794413,5806,6.0,3.0,2015.0,2024/02/04,Sold,10,4.6
PROP-10096,3 BHK Apartment for sale in Pacific Heights,San Francisco,Pacific Heights,Apartment,1345033.2131523245,593,3.0,3.0,1946.0,2025-03-02,Active,8,4.8
PROP-12398,1 BHK Apartment for sale in Loop,CHICAGO,Loop,Apt,225887.13383473599,728,1.0,2.0,1970.0,2025-09-10,Pending,8,3.1
PROP-11905,Commercial Space / Office in East Austin,ATX,East Austin,Office,4059118.179998937,12927,,6.0,1994.0,2025-07-09,Active,10,4.7
PROP-13175,Commercial Space / Office in Mission District,SF,Mission District,Commercial,28932226.985529676,20664,,3.0,1971.0,2024-03-19,Active,3,4.8
PROP-12085,Residential plot of 8267 sqft in South Beach,MIAMI,South Beach,land,4983366.601447189,8267,,,,2024/05/25,Sold,8,4.9
PROP-10156,5 BHK Villa for sale in Queens,new york,Queens,VILLA,"$6,001,581",5009,5.0,2.0,1995.0,2024-04-25,Sold,10,4.9
PROP-10712,4 BHK Apartment for sale in South Austin,ATX,South Austin,apartment,386533.0997163228,921,4.0,1.0,2006.0,2024-12-01,Active,9,4.1
PROP-11487,Commercial Space / Office in South Austin,ATX,South Austin,COMMERCIAL,8117483.382115336,18176,,8.0,2008.0,2024-08-09,Pending,3,3.1
PROP-12785,Commercial Space / Office in Brooklyn,NEW YORK,Brooklyn,commercial,9202515 USD,6912,,5.0,2022.0,2025/04/11,Active,8,3.6
PROP-13247,Commercial Space / Office in Coral Gables,miami,Coral Gables,Commercial,18672545.24207087,19336,,3.0,,2024-12-19,Pending,4,4.8
PROP-10425,Residential plot of 5213 sqft in Marina,San Francisco,Marina,land,5122212.626278221,5213,,,,2024-04-11,Pending,3,3.4
PROP-11945,Residential plot of 3062 sqft in Brickell,MIA,Brickell,land,2090889.0659770663,3062,,,,2025-11-18,Pending,4,4.0
PROP-13092,Residential plot of 1809 sqft in South Austin,Austin,South Austin,Land,820036.2801376813,1809,,,,14/09/2025,Active,1,3.8
PROP-13367,Commercial Space / Office in West Lake Hills,AUSTIN,West Lake Hills,Commercial,Contact Agent,18472,,3.0,2003.0,2024/12/30,Pending,1,4.2
PROP-10447,4 BHK Villa for sale in Mission District,SAN FRANCISCO,Mission District,VILLA,8836480.321006361,5805,4.0,2.0,2010.0,2025-09-21,Sold,7,4.5
PROP-10827,5 BHK Villa for sale in SOMA,SF,SOMA,Villa,8118746.817121802,5943,5.0,5.0,2005.0,2024-12-05,Active,5,4.2
PROP-13394,1 BHK Apartment for sale in East Austin,Austin,East Austin,apartment,743304.4450218872,1797,1.0,2.0,1932.0,2025-06-19,Pending,9,4.1
PROP-11140,5 BHK Villa for sale in Brooklyn,N.Y.,Brooklyn,villa,3958241.086682752,2891,5.0,4.0,1990.0,2024-09-25,Active,4,
PROP-12077,2 BHK Apartment for sale in West Lake Hills,Austin,West Lake Hills,apartment,374939.79394450365,526,2.0,3.0,1920.0,15/03/2025,Sold,10,4.7
PROP-10131,Residential plot of 2499 sqft in Marina,SAN FRANCISCO,Marina,Plot,2383410.241196109,2499,,,,2024-11-11,Pending,2,3.3
PROP-11431,Residential plot of 8593 sqft in Downtown,austin,Downtown,land,3478446.1448389087,8593,,,,2024-01-09,Active,7,3.3
PROP-12460,6 BHK Villa for sale in Downtown,Austin,Downtown,villa,1873021.2806676952,4129,6.0,3.0,2015.0,2024-06-23,Pending,6,3.5
PROP-11143,Commercial Space / Office in South Austin,austin,South Austin,Commercial,2115353.880708863,4535,,10.0,2013.0,2024-02-06,Pending,9,4.7
PROP-10756,4 BHK Villa for sale in River North,CHICAGO,River North,villa,1283123.4268512668,3942 sqft,4.0,5.0,1998.0,2025/04/05,Active,6,4.7
PROP-12827,Commercial Space / Office in Bronx,new york,Bronx,COMMERCIAL,1642745.0658368154,1743 sqft,,7.0,2016.0,2025-09-12,Active,2,4.7
PROP-12720,5 BHK Villa for sale in South Austin,austin,South Austin,Villa,1319368.8479929236,3323,5.0,3.0,2021.0,27/08/2025,Active,9,4.7
PROP-13012,Commercial Space / Office in Mission District,san francisco,Mission District,Office,28161330.7904017,20010,,6.0,1999.0,2025-01-01,Sold,1,4.0
PROP-11168,Commercial Space / Office in Coral Gables,MIA,Coral Gables,Commercial,Contact Agent,22705,,4.0,1997.0,2024-07-31,Active,7,4.9
PROP-12293,Residential plot of 5620 sqft in West Lake Hills,Austin,West Lake Hills,plot,3675501.7398303,5620 sqft,,,,2024-05-17,Pending,1,3.2
PROP-13307,6 BHK Villa for sale in South Beach,MIA,South Beach,VILLA,3292338.97016103,5025,6.0,3.0,2021.0,2025-03-13,Pending,10,4.2
PROP-11079,Residential plot of 7781 sqft in Bronx,NY,Bronx,Land,6586544.946703659,7781,,,,2025/09/07,Active,5,3.1
PROP-11312,Commercial Space / Office in South Austin,Austin,South Austin,commercial,8846843 USD,-17927,,6.0,2005.0,2024-09-26,Pending,9,4.1
PROP-12302,3 BHK Apartment for sale in River North,CHICAGO,River North,Apartment,668918.0690277558,1786 SQFT,3.0,3.0,1975.0,2024-08-05,Sold,10,4.8
PROP-10093,6 BHK Villa for sale in Brickell,Miami,Brickell,Villa,,3739,6.0,2.0,2003.0,2025-01-12,Sold,3,4.2
PROP-12662,Commercial Space / Office in South Beach,MIAMI,South Beach,Commercial,5893847.809607739,9674 sqft,,8.0,1977.0,2024-12-04,Active,9,4.2
PROP-12022,Residential plot of 9018 sqft in Coral Gables,miami,Coral Gables,land,7986132.156956603,9018 SQFT,,,,2024-08-26,Sold,5,
PROP-13154,Residential plot of 4287 sqft in South Austin,austin,South Austin,land,1658206.335195119,4287,,,,2025-05-18,Pending,1,4.0
PROP-12494,5 BHK Villa for sale in Loop,CHICAGO,Loop,villa,1688186.5459066592,4232,5.0,3.0,1996.0,2025-10-27,Active,3,3.2
PROP-10385,Residential plot of 2644 sqft in River North,CHI,River North,land,1015460.1683456787,2644,,,,2024-09-24,Pending,7,4.2
PROP-10987,2 BHK Apartment for sale in Brickell,MIAMI,Brickell,Apt,1129128.9174315128,1734,2.0,2.0,2010.0,2024-04-19,Sold,6,3.5
PROP-10932,2 BHK Apartment for sale in Bronx,new york,Bronx,Apt,1988461.236017753,1907,2.0,1.0,1976.0,2024/08/10,Sold,10,5.0
PROP-12457,4 BHK Villa for sale in West Lake Hills,ATX,West Lake Hills,Villa,3719387.167330227,5447,4.0,4.0,2009.0,2024-08-22,Pending,2,3.6
PROP-10013,3 BHK Villa for sale in Little Havana,miami,Little Havana,villa,1491358.5368871617,3583,3.0,2.0,2000.0,2025-08-21,Sold,3,3.1
PROP-11933,3 BHK Apartment for sale in River North,CHI,River North,Apt,318817.9183554502,1026,3.0,1.0,1975.0,2024-10-26,Pending,1,4.4
PROP-10476,5 BHK Villa for sale in Brooklyn,NY,Brooklyn,villa,4377607.029202731,3871,5.0,5.0,2017.0,2025-02-25,Sold,2,3.2
PROP-12632,Commercial Space / Office in Brooklyn,NY,Brooklyn,commercial,,8119,,8.0,1964.0,2024-09-16,Active,6,4.5
PROP-13006,Commercial Space / Office in West Lake Hills,AUSTIN,West Lake Hills,commercial,3527911.7844510325,5726,,3.0,1985.0,2025-02-20,Sold,7,4.7
PROP-10097,4 BHK Apartment for sale in Hyde Park,CHI,Hyde Park,Apartment,227981.81525132447,823,4.0,2.0,1981.0,2024-12-14,Pending,6,4.5
PROP-12137,3 BHK Villa for sale in SOMA,SF,SOMA,villa,3361517.6201381027,2374,3.0,2.0,1996.0,2024-12-05,Sold,9,4.9
PROP-11074,3 BHK Apartment for sale in Hyde Park,chicago,Hyde Park,APT,237895.19536264858,925,3.0,1.0,1939.0,2025/01/10,Active,3,4.6
PROP-11665,Commercial Space / Office in SOMA,SAN FRANCISCO,SOMA,Office,5256458.678771291,3452,,6.0,1987.0,03/12/2024,Sold,6,4.4
PROP-13087,3 BHK Villa for sale in Mission District,SF,Mission District,Villa,4876150.241484006,3976,3.0,4.0,2020.0,2024-11-24,Sold,9,4.4
PROP-13121,Commercial Space / Office in Brickell,MIAMI,Brickell,Office,3739353.191672412,6272,,2.0,2005.0,2024-08-05,Sold,2,4.5
PROP-11439,3 BHK Villa for sale in Lincoln Park,Chicago,Lincoln Park,VILLA,2705988.4024352296,4552,3.0,5.0,2011.0,2024-11-14,Sold,6,4.4
PROP-10676,Residential plot of 6567 sqft in South Beach,miami,South Beach,land,3516963.535220107,0,,,,2024-09-05,Active,7,3.2
PROP-10694,2 BHK Apartment for sale in South Beach,miami,South Beach,Apt,1107312 USD,1749,2.0,1.0,2018.0,2024-10-10,Sold,5,4.3
PROP-13186,Residential plot of 3077 sqft in East Austin,Austin,East Austin,plot,1120262.596637789,3077,,,,2024-12-01,Active,3,3.3
PROP-10960,3 BHK Apartment for sale in Coral Gables,Miami,Coral Gables,Apt,1870219.514141381,2331,3.0,2.0,1988.0,2024-05-03,Pending,9,
PROP-10487,Commercial Space / Office in Brickell,Miami,Brickell,Commercial,9990827.986889226,18638,,9.0,1980.0,30/10/2024,Pending,8,3.3
PROP-13441,Residential plot of 6541 sqft in Hyde Park,CHI,Hyde Park,land,28029809.079172436,6541,,,,2024-09-12,Active,2,4.9
PROP-12770,Residential plot of 2796 sqft in Mission District,SAN FRANCISCO,Mission District,land,3719847.7365993215,2796,,,,2025-04-25,Pending,10,4.2
PROP-11547,4 BHK Apartment for sale in South Beach,MIAMI,South Beach,apartment,Contact Agent,1282,4.0,1.0,1985.0,2024-12-12,Active,10,4.6
PROP-11568,Residential plot of 9700 sqft in Manhattan,NY,Manhattan,Land,Contact Agent,9700,,,,2025-07-23,Sold,10,4.3
PROP-11570,2 BHK Apartment for sale in River North,CHI,River North,apartment,232847.2838882556,586,2.0,3.0,1995.0,2024-06-21,Active,8,3.1
PROP-10561,Residential plot of 6388 sqft in Downtown,Austin,Downtown,Plot,2627763.0656244713,6388,,,,2025-08-04,Active,10,4.3
PROP-12520,Residential plot of 6152 sqft in Brickell,MIA,Brickell,land,3317172.567050846,6152,,,,2024-02-14,Pending,6,
PROP-11662,Commercial Space / Office in South Beach,MIA,South Beach,COMMERCIAL,4211561.664396569,8146,,6.0,2003.0,2024-08-03,Pending,4,4.6
PROP-10764,2 BHK Apartment for sale in SOMA,San Francisco,SOMA,Apt,1867575.6802442546,1467,2.0,2.0,1963.0,2025-05-24,Pending,10,4.2
PROP-10823,Commercial Space / Office in South Beach,miami,South Beach,COMMERCIAL,14495389.757529544,22647,,9.0,,2024-09-30,Active,4,
PROP-10334,1 BHK Apartment for sale in East Austin,ATX,East Austin,apartment,332949.2111254871,893,1.0,3.0,1932.0,2025-07-06,Pending,4,3.6
PROP-10889,2 BHK Apartment for sale in River North,CHI,River North,Apartment,285153.14994187956,738,2.0,2.0,2019.0,2024/02/13,Active,9,4.4
PROP-13324,Residential plot of 2527 sqft in Loop,chicago,Loop,plot,768658.7715146515,2527,,,,2024-10-18,Pending,7,3.9
PROP-10937,Commercial Space / Office in Little Havana,MIA,Little Havana,COMMERCIAL,12040640.38277418,23400,,5.0,2004.0,2025-01-16,Pending,3,3.5
PROP-12173,Residential plot of 6899 sqft in Brickell,miami,Brickell,plot,4617590.812434622,6899,,,,2025-05-19,Active,8,
PROP-10023,Residential plot of 8238 sqft in South Austin,ATX,South Austin,land,3642774.177600855,8238,,,,2024-08-06,Sold,3,4.3
PROP-11046,3 BHK Villa for sale in Brooklyn,NY,Brooklyn,VILLA,3232832.8644462093,2848,3.0,4.0,1991.0,09/11/2025,Active,2,3.9
PROP-11940,Residential plot of 5350 sqft in River North,chicago,River North,plot,Contact Agent,5350,,,,2024-11-19,Active,2,4.7
PROP-12620,3 BHK Villa for sale in Marina,SF,Marina,villa,3226277.0697819674,2657,3.0,4.0,1997.0,2024-02-08,Pending,1,4.5
PROP-11002,2 BHK Apartment for sale in Downtown,Austin,Downtown,Apt,653928.0060332298,1565,2.0,1.0,,2025-04-08,Active,9,4.9
PROP-13102,Commercial Space / Office in Little Havana,Miami,Little Havana,COMMERCIAL,10628640.417374598,19265,,3.0,,2024-10-11,Active,8,3.9
PROP-11819,6 BHK Villa for sale in East Austin,ATX,East Austin,Villa,1848824.0241291244,5805,6.0,2.0,1987.0,2024-12-09,Sold,2,4.7
PROP-10742,2 BHK Apartment for sale in Pacific Heights,SF,Pacific Heights,Apt,1262376 USD,642,,3.0,1987.0,2024-06-13,Pending,1,3.2
PROP-11282,Commercial Space / Office in SOMA,san francisco,SOMA,commercial,7213046.659408026,5203,,9.0,1988.0,2024-08-11,Active,9,4.5
PROP-12625,Commercial Space / Office in Mission District,SF,Mission District,Office,1659529.9110939682,1148,,10.0,2019.0,2024-02-15,Pending,7,4.7
PROP-11929,6 BHK Villa for sale in East Austin,austin,East Austin,VILLA,1209178.4954856418,3296,,2.0,2023.0,2024-09-14,Pending,4,4.0
PROP-11328,2 BHK Apartment for sale in Mission District,SAN FRANCISCO,Mission District,APT,1586179.505046682,1084,2.0,2.0,1983.0,2025-03-11,Active,1,4.4
PROP-12470,4 BHK Apartment for sale in Brooklyn,NY,Brooklyn,Apt,1571318.991779366,1236,4.0,2.0,1929.0,2025-08-30,Sold,4,4.9
PROP-12988,Commercial Space / Office in Brooklyn,N.Y.,Brooklyn,COMMERCIAL,21272680.375267196,18387,,10.0,1972.0,2025-02-22,Pending,2,3.8
PROP-12757,Commercial Space / Office in Bronx,NY,Bronx,COMMERCIAL,11127229.627520919,12046,,3.0,1966.0,2025-10-18,Sold,3,4.7
PROP-10388,4 BHK Villa for sale in Mission District,San Francisco,Mission District,Villa,8648932.981402155,5588,4.0,4.0,2024.0,2024-02-20,Pending,10,4.1
PROP-12542,6 BHK Villa for sale in Brooklyn,New York,Brooklyn,Villa,2681091.86401779,2166,6.0,4.0,1986.0,2025-02-02,Sold,5,3.1
PROP-13433,Commercial Space / Office in Downtown,Austin,Downtown,Office,1740283.234459231,4004,,6.0,1970.0,2025-03-05,Pending,6,3.8
PROP-10707,3 BHK Apartment for sale in Hyde Park,CHI,Hyde Park,APT,477895.648308155,1842,3.0,2.0,1943.0,2025-05-14,Pending,2,4.3
PROP-11528,5 BHK Villa for sale in Pacific Heights,San Francisco,Pacific Heights,Villa,9169988.092678003,4727,5.0,3.0,2015.0,2024-01-21,Pending,6,4.7
PROP-13269,4 BHK Villa for sale in River North,CHI,River North,VILLA,,5216,4.0,2.0,,2025-08-23,Sold,9,
PROP-11681,1 BHK Apartment for sale in Downtown,ATX,Downtown,Apartment,714517.1298455475,1465,1.0,3.0,1985.0,2025-02-13,Active,8,3.3
PROP-11187,Residential plot of 8520 sqft in Hyde Park,Chicago,Hyde Park,Land,2508495.812044044,8520,,,,2025-01-27,Sold,3,3.7
PROP-11761,4 BHK Villa for sale in Pacific Heights,san francisco,Pacific Heights,VILLA,,2111,4.0,5.0,2019.0,2025/04/24,Sold,9,4.7
PROP-10552,Commercial Space / Office in East Austin,austin,East Austin,commercial,7156818.721815906,19210,,8.0,1972.0,06/02/2025,Sold,7,3.3
PROP-12845,Commercial Space / Office in Brooklyn,New York,Brooklyn,commercial,8725850.062711772,7574,,4.0,2016.0,2024-09-05,Active,1,3.7
PROP-11287,6 BHK Villa for sale in SOMA,san francisco,SOMA,VILLA,4814809.449666761,3907,6.0,2.0,1988.0,2025-07-15,Sold,4,4.3
PROP-12379,5 BHK Villa for sale in Coral Gables,MIAMI,Coral Gables,villa,4225687.669872167,5484,5.0,4.0,2019.0,2025-04-28,Sold,2,3.3
PROP-11964,Residential plot of 2409 sqft in East Austin,ATX,East Austin,Plot,751359.7526139305,2409,,,,23/10/2025,Pending,8,4.3
PROP-11844,Residential plot of 7671 sqft in Downtown,austin,Downtown,Land,3671333.903245088,7671,,,,2024-02-12,Pending,3,3.9
PROP-11569,5 BHK Villa for sale in South Beach,MIAMI,South Beach,villa,3054033.57680729,4667,,3.0,2013.0,2024-11-27,Pending,9,4.3
PROP-13300,2 BHK Apartment for sale in Little Havana,MIAMI,Little Havana,apartment,1048542.9580886028,2066,2.0,2.0,1998.0,2025-02-04,Sold,4,3.7
PROP-11908,Commercial Space / Office in South Austin,austin,South Austin,Office,994471.6066532099,2289,,9.0,1990.0,2024-11-14,Sold,4,4.3
PROP-11795,Residential plot of 5604 sqft in South Austin,Austin,South Austin,Plot,2795757.9568556636,5604,,,,2025/07/05,Pending,9,4.7
PROP-12211,3 BHK Apartment for sale in Hyde Park,CHICAGO,Hyde Park,Apartment,559284.7819843888,1905,3.0,2.0,1966.0,2025-03-30,Sold,7,
PROP-10378,Residential plot of 4335 sqft in West Lake Hills,ATX,West Lake Hills,Plot,3229827.79138147,4335,,,,30/09/2024,Sold,3,3.5
PROP-11020,4 BHK Apartment for sale in Brooklyn,New York,Brooklyn,Apt,1393961.9030167167,1304,4.0,1.0,2021.0,2024-01-07,Sold,6,4.9
PROP-10311,4 BHK Villa for sale in Manhattan,new york,Manhattan,VILLA,3272197.5362285865,1801,4.0,3.0,2008.0,2025-02-03,Pending,6,3.4
PROP-10199,Commercial Space / Office in River North,CHI,River North,Office,4794099.669926807,13560,,2.0,1962.0,2025/01/17,Pending,9,4.7
PROP-12152,Commercial Space / Office in South Beach,MIAMI,South Beach,commercial,4115854.943101275,7120,,3.0,1974.0,30/03/2025,Sold,10,4.4
PROP-13462,Commercial Space / Office in Brooklyn,NY,Brooklyn,COMMERCIAL,"$2,340,058",2154,,2.0,1997.0,14/12/2024,Sold,5,3.3
PROP-12055,Commercial Space / Office in Manhattan,N.Y.,Manhattan,Office,13020996.487782585,7188,,9.0,1969.0,2025-10-28,Pending,10,4.2
PROP-13234,Residential plot of 3462 sqft in Mission District,San Francisco,Mission District,Plot,4432102.686061416,3462,,,,2024-10-14,Active,4,3.5
PROP-10058,Commercial Space / Office in South Austin,ATX,South Austin,commercial,6120761.112962218,12884,,3.0,2022.0,2025/07/11,Sold,6,3.1
PROP-13368,Commercial Space / Office in Downtown,Austin,Downtown,COMMERCIAL,7228844.426581782,14735,,5.0,2012.0,2024-10-13,Active,5,3.2
PROP-12113,2 BHK Apartment for sale in Queens,NY,Queens,Apartment,1997690.3060743185,1460,2.0,3.0,1970.0,2024-06-04,Active,4,4.9
PROP-12142,Commercial Space / Office in East Austin,austin,East Austin,commercial,3736585.186597105,9761,,6.0,1997.0,12/08/2025,Sold,3,4.8
PROP-12134,Commercial Space / Office in South Beach,MIA,South Beach,Commercial,13665172.65122935,20764,,6.0,1983.0,2025/02/02,Pending,10,4.5
PROP-13417,Commercial Space / Office in Queens,New York,Queens,Office,"$6,587,727",6406,,6.0,1970.0,2024-05-31,Pending,3,4.6
PROP-12337,Commercial Space / Office in River North,chicago,River North,COMMERCIAL,7297773.270404723,18750,,8.0,2019.0,2024-07-16,Active,3,4.6
PROP-13446,Commercial Space / Office in River North,CHICAGO,River North,Commercial,4460448.265080385,13175,,3.0,1986.0,2024-12-27,Sold,2,4.6
PROP-12782,Residential plot of 6194 sqft in Downtown,AUSTIN,Downtown,plot,"$2,481,781",6194,,,,2025-06-07,Sold,9,4.3
PROP-11820,Residential plot of 9329 sqft in Loop,CHI,Loop,land,3315914.6053235214,9329,,,,02/07/2025,Sold,9,4.1
PROP-12891,Commercial Space / Office in Downtown,ATX,Downtown,Office,10868409.967794485,23704,,8.0,2004.0,2025-07-04,Pending,4,3.5
PROP-10814,5 BHK Villa for sale in Marina,SAN FRANCISCO,Marina,Villa,5022251.959343234,5154,5.0,3.0,,2024-04-04,Sold,3,3.6
PROP-11817,4 BHK Apartment for sale in Loop,CHICAGO,Loop,APT,863813.1482524031,2354,,1.0,1987.0,2024-01-28,Sold,10,4.7
PROP-12035,Commercial Space / Office in Manhattan,New York,Manhattan,COMMERCIAL,,9688,,6.0,1978.0,2024-12-06,Pending,5,4.5
PROP-13463,3 BHK Villa for sale in South Beach,Miami,South Beach,villa,1884823.0312522622,3340,3.0,5.0,,2025-07-08,Sold,6,4.8
PROP-10878,5 BHK Villa for sale in SOMA,San Francisco,SOMA,VILLA,7260092.636493861,5077,5.0,3.0,2013.0,2025-11-16,Pending,9,4.0
PROP-12562,4 BHK Apartment for sale in Loop,Chicago,Loop,Apartment,744780.535965768,1961,,2.0,2009.0,2024/10/28,Active,7,3.1
PROP-12196,Commercial Space / Office in South Austin,AUSTIN,South Austin,Commercial,7483468.871115554,15325,,5.0,1960.0,2024-06-03,Sold,3,4.2
PROP-11789,6 BHK Villa for sale in South Beach,MIAMI,South Beach,Villa,1382484.2131847579,2584,6.0,4.0,,2025-10-07,Pending,7,4.3
PROP-11453,Commercial Space / Office in Little Havana,miami,Little Havana,commercial,8533333.969209787,20157,,7.0,1985.0,2025-02-15,Pending,8,4.1
PROP-12058,Commercial Space / Office in Marina,SAN FRANCISCO,Marina,Office,11781564.105276478,11195,,7.0,1982.0,24/09/2025,Active,5,4.8
PROP-13282,3 BHK Villa for sale in Hyde Park,Chicago,Hyde Park,villa,602402.542863967,2113,3.0,3.0,1989.0,2024-09-30,Sold,9,4.4
PROP-10863,Residential plot of 7703 sqft in Downtown,Austin,Downtown,Plot,3071474.63653899,7703,,,,2024-10-14,Pending,6,3.2
PROP-11115,3 BHK Villa for sale in South Austin,AUSTIN,South Austin,VILLA,2243569 USD,4361,3.0,5.0,1987.0,2024-12-01,Sold,2,3.9
PROP-13280,1 BHK Apartment for sale in Loop,CHI,Loop,Apartment,766602.2501192921,2007,1.0,3.0,2012.0,2024-08-13,Pending,4,3.6
PROP-11446,Commercial Space / Office in Mission District,san francisco,Mission District,commercial,28029394.43166466,19365,,9.0,1995.0,2024-08-06,Pending,6,4.8
PROP-12830,Residential plot of 5360 sqft in Little Havana,Miami,Little Havana,Plot,"$2,843,353",5360,,,,2024-07-09,Pending,3,4.2
PROP-12811,Commercial Space / Office in Manhattan,N.Y.,Manhattan,Commercial,"$4,906,760",3064,,10.0,1973.0,2025-10-06,Pending,9,4.1
PROP-10547,2 BHK Apartment for sale in Lincoln Park,CHI,Lincoln Park,Apartment,504048.8760774684,947,2.0,2.0,2009.0,2024-06-19,Active,6,3.4
PROP-13044,Residential plot of 5755 sqft in Downtown,Austin,Downtown,plot,2963460.3567902315,5755,,,,2025-07-13,Active,10,4.9
PROP-13023,Commercial Space / Office in Lincoln Park,CHICAGO,Lincoln Park,COMMERCIAL,7342782.7126839375,13162,,10.0,1973.0,13/01/2024,Active,4,4.7
PROP-12809,1 BHK Apartment for sale in Coral Gables,Miami,Coral Gables,Apartment,1387557.9669660726,1434,1.0,1.0,1924.0,2025-05-11,Pending,2,4.1
PROP-11897,Residential plot of 7297 sqft in Manhattan,NY,Manhattan,plot,11902744.295746781,7297,,,,2024/12/08,Pending,9,4.0
PROP-11760,Commercial Space / Office in West Lake Hills,austin,West Lake Hills,commercial,9751631.97548347,15256,,6.0,1961.0,2024-05-28,Pending,4,4.3
PROP-11565,4 BHK Apartment for sale in Lincoln Park,CHI,Lincoln Park,Apartment,"$284,980",612,4.0,1.0,1965.0,2025-07-21,Active,3,4.3
PROP-11206,Commercial Space / Office in Brooklyn,New York,Brooklyn,COMMERCIAL,11703260.518154444,8606,,8.0,1968.0,2024-10-07,Active,9,
PROP-12563,Residential plot of 7809 sqft in Marina,San Francisco,Marina,plot,8938778.479300486,7809,,,,2024-10-04,Sold,4,4.9
PROP-13382,Residential plot of 3565 sqft in Lincoln Park,chicago,Lincoln Park,Plot,1877591.3528376524,3565,,,,2024-12-09,Sold,4,4.9
PROP-13177,Commercial Space / Office in East Austin,austin,East Austin,commercial,7578272.579872842,18731 SQFT,,4.0,2016.0,2024-09-17,Active,3,3.7
PROP-12881,4 BHK Villa for sale in Little Havana,MIA,Little Havana,VILLA,Contact Agent,5064,4.0,4.0,2012.0,2025-04-03,Sold,7,4.9
PROP-11202,5 BHK Villa for sale in Downtown,Austin,Downtown,villa,2103324.8874741746,4514 sqft,5.0,2.0,1987.0,2024/08/19,Pending,8,4.6
PROP-12237,Residential plot of 2194 sqft in South Austin,AUSTIN,South Austin,plot,898814.4085473969,2194,,,,2025-05-15,Pending,3,5.0
PROP-12673,1 BHK Apartment for sale in Lincoln Park,chicago,Lincoln Park,Apt,548037.4659194753,1040,1.0,2.0,1945.0,2025-08-08,Active,6,4.5
PROP-12484,Residential plot of 1861 sqft in Marina,San Francisco,Marina,Plot,1949767.7343070174,1861,,,,2024-08-29,Pending,8,4.9
PROP-12586,Commercial Space / Office in Downtown,AUSTIN,Downtown,commercial,11142759.06962233,23745,,5.0,1972.0,2025-04-15,Pending,6,4.7
PROP-10752,3 BHK Villa for sale in South Austin,Austin,South Austin,villa,1158225.7448952845,2595,3.0,3.0,2004.0,2025-05-03,Active,10,4.8
PROP-11309,Commercial Space / Office in Brickell,miami,Brickell,commercial,11778647.994620768,20316,,10.0,1969.0,13/09/2025,Active,5,4.8
PROP-11393,4 BHK Apartment for sale in West Lake Hills,austin,West Lake Hills,APT,1708774.7698063874,2378,4.0,2.0,1992.0,2024-02-23,Active,3,3.5
PROP-12677,Residential plot of 1536 sqft in Downtown,austin,Downtown,plot,652292.7032019561,1536,,,,09/12/2024,Sold,4,5.0
PROP-10518,3 BHK Villa for sale in Coral Gables,MIAMI,Coral Gables,villa,3108484.147741772,3999,3.0,3.0,1994.0,2024-08-31,Sold,3,4.9
PROP-10611,Commercial Space / Office in Manhattan,new york,Manhattan,Commercial,32654061.350173805,18293,,2.0,1998.0,2025-06-21,Pending,7,3.4
PROP-11365,Commercial Space / Office in Brickell,Miami,Brickell,commercial,8282314.111769035,12283,,9.0,2022.0,2025-10-19,Active,4,3.9
PROP-12164,Residential plot of 9213 sqft in Coral Gables,Miami,Coral Gables,plot,"$8,465,352",9213,,,,2025-02-09,Active,7,3.5
PROP-10774,3 BHK Villa for sale in Lincoln Park,Chicago,Lincoln Park,villa,1501648.1223606858,3103,3.0,4.0,1994.0,2025-10-22,Active,1,4.3
PROP-11859,Residential plot of 7397 sqft in Loop,CHI,Loop,land,2525494.42490243,7397,,,,2025-06-15,Active,9,4.1
PROP-10491,Commercial Space / Office in South Beach,miami,South Beach,Office,12100529.318797303,23264,,4.0,2019.0,2024/12/30,Active,3,3.2
PROP-13409,3 BHK Villa for sale in Queens,NY,Queens,Villa,4391162.818404681,3577,3.0,4.0,2009.0,2025-04-06,Sold,9,4.3
PROP-12736,3 BHK Apartment for sale in Queens,new york,Queens,APT,1248385.4262251307,1016,3.0,3.0,,18/04/2025,Active,5,
PROP-10323,2 BHK Apartment for sale in Manhattan,N.Y.,Manhattan,Apartment,3864946.876848319,2422,2.0,3.0,2001.0,2024-05-02,Sold,5,3.8
PROP-12820,Commercial Space / Office in Manhattan,NEW YORK,Manhattan,Commercial,30201668.49132086,14599,,6.0,2012.0,01/12/2024,Pending,10,4.7
PROP-13211,4 BHK Apartment for sale in SOMA,san francisco,SOMA,Apartment,1437321.4489825256,1032,4.0,2.0,1974.0,2024-01-31,Active,10,4.7
PROP-11668,Residential plot of 7868 sqft in Queens,NY,Queens,Land,9604346.49339096,7868,,,,2024-12-27,Active,5,3.7
PROP-12944,Commercial Space / Office in Little Havana,miami,Little Havana,COMMERCIAL,1761859.5970305966,3364,,4.0,1970.0,2024-11-06,Pending,5,4.4
PROP-10317,Residential plot of 5738 sqft in Hyde Park,CHI,Hyde Park,Land,1446381.5944145543,5738,,,,2025-09-03,Sold,10,4.6
PROP-12322,3 BHK Villa for sale in Manhattan,NEW YORK,Manhattan,villa,6293313.169994898,3081,3.0,3.0,1990.0,24/11/2025,Active,3,3.8
PROP-10466,4 BHK Apartment for sale in Brooklyn,NEW YORK,Brooklyn,APT,2275373.1264018766,-1792,,3.0,2018.0,2024-12-06,Sold,6,5.0
PROP-11019,1 BHK Apartment for sale in Pacific Heights,SAN FRANCISCO,Pacific Heights,Apartment,1162988.3162781182,531,1.0,3.0,1925.0,07/03/2025,Active,6,3.5
PROP-10324,Commercial Space / Office in Pacific Heights,SAN FRANCISCO,Pacific Heights,Commercial,52897700.19412988,21931,,9.0,2019.0,2025-03-13,Sold,6,3.5
PROP-11888,Commercial Space / Office in Loop,Chicago,Loop,commercial,2915802.9765124414,7908,,7.0,1975.0,2024-08-05,Active,9,4.2
PROP-10586,Commercial Space / Office in SOMA,SAN FRANCISCO,SOMA,Commercial,18186693.71526414,15167,,4.0,2000.0,25/05/2024,Sold,6,3.3
PROP-10593,6 BHK Villa for sale in Brooklyn,New York,Brooklyn,Villa,5156436.901320587,4745,6.0,2.0,2001.0,2025-10-19,Active,4,4.1
PROP-11623,Residential plot of 4807 sqft in West Lake Hills,ATX,West Lake Hills,plot,2985108.2410451616,4807,,,,2025-11-08,Sold,10,5.0
PROP-12147,Commercial Space / Office in South Beach,MIA,South Beach,Office,9338118.288543155,14029,,4.0,2019.0,2025-03-24,Sold,8,3.6
PROP-10706,4 BHK Villa for sale in Bronx,New York,Bronx,Villa,1653648.1740773588,1917,4.0,2.0,1995.0,2024-11-26,Pending,8,4.7
PROP-11498,4 BHK Apartment for sale in River North,CHICAGO,River North,APT,387972.04374514095,1069,4.0,3.0,1950.0,2025-03-08,Active,2,
PROP-11616,Commercial Space / Office in Downtown,ATX,Downtown,Commercial,4851561.80186407,10696,,10.0,1989.0,2024-03-11,Active,7,4.6
PROP-10105,4 BHK Villa for sale in Pacific Heights,SAN FRANCISCO,Pacific Heights,villa,8697679.744624283,4167,4.0,5.0,2000.0,2025/07/27,Sold,5,3.6
PROP-13379,4 BHK Villa for sale in Loop,CHI,Loop,Villa,"$1,433,509",3622,4.0,3.0,2017.0,2025-09-27,Active,10,4.4
PROP-11846,Residential plot of 7061 sqft in River North,CHICAGO,River North,plot,2311111.5041391896,7061,,,,2024-04-30,Sold,8,3.3
PROP-11775,Residential plot of 9236 sqft in Marina,SAN FRANCISCO,Marina,land,10998982.145612825,9236,,,,2024-03-12,Sold,1,3.1
PROP-13279,3 BHK Villa for sale in Hyde Park,Chicago,Hyde Park,VILLA,1195013.9089406768,4828,3.0,4.0,2007.0,2024-06-20,Sold,5,
PROP-11917,Residential plot of 6491 sqft in Lincoln Park,CHI,Lincoln Park,Plot,3646974.920084277,6491,,,,2024-09-14,Active,8,4.8
PROP-11428,Commercial Space / Office in Queens,NY,Queens,Office,15870362.597982485,12597,,10.0,1972.0,2024-10-01,Pending,9,4.2
PROP-12592,Residential plot of 4685 sqft in Mission District,SF,Mission District,Land,5851085 USD,4685,,,,2025-02-21,Pending,4,3.6
PROP-11945,Residential plot of 3062 sqft in Brickell,MIA,Brickell,land,2090889.0659770663,3062,,,,2025-11-18,Pending,4,4.0
PROP-12663,2 BHK Apartment for sale in Hyde Park,Chicago,Hyde Park,apartment,365054.42499896215,1256,2.0,3.0,,2024-08-28,Sold,2,4.4
PROP-11952,1 BHK Apartment for sale in Little Havana,miami,Little Havana,Apartment,1344004.5876176618,2475,1.0,2.0,1920.0,2024-05-14,Sold,3,3.1
PROP-10088,Commercial Space / Office in Coral Gables,Miami,Coral Gables,Commercial,12757628.859604495,15110,,4.0,1994.0,2024-04-15,Sold,5,3.6
PROP-10734,4 BHK Apartment for sale in Loop,CHI,Loop,APT,"$543,542",1649,4.0,3.0,1969.0,2024-10-21,Sold,1,4.1
PROP-11097,1 BHK Apartment for sale in Marina,SF,Marina,APT,2265813.2179579847,1800,1.0,3.0,1989.0,2025-02-16,Pending,2,3.5
PROP-11160,Residential plot of 3445 sqft in SOMA,SF,SOMA,Plot,5489980 USD,3445,,,,2025-02-04,Sold,8,4.0
PROP-11324,3 BHK Villa for sale in West Lake Hills,AUSTIN,West Lake Hills,villa,1500560.9617433127,2230,3.0,5.0,1995.0,2024-05-11,Active,10,4.8
PROP-13362,3 BHK Villa for sale in Bronx,N.Y.,Bronx,VILLA,4682209.079617173,4920,3.0,4.0,2020.0,2024-01-18,Sold,1,3.3
PROP-12714,5 BHK Villa for sale in Lincoln Park,chicago,Lincoln Park,Villa,2176876.293898754,4383,5.0,3.0,1989.0,2024-04-08,Sold,4,4.6
PROP-10486,Residential plot of 1027 sqft in Queens,new york,Queens,land,1162448.5743737228,1027,,,,2025-08-27,Pending,7,3.6
PROP-10950,4 BHK Villa for sale in South Beach,Miami,South Beach,Villa,,5179,4.0,2.0,2008.0,2024-04-02,Pending,10,4.0
PROP-11702,4 BHK Apartment for sale in SOMA,san francisco,SOMA,apartment,3125678.808256963,2276,4.0,2.0,1986.0,2024-10-27,Pending,10,4.1
PROP-11582,Commercial Space / Office in Marina,SAN FRANCISCO,Marina,Commercial,14363412.756457193,12061,,8.0,2008.0,2024-11-10,Sold,1,4.7
PROP-11465,Commercial Space / Office in Brickell,MIAMI,Brickell,commercial,15357095.060846534,23284,,10.0,2008.0,2024-06-05,Pending,4,4.2
PROP-10198,Commercial Space / Office in South Austin,Austin,South Austin,COMMERCIAL,10148247.11083353,21677,,4.0,1980.0,2024-01-05,Active,3,4.2
PROP-12027,3 BHK Apartment for sale in South Beach,Miami,South Beach,Apartment,1190970.7461127935,2042,3.0,2.0,,2025-02-15,Pending,4,4.2
PROP-12725,5 BHK Villa for sale in Pacific Heights,SAN FRANCISCO,Pacific Heights,Villa,8547107.891466225,4277,5.0,3.0,2006.0,2024-07-24,Sold,7,3.2
PROP-11706,Residential plot of 7726 sqft in Pacific Heights,SAN FRANCISCO,Pacific Heights,Land,16327825.256439315,7726,,,,2025-12-01,Sold,8,4.8
PROP-10073,2 BHK Apartment for sale in South Austin,austin,South Austin,apartment,412812.7196321797,1024,2.0,1.0,1997.0,2025-11-02,Sold,8,3.9
PROP-11883,Residential plot of 3197 sqft in Loop,Chicago,Loop,land,1185301.7153645137,3197,,,,2025-06-02,Active,2,4.1
PROP-11443,Commercial Space / Office in Manhattan,new york,Manhattan,Office,7521882.029522099,4889,,3.0,1980.0,2024-05-30,Active,10,4.4
PROP-11980,2 BHK Apartment for sale in Queens,new york,Queens,apartment,755010.2814668578,682,2.0,3.0,1950.0,21/01/2024,Active,2,4.6
PROP-12341,4 BHK Apartment for sale in Marina,SAN FRANCISCO,Marina,APT,"$1,256,421",1078,4.0,3.0,,2024-11-18,Active,1,3.5
PROP-11833,1 BHK Apartment for sale in Queens,N.Y.,Queens,Apt,2205584.1879224526,1685,1.0,1.0,2000.0,18/02/2025,Pending,2,4.8
PROP-11670,Commercial Space / Office in South Beach,MIAMI,South Beach,Commercial,1242637.397051581,1957,,10.0,,2024-09-07,Pending,5,4.9
PROP-12922,Commercial Space / Office in Manhattan,N.Y.,Manhattan,commercial,12866336.898656951,7914,,2.0,1961.0,15/10/2025,Active,5,4.6
PROP-12576,Residential plot of 9140 sqft in Downtown,ATX,Downtown,land,4563800.702764094,9140 sqft,,,,2024-05-16,Active,7,3.4
PROP-11507,Residential plot of 7664 sqft in East Austin,AUSTIN,East Austin,land,2958868.167122408,7664,,,,2025-03-18,Pending,6,5.0
PROP-12599,Residential plot of 5339 sqft in Hyde Park,Chicago,Hyde Park,Plot,1504959.8215403517,5339,,,,2024/12/19,Pending,7,3.0
PROP-10116,4 BHK Apartment for sale in Brickell,MIAMI,Brickell,apartment,1025623.1445809647,1600,4.0,3.0,1936.0,16/08/2024,Active,5,3.9
PROP-12539,6 BHK Villa for sale in Brooklyn,NEW YORK,Brooklyn,villa,3538072.2282037674,2683,,5.0,2024.0,2024-11-14,Pending,2,3.2
PROP-11460,Residential plot of 5667 sqft in Hyde Park,CHI,Hyde Park,land,1625620.685480447,5667,,,,2025-04-04,Active,6,3.3
PROP-13187,Commercial Space / Office in Bronx,NEW YORK,Bronx,commercial,14200126.800937278,14615,,5.0,2019.0,2024-02-17,Pending,7,4.9
PROP-13472,4 BHK Villa for sale in Brooklyn,N.Y.,Brooklyn,VILLA,5558085.99545198,4191,4.0,5.0,1987.0,2024-08-13,Active,5,4.0
PROP-13262,Commercial Space / Office in SOMA,san francisco,SOMA,Office,9881875.693567704,7511,,8.0,1964.0,2024-03-04,Sold,9,4.3
PROP-10066,Residential plot of 5564 sqft in Queens,N.Y.,Queens,Plot,6825225.272676093,5564,,,,15/03/2025,Sold,10,4.6
PROP-12952,Residential plot of 3765 sqft in Pacific Heights,San Francisco,Pacific Heights,Land,7156373.37491098,3765,,,,2025-10-16,Active,6,4.4
PROP-10616,4 BHK Apartment for sale in South Beach,miami,South Beach,APT,1107217.8546831221,1880 SQFT,4.0,2.0,1961.0,2025-06-04,Pending,4,3.5
PROP-10094,Residential plot of 8372 sqft in Loop,chicago,Loop,Plot,2900165.3324588877,8372,,,,2025-06-13,Sold,10,5.0
PROP-12717,Residential plot of 1888 sqft in Queens,NY,Queens,Land,2452702 USD,1888,,,,2024-08-10,Sold,9,4.9
PROP-12658,1 BHK Apartment for sale in Coral Gables,miami,Coral Gables,Apt,1706041.6194792972,1719,1.0,3.0,1968.0,2025-09-28,Active,10,4.2
PROP-11733,3 BHK Villa for sale in West Lake Hills,Austin,West Lake Hills,villa,1757461.107141523,2423,3.0,3.0,2005.0,2024-01-23,Pending,6,4.4
PROP-10771,5 BHK Villa for sale in Marina,SF,Marina,VILLA,6010060.891221866,5438,5.0,2.0,1997.0,2024-07-21,Pending,5,3.3
PROP-12128,Commercial Space / Office in West Lake Hills,austin,West Lake Hills,COMMERCIAL,6574461 USD,10113,,8.0,1985.0,2024-01-06,Active,7,3.8
PROP-12628,2 BHK Apartment for sale in SOMA,san francisco,SOMA,APT,2222819.477696289,1857,2.0,1.0,,2025-09-07,Active,10,4.3
PROP-11277,Commercial Space / Office in SOMA,SF,SOMA,Commercial,29068459.029356208,18762,,6.0,1975.0,2025-10-19,Active,5,3.1
PROP-11558,Residential plot of 4916 sqft in Hyde Park,chicago,Hyde Park,plot,1355096.9484876674,4916,,,,2025-07-26,Sold,8,4.5
PROP-13073,Residential plot of 8628 sqft in Hyde Park,Chicago,Hyde Park,Land,2258592 USD,8628,,,,2024-04-02,Pending,4,3.5
PROP-13117,5 BHK Villa for sale in South Beach,miami,South Beach,Villa,2175406.976561544,3548,5.0,4.0,2020.0,2024-10-23,Sold,7,4.1
PROP-11385,Commercial Space / Office in Downtown,austin,Downtown,commercial,4361273.998728129,10163,,7.0,2020.0,2024-09-11,Pending,9,4.8
PROP-10260,Commercial Space / Office in Queens,new york,Queens,Office,17800257.88544137,13935,,5.0,1970.0,2025-10-23,Pending,4,3.5
PROP-10246,Residential plot of 5314 sqft in Pacific Heights,SF,Pacific Heights,Plot,10316611.78977455,5314,,,,2024-04-05,Sold,6,3.2
PROP-12623,Residential plot of 8665 sqft in Queens,NY,Queens,plot,10718830.963561032,8665,,,,2025-03-29,Active,2,4.1
PROP-12877,Commercial Space / Office in East Austin,ATX,East Austin,COMMERCIAL,2579536.8275484936,8024,,2.0,1997.0,2025-03-04,Active,9,4.1
PROP-10997,Residential plot of 9552 sqft in Brooklyn,NY,Brooklyn,land,"$11,728,255",9552,,,,2024-07-10,Pending,2,4.1
PROP-12095,6 BHK Villa for sale in South Beach,miami,South Beach,Villa,3627163.8698489103,5467,6.0,5.0,2004.0,2024/02/07,Pending,5,4.7
PROP-12956,3 BHK Villa for sale in Marina,SAN FRANCISCO,Marina,villa,3875566.8606313667,3051,3.0,3.0,2005.0,2024-09-24,Pending,4,3.8
PROP-10208,2 BHK Apartment for sale in Brickell,MIAMI,Brickell,Apt,1167662.9840047292,1855,2.0,2.0,1964.0,2025-10-18,Sold,10,4.6
PROP-12805,3 BHK Villa for sale in Lincoln Park,CHICAGO,Lincoln Park,Villa,2678419.2644960773,5990,3.0,4.0,2013.0,2025/02/17,Sold,10,4.1
PROP-12791,1 BHK Apartment for sale in Little Havana,Miami,Little Havana,apartment,592327.4171668943,1121,,3.0,1984.0,2025-11-05,Active,5,3.6
PROP-12281,Residential plot of 4349 sqft in South Austin,AUSTIN,South Austin,plot,"$2,202,005",4349,,,,2025-07-19,Sold,2,4.6
PROP-10620,1 BHK Apartment for sale in Brooklyn,NEW YORK,Brooklyn,APT,2359669.5390840517,2145,1.0,3.0,2021.0,2024-03-17,Sold,6,3.6
PROP-12949,1 BHK Apartment for sale in South Austin,ATX,South Austin,Apt,333675.1726545485,783,1.0,3.0,1934.0,2024-09-02,Active,4,4.8
PROP-13415,4 BHK Apartment for sale in East Austin,Austin,East Austin,APT,752680.8666755153,2453,4.0,2.0,1975.0,2024-09-13,Pending,5,4.3
PROP-10190,4 BHK Apartment for sale in SOMA,san francisco,SOMA,apartment,842531.5277146994,567,4.0,1.0,1966.0,2024-10-07,Pending,10,4.9
PROP-13243,5 BHK Villa for sale in South Beach,MIAMI,South Beach,villa,1838901.223715433,3546,5.0,3.0,2019.0,2024-08-18,Sold,4,4.4
PROP-12452,6 BHK Villa for sale in Loop,CHICAGO,Loop,VILLA,1963737.6625261633,5524,6.0,5.0,1993.0,2024-11-08,Sold,6,4.5
PROP-10478,4 BHK Villa for sale in Lincoln Park,chicago,Lincoln Park,Villa,,3296,4.0,4.0,,2025-10-01,Sold,3,3.2
PROP-13356,1 BHK Apartment for sale in South Austin,AUSTIN,South Austin,apartment,777595.964828053,1705,1.0,2.0,1966.0,02/08/2025,Active,9,
PROP-12696,Residential plot of 2695 sqft in Marina,SAN FRANCISCO,Marina,Plot,3385564.888666639,2695,,,,28/01/2024,Sold,3,3.1
PROP-11667,Commercial Space / Office in South Beach,miami,South Beach,Commercial,8661953.39466934,14712,,7.0,1961.0,2025-02-18,Active,5,4.7
PROP-12175,Residential plot of 6426 sqft in South Austin,Austin,South Austin,land,3238890.9779279674,6426,,,,2025-10-02,Sold,9,4.7
PROP-13360,Commercial Space / Office in SOMA,SF,SOMA,COMMERCIAL,14322836.619737847,10335,,5.0,1978.0,2024-10-15,Active,7,4.3
PROP-11335,Residential plot of 3068 sqft in East Austin,ATX,East Austin,Land,1010569.932440915,3068 sqft,,,,2024-07-09,Pending,5,4.2
PROP-11154,4 BHK Villa for sale in Mission District,san francisco,Mission District,VILLA,"$9,143,251",5827,4.0,2.0,2002.0,02/01/2024,Active,1,3.1
PROP-12947,4 BHK Apartment for sale in Mission District,SF,Mission District,apartment,617357.315027972,516,4.0,3.0,2010.0,2025-03-21,Pending,2,4.7
PROP-10286,3 BHK Villa for sale in Marina,san francisco,Marina,villa,2906257.371610105,2355,3.0,3.0,2000.0,2024-05-29,Pending,7,4.9
PROP-10550,Commercial Space / Office in South Beach,MIAMI,South Beach,commercial,4804069.050745863,8303,,9.0,1995.0,19/07/2024,Active,8,4.9
PROP-13298,Residential plot of 9835 sqft in South Austin,Austin,South Austin,plot,4987776.265794535,9835,,,,2025-02-05,Active,2,3.1
PROP-12283,Commercial Space / Office in SOMA,San Francisco,SOMA,Commercial,,13495,,8.0,1986.0,2025-05-20,Sold,9,4.9
PROP-12994,3 BHK Villa for sale in Lincoln Park,CHI,Lincoln Park,Villa,1086155.4838671763,2188,3.0,3.0,1999.0,2024-10-30,Sold,9,4.9
PROP-12565,3 BHK Apartment for sale in Mission District,SF,Mission District,Apartment,2750895.390347757,2260,3.0,1.0,2004.0,2025-03-05,Pending,8,3.6
PROP-10020,3 BHK Apartment for sale in Little Havana,MIAMI,Little Havana,Apartment,1255004.9456143484,2296,3.0,1.0,1994.0,2024-09-28,Sold,7,3.7
PROP-10933,5 BHK Villa for sale in Brickell,MIA,Brickell,Villa,2991122.2632494457,5298,5.0,2.0,2020.0,2025-07-20,Active,3,3.7
PROP-11512,3 BHK Villa for sale in Marina,San Francisco,Marina,VILLA,4732026.702465578,4664,3.0,4.0,,2024-02-15,Sold,1,4.4
PROP-12700,2 BHK Apartment for sale in South Beach,Miami,South Beach,Apartment,1232550.5443398883,2151,2.0,1.0,,2025-08-17,Active,10,4.9
PROP-10545,4 BHK Villa for sale in West Lake Hills,ATX,West Lake Hills,VILLA,2963291.4331095186,3925,4.0,2.0,1985.0,2025-03-14,Pending,3,3.4
PROP-10401,3 BHK Apartment for sale in Bronx,NY,Bronx,Apt,1824544.499650638,1853,3.0,2.0,1952.0,2025-05-30,Sold,8,3.4
PROP-11876,Commercial Space / Office in Hyde Park,chicago,Hyde Park,Office,632724.5904214771,2081,,4.0,1966.0,11/01/2024,Sold,5,3.9
PROP-10747,Commercial Space / Office in Coral Gables,MIA,Coral Gables,COMMERCIAL,19252256.117234983,22102,,6.0,1973.0,2025-04-26,Sold,8,3.6
PROP-13156,Residential plot of 4839 sqft in River North,Chicago,River North,land,1554576.98018066,4839,,,,2024/12/06,Sold,4,4.0
PROP-11047,Commercial Space / Office in Marina,San Francisco,Marina,commercial,2188900.1461744937,2149,,5.0,,2025-09-29,Sold,3,4.0
PROP-10041,3 BHK Apartment for sale in Coral Gables,MIA,Coral Gables,Apt,1947288.1373517017,1910,3.0,3.0,,2025-05-27,Pending,2,4.2
PROP-11302,6 BHK Villa for sale in West Lake Hills,AUSTIN,West Lake Hills,villa,3229054.950872696,5240,6.0,4.0,2013.0,2025-03-30,Active,7,3.8
PROP-11501,Residential plot of 6214 sqft in Coral Gables,miami,Coral Gables,land,5650503.08816889,6214,,,,2024-03-21,Sold,9,4.4
PROP-13192,Residential plot of 5646 sqft in Brickell,MIAMI,Brickell,land,3644503.41830988,0,,,,2024/08/25,Pending,6,3.6
PROP-11421,Residential plot of 8808 sqft in South Beach,miami,South Beach,Land,5253522.838974274,8808,,,,2024-06-04,Sold,10,4.0
PROP-12439,Commercial Space / Office in Marina,SAN FRANCISCO,Marina,Office,"$7,996,668",6395,,2.0,1969.0,20/09/2024,Sold,8,3.2
PROP-12752,4 BHK Apartment for sale in Lincoln Park,Chicago,Lincoln Park,apartment,1180610.3985182834,2361 SQFT,4.0,1.0,1996.0,2025-04-03,Pending,2,3.3
PROP-10722,Commercial Space / Office in Pacific Heights,San Francisco,Pacific Heights,commercial,55548716.41508579,23776 sqft,,5.0,1975.0,2025-03-26,Active,3,3.0
PROP-13051,Commercial Space / Office in Brickell,MIA,Brickell,Commercial,14429921.794684872,23120,,10.0,2011.0,2025-01-20,Pending,9,4.4
PROP-10737,3 BHK Villa for sale in South Austin,ATX,South Austin,villa,2359283.8497521305,5092,3.0,3.0,1989.0,2025-09-28,Pending,10,4.9
PROP-12013,1 BHK Apartment for sale in Marina,san francisco,Marina,APT,2096071.543790502,2072,1.0,3.0,1990.0,2024-06-20,Active,4,3.2
PROP-10481,2 BHK Apartment for sale in Lincoln Park,Chicago,Lincoln Park,APT,"$1,330,288",2447,2.0,2.0,1977.0,05/11/2025,Sold,7,4.3
PROP-10957,4 BHK Apartment for sale in River North,CHICAGO,River North,Apt,755374.8627758475,2359,4.0,1.0,1939.0,2024/10/20,Pending,8,4.1
PROP-11652,Residential plot of 3974 sqft in South Austin,AUSTIN,South Austin,land,,3974,,,,2025-07-10,Active,7,3.1
PROP-11163,Commercial Space / Office in Queens,NY,Queens,Commercial,3375607.9530481,2762,,3.0,1968.0,2025-06-18,Active,1,3.2
PROP-11040,5 BHK Villa for sale in Downtown,AUSTIN,Downtown,villa,1288034.01408419,2968,5.0,4.0,2016.0,05/11/2024,Active,4,4.7
PROP-12940,Residential plot of 4387 sqft in Queens,N.Y.,Queens,land,5717761 USD,4387,,,,2025-02-16,Sold,5,4.5
PROP-11138,Residential plot of 4327 sqft in Manhattan,NY,Manhattan,Plot,7333123.160468345,4327,,,,2024-08-01,Sold,4,4.0
PROP-12889,Residential plot of 5703 sqft in Little Havana,MIAMI,Little Havana,plot,3108070.6726427386,5703,,,,2024-11-25,Pending,5,4.2
PROP-12523,Residential plot of 9769 sqft in Mission District,San Francisco,Mission District,Plot,15272769.071778031,9769,,,,2025-06-11,Sold,2,3.2
PROP-12656,Commercial Space / Office in East Austin,ATX,East Austin,Commercial,"$4,763,694",15240,,10.0,2008.0,2025/10/05,Sold,1,
PROP-10343,4 BHK Apartment for sale in Queens,New York,Queens,Apt,1437203.803564243,1248,4.0,3.0,1925.0,2024-06-28,Sold,2,4.1
PROP-11701,6 BHK Villa for sale in Coral Gables,miami,Coral Gables,VILLA,3345016.498976923,4147,6.0,2.0,2001.0,2024-09-05,Active,3,4.6
PROP-13197,Commercial Space / Office in SOMA,SF,SOMA,Office,4722197.972543437,3950,,9.0,1995.0,07/06/2025,Pending,7,4.4
PROP-12326,3 BHK Apartment for sale in West Lake Hills,AUSTIN,West Lake Hills,Apt,1220106.9696022323,1709,3.0,3.0,2015.0,2025-02-28,Sold,8,3.7
PROP-12967,5 BHK Villa for sale in Brickell,Miami,Brickell,VILLA,2155340.0986448005,4101 SQFT,5.0,2.0,2006.0,2025-01-21,Sold,7,4.6
PROP-10663,3 BHK Apartment for sale in Bronx,N.Y.,Bronx,APT,1973049.0116062737,2399,3.0,2.0,1971.0,2024-09-20,Sold,2,4.7
PROP-12167,5 BHK Villa for sale in East Austin,AUSTIN,East Austin,VILLA,1843906.81994185,5681,5.0,2.0,2017.0,2025-03-19,Pending,7,4.2
PROP-11931,Commercial Space / Office in River North,CHI,River North,commercial,8838797.671331858,22113,,4.0,2022.0,2024-04-18,Active,1,
PROP-12255,6 BHK Villa for sale in Mission District,san francisco,Mission District,VILLA,6624658.773189137,4883,6.0,2.0,1983.0,2024-11-30,Active,3,3.6
PROP-11627,1 BHK Apartment for sale in Loop,CHI,Loop,APT,478203.79710147146,1245,1.0,2.0,1949.0,2025-04-18,Active,2,3.8
PROP-11729,Commercial Space / Office in South Austin,austin,South Austin,Office,7706518.304794257,18781 sqft,,10.0,2018.0,2025-05-15,Sold,4,3.3
PROP-12110,4 BHK Villa for sale in Lincoln Park,Chicago,Lincoln Park,Villa,2827784.098803839,5937,4.0,5.0,2010.0,2025-11-14,Sold,1,3.6
PROP-10833,Commercial Space / Office in South Austin,austin,South Austin,commercial,9454336.853745988,24043,,4.0,1962.0,24/08/2025,Active,2,5.0
PROP-11986,Residential plot of 1147 sqft in Manhattan,N.Y.,Manhattan,plot,1871274.6002763628,1147,,,,2025-11-07,Active,5,3.2
PROP-10074,6 BHK Villa for sale in Coral Gables,MIAMI,Coral Gables,villa,"$1,997,510",2359,6.0,5.0,2020.0,2024-10-08,Pending,9,4.5
PROP-11243,Residential plot of 6051 sqft in South Austin,ATX,South Austin,plot,2348840 USD,6051,,,,2024-12-29,Pending,5,4.0
PROP-10549,Commercial Space / Office in River North,CHICAGO,River North,COMMERCIAL,9173260.943731133,24006,,3.0,1965.0,2024-04-16,Active,10,4.1
PROP-10248,Residential plot of 9066 sqft in South Beach,MIA,South Beach,Land,6089286.024497087,9066,,,,11/08/2025,Pending,5,5.0
PROP-12695,Residential plot of 7503 sqft in Downtown,ATX,Downtown,Plot,3775015.2792191934,7503,,,,2025/02/01,Active,8,4.8
PROP-11058,Commercial Space / Office in River North,CHI,River North,Office,701106.6897564437,2190,,10.0,1990.0,2024-06-17,Pending,4,3.2
PROP-10296,1 BHK Apartment for sale in East Austin,ATX,East Austin,Apt,713822 USD,2227,1.0,2.0,1980.0,2024-10-08,Pending,9,4.2
PROP-12234,Residential plot of 7025 sqft in South Austin,ATX,South Austin,Plot,3068274.2823838666,7025,,,,2025-07-08,Active,9,
PROP-12189,4 BHK Villa for sale in Brickell,MIA,Brickell,Villa,2924770 USD,5034,4.0,5.0,2001.0,2024-11-01,Sold,1,4.2
PROP-11984,Residential plot of 6022 sqft in Bronx,new york,Bronx,land,6013209.891602425,6022,,,,2025-03-07,Active,10,4.8
PROP-10027,Commercial Space / Office in SOMA,san francisco,SOMA,commercial,32942412.334546793,24147,,5.0,1964.0,2024-12-04,Pending,3,3.4
PROP-10400,4 BHK Apartment for sale in SOMA,SF,SOMA,APT,2027490.0955768584,1458,4.0,1.0,2022.0,2024/06/01,Sold,7,
PROP-10603,4 BHK Apartment for sale in West Lake Hills,ATX,West Lake Hills,Apt,"$792,033",1287,4.0,1.0,1948.0,2024-07-07,Sold,1,4.3
PROP-13083,Residential plot of 2684 sqft in Little Havana,MIAMI,Little Havana,Plot,1396250.9341719034,2684,,,,2024-04-22,Sold,1,3.5
PROP-11728,4 BHK Villa for sale in Little Havana,miami,Little Havana,VILLA,2428038.7124433457,4462,4.0,4.0,,2024-10-07,Active,4,4.2
PROP-10100,3 BHK Apartment for sale in Hyde Park,Chicago,Hyde Park,Apt,233874.9113787559,774,3.0,3.0,1966.0,2025-01-09,Active,10,4.4
PROP-13490,6 BHK Villa for sale in Coral Gables,MIA,Coral Gables,villa,4186570.560109554,5290,6.0,5.0,1992.0,2024-08-06,Sold,7,4.5
PROP-11057,4 BHK Apartment for sale in Loop,chicago,Loop,APT,252710.2950519709,845,4.0,1.0,2005.0,29/09/2025,Pending,2,3.3
PROP-12312,Residential plot of 5051 sqft in Coral Gables,MIA,Coral Gables,Plot,3956984.9940222898,5051,,,,2024-04-19,Sold,8,5.0
PROP-11669,6 BHK Villa for sale in Brooklyn,NY,Brooklyn,VILLA,5428624.01480234,4526,6.0,2.0,2011.0,2025-07-05,Sold,5,4.8
PROP-11921,Residential plot of 1613 sqft in Marina,SAN FRANCISCO,Marina,Plot,2032937.469723039,1613,,,,2024-05-12,Active,5,3.2
PROP-13025,Commercial Space / Office in Lincoln Park,Chicago,Lincoln Park,commercial,8573056.726922534,15244,,8.0,2019.0,2025-10-14,Pending,1,
PROP-12280,2 BHK Apartment for sale in West Lake Hills,austin,West Lake Hills,Apartment,679141.2985946857,957 sqft,2.0,2.0,1927.0,2025-08-11,Active,5,
PROP-13230,Commercial Space / Office in Bronx,NY,Bronx,COMMERCIAL,22586356.104619678,21993,,4.0,1964.0,08/01/2024,Sold,4,3.0
PROP-13387,Commercial Space / Office in Loop,chicago,Loop,COMMERCIAL,6226530.605501636,19635,,7.0,1997.0,2025-05-04,Sold,3,4.6
PROP-10798,Commercial Space / Office in Pacific Heights,san francisco,Pacific Heights,commercial,14985980.178956771,7182,,9.0,1990.0,2024-04-11,Sold,9,4.1
PROP-13039,2 BHK Apartment for sale in East Austin,ATX,East Austin,apartment,455243.04553871555,1468,2.0,1.0,2000.0,08/06/2024,Active,8,3.9
PROP-11329,5 BHK Villa for sale in Mission District,SAN FRANCISCO,Mission District,VILLA,3224728.4499803246,2490 sqft,5.0,2.0,1984.0,2025-03-19,Pending,3,4.3
PROP-11458,Commercial Space / Office in Mission District,san francisco,Mission District,Commercial,17406738.294067714,13560,,7.0,1998.0,2024-03-06,Pending,1,3.8
PROP-11483,Residential plot of 1272 sqft in Coral Gables,Miami,Coral Gables,Land,1194843.6766479528,1272 SQFT,,,,2025-02-22,Sold,10,4.2
PROP-10934,Commercial Space / Office in East Austin,AUSTIN,East Austin,Commercial,"$6,577,403$6,577,403$6,577,403$6,577,403$6,577,403$6,577,403$6,577,403$6,577,403$6,577,403$6,577,403$6,577,403$6,577,403$6,577,403$6,577,403$6,577,403",17026,,9.0,2007.0,2025-05-19,Pending,5,3.5
PROP-10968,3 BHK Villa for sale in Loop,chicago,Loop,villa,2058202.0057056246,5139,3.0,4.0,1991.0,2024/02/14,Pending,9,4.4
PROP-10346,5 BHK Villa for sale in Marina,san francisco,Marina,VILLA,"$2,250,835",1985,,5.0,2023.0,2024-05-15,Pending,8,4.5
PROP-11081,4 BHK Villa for sale in Marina,san francisco,Marina,villa,2377480.2013191152,2425,4.0,2.0,1988.0,2024-02-18,Pending,9,
PROP-11854,Commercial Space / Office in SOMA,san francisco,SOMA,commercial,27315971.435541205,17376,,2.0,1971.0,2025-11-12,Active,10,4.4
PROP-12243,Commercial Space / Office in Downtown,austin,Downtown,Commercial,4612600.554900623,9018,,7.0,1962.0,2024-05-08,Sold,7,3.1
PROP-11709,5 BHK Villa for sale in Bronx,new york,Bronx,VILLA,,3944,5.0,4.0,1990.0,2024-02-02,Active,9,4.2
PROP-10681,6 BHK Villa for sale in Loop,chicago,Loop,villa,725761 USD,2069,6.0,2.0,2001.0,2024-10-04,Sold,9,5.0
PROP-11708,Commercial Space / Office in East Austin,ATX,East Austin,commercial,2533760.6556326663,7790,,4.0,2005.0,2024/03/13,Active,5,4.1
PROP-13355,2 BHK Apartment for sale in Little Havana,miami,Little Havana,apartment,791643.021143696,1858,2.0,1.0,1968.0,2024-02-01,Active,9,4.8
PROP-11414,2 BHK Apartment for sale in Queens,N.Y.,Queens,apartment,2150280 USD,1578,2.0,2.0,2009.0,2024-03-07,Sold,3,4.2
PROP-12075,3 BHK Apartment for sale in SOMA,san francisco,SOMA,Apt,1131028.3867036803,886,3.0,2.0,,2024-12-27,Pending,9,4.3
PROP-10087,3 BHK Apartment for sale in Little Havana,MIAMI,Little Havana,apartment,494539.91300022125,1085,3.0,1.0,2003.0,2024-05-07,Pending,7,4.5
PROP-10465,Commercial Space / Office in South Austin,Austin,South Austin,COMMERCIAL,618653.1730937993,1392,,8.0,1973.0,2024-03-08,Pending,10,4.1
PROP-11301,3 BHK Apartment for sale in Brickell,miami,Brickell,apartment,1480032.695508535,2218,3.0,3.0,1986.0,10/06/2025,Pending,2,4.1
PROP-12852,Residential plot of 9010 sqft in Mission District,san francisco,Mission District,plot,13281409.014033312,9010,,,,12/03/2025,Pending,6,4.2
PROP-10858,Residential plot of 8870 sqft in West Lake Hills,ATX,West Lake Hills,plot,5485337.020042776,8870,,,,2024-05-16,Active,8,3.8
PROP-11420,Residential plot of 4068 sqft in Loop,CHI,Loop,plot,1445283.8346480725,4068,,,,2025-10-18,Sold,9,4.0
PROP-12654,Residential plot of 6590 sqft in Pacific Heights,SF,Pacific Heights,plot,11971292.591560101,6590,,,,2025-09-08,Sold,3,3.1
PROP-12939,Commercial Space / Office in Marina,SF,Marina,Office,20925991 USD,18466,,7.0,2012.0,2024-10-02,Active,7,3.3
PROP-11367,Residential plot of 3510 sqft in River North,Chicago,River North,Land,1235805.3618630874,3510,,,,2025-07-10,Pending,2,4.5
PROP-12333,5 BHK Villa for sale in Lincoln Park,Chicago,Lincoln Park,Villa,1773157.4572088434,3705,5.0,2.0,1996.0,2025-10-12,Active,2,3.7
PROP-11741,Residential plot of 8347 sqft in South Beach,miami,South Beach,Land,4865519.943857343,8347,,,,2024-03-17,Active,3,4.7
PROP-12357,Residential plot of 4152 sqft in Little Havana,Miami,Little Havana,plot,1846464.1464399004,4152,,,,2024-11-21,Sold,8,4.8
PROP-11055,Commercial Space / Office in West Lake Hills,austin,West Lake Hills,COMMERCIAL,9852317.44970349,13652,,3.0,1980.0,2025-05-02,Pending,5,4.1
PROP-11721,Commercial Space / Office in Brickell,Miami,Brickell,commercial,,8651,,8.0,2016.0,2025-02-12,Pending,2,4.8
PROP-13248,Commercial Space / Office in Brickell,MIAMI,Brickell,Commercial,3082259.906574034,4949,,4.0,1994.0,2024-09-22,Sold,10,5.0
PROP-10157,Commercial Space / Office in Hyde Park,chicago,Hyde Park,Commercial,401996.42883337464,1546,,3.0,1960.0,2024/02/10,Pending,9,4.7
PROP-10351,Commercial Space / Office in Hyde Park,Chicago,Hyde Park,Commercial,1469277.7422872572,5568,,10.0,1967.0,2025-02-15,Active,8,3.7
PROP-11689,Commercial Space / Office in Pacific Heights,san francisco,Pacific Heights,Commercial,9291111.318766613,4184,,3.0,1965.0,2024/02/28,Sold,6,4.6
PROP-12676,4 BHK Villa for sale in Mission District,SF,Mission District,Villa,5985841.8087231,4302,4.0,4.0,2013.0,2025-10-20,Sold,9,4.2
PROP-11021,6 BHK Villa for sale in Little Havana,MIAMI,Little Havana,Villa,1487727.2073432296,3200,6.0,4.0,1990.0,2024/08/24,Active,7,4.3
PROP-11486,3 BHK Villa for sale in Pacific Heights,SAN FRANCISCO,Pacific Heights,Villa,5137864.098080205,2492,3.0,2.0,1989.0,2025-08-14,Pending,2,4.9
PROP-11529,Commercial Space / Office in Coral Gables,MIA,Coral Gables,COMMERCIAL,,10455,,8.0,1960.0,2025-09-16,Active,8,4.7
PROP-11263,6 BHK Villa for sale in Mission District,San Francisco,Mission District,VILLA,3677738.454480998,2989,6.0,5.0,1986.0,2025-07-04,Pending,9,4.2
PROP-13311,Commercial Space / Office in River North,Chicago,River North,COMMERCIAL,1549119.1688938574,4030,,9.0,2004.0,2025-07-29,Pending,3,4.7
PROP-12575,3 BHK Villa for sale in Mission District,SF,Mission District,villa,6563326.670830057,4981 sqft,3.0,4.0,1980.0,11/04/2025,Pending,1,3.2
PROP-12901,Commercial Space / Office in Pacific Heights,San Francisco,Pacific Heights,Office,43654409.09016463,21590,,7.0,2015.0,26/02/2024,Pending,1,5.0
PROP-13252,4 BHK Apartment for sale in South Austin,ATX,South Austin,Apartment,427020.93184012437,1003,4.0,1.0,2010.0,15/04/2024,Pending,3,4.7
PROP-11836,Residential plot of 1682 sqft in Hyde Park,CHICAGO,Hyde Park,Land,478141.0884332609,1682,,,,2025-11-05,Pending,10,4.2
PROP-13193,Commercial Space / Office in Hyde Park,chicago,Hyde Park,Office,782173 USD,2679,,3.0,2019.0,2025-01-27,Pending,10,4.1
PROP-10743,3 BHK Villa for sale in East Austin,Austin,East Austin,Villa,"$1,362,194",3714,,5.0,1980.0,2025-01-31,Active,4,4.5
PROP-10793,4 BHK Apartment for sale in Queens,N.Y.,Queens,Apt,885389 USD,856,4.0,2.0,1940.0,2025-09-07,Active,3,4.9
PROP-10084,3 BHK Villa for sale in Loop,chicago,Loop,villa,1900043.073009399,5316,3.0,4.0,1995.0,2024-07-10,Active,9,4.1
PROP-10213,Commercial Space / Office in Loop,Chicago,Loop,Office,9001158.42247116,22576,,10.0,1968.0,2024-01-05,Active,9,4.8
PROP-11586,Residential plot of 4649 sqft in Manhattan,N.Y.,Manhattan,plot,7658813.414319364,4649,,,,2024-12-03,Sold,7,3.9
PROP-12787,5 BHK Villa for sale in Marina,san francisco,Marina,Villa,,4103,5.0,2.0,1983.0,2024-12-20,Sold,10,4.7
PROP-12861,4 BHK Apartment for sale in Brooklyn,New York,Brooklyn,Apt,1671234.4159087082,1313,4.0,2.0,1975.0,08/04/2024,Sold,5,3.9
PROP-13317,Residential plot of 3609 sqft in Marina,SAN FRANCISCO,Marina,Land,3835136.7607588214,3609,,,,2024-11-16,Pending,6,3.8
PROP-11201,5 BHK Villa for sale in Mission District,san francisco,Mission District,Villa,5828224.668279795,4842,5.0,3.0,,2024-09-22,Active,10,4.9
PROP-11412,4 BHK Apartment for sale in Mission District,SF,Mission District,Apartment,1375714.3992697294,1122,4.0,1.0,1960.0,2024-01-25,Pending,5,3.4
PROP-11762,Residential plot of 1489 sqft in Little Havana,MIAMI,Little Havana,Plot,"$634,907",1489,,,,2024-01-12,Pending,9,4.7
PROP-11005,6 BHK Villa for sale in East Austin,austin,East Austin,VILLA,1934378.2704454476,5636,6.0,3.0,2006.0,2025-09-01,Pending,2,3.8
PROP-12647,4 BHK Apartment for sale in Brooklyn,NEW YORK,Brooklyn,apartment,2389600.155782871,2091,4.0,1.0,1952.0,2024/05/11,Pending,2,4.9
PROP-12573,4 BHK Villa for sale in Queens,NEW YORK,Queens,villa,4964227.540151214,4780,4.0,3.0,1997.0,2025-05-18,Pending,7,4.1
PROP-12162,4 BHK Villa for sale in South Austin,Austin,South Austin,VILLA,1807106.2866083388,4640,4.0,5.0,1990.0,2024-09-30,Sold,5,
PROP-10342,Residential plot of 5859 sqft in Manhattan,NY,Manhattan,Plot,10311765.102297904,5859,,,,2024-10-03,Sold,10,4.2
PROP-11488,Commercial Space / Office in Pacific Heights,SF,Pacific Heights,commercial,,8622,,3.0,1994.0,2024-06-03,Pending,8,
PROP-11436,3 BHK Villa for sale in Loop,Chicago,Loop,villa,1007162.1384835297,2568,,5.0,2022.0,2024-11-07,Pending,6,4.5
PROP-13127,Commercial Space / Office in Downtown,ATX,Downtown,Office,10062570.024083989,20402,,9.0,1962.0,2025-11-27,Sold,6,4.4
PROP-10591,3 BHK Apartment for sale in Marina,SF,Marina,Apartment,2167629.065718097,1753,3.0,1.0,1924.0,2024-03-15,Pending,10,4.0
PROP-10167,Commercial Space / Office in Mission District,san francisco,Mission District,Office,,11290,,8.0,1967.0,2024-07-31,Pending,5,4.7
PROP-10322,Residential plot of 1138 sqft in Pacific Heights,san francisco,Pacific Heights,Plot,2627601.47000445,1138,,,,2024-01-13,Sold,2,4.4
PROP-10126,Commercial Space / Office in Coral Gables,Miami,Coral Gables,commercial,3628241.659101303,4506,,3.0,1993.0,2024-07-15,Pending,6,3.5
PROP-11245,Commercial Space / Office in Marina,San Francisco,Marina,Office,16957230.649441108,16191,,10.0,1986.0,2024-03-16,Sold,5,4.1
PROP-13138,6 BHK Villa for sale in River North,chicago,River North,Villa,1337231.3351266254,4338,6.0,2.0,1999.0,2024-11-17,Sold,3,4.5
PROP-12430,Commercial Space / Office in Manhattan,New York,Manhattan,commercial,20255473.228563014,11612,,3.0,1974.0,2025-10-14,Active,10,4.1
PROP-10036,2 BHK Apartment for sale in Brooklyn,NEW YORK,Brooklyn,apartment,998629.5602121855,892,2.0,3.0,,2025/08/26,Sold,10,4.1
PROP-12171,Commercial Space / Office in Bronx,NY,Bronx,COMMERCIAL,16403422 USD,16423 sqft,,9.0,2001.0,2024-02-22,Active,2,4.3
PROP-10125,3 BHK Villa for sale in Bronx,new york,Bronx,Villa,"$2,877,043",3037,3.0,3.0,,2024-03-02,Sold,10,4.7
PROP-10346,5 BHK Villa for sale in Marina,san francisco,Marina,VILLA,"$2,250,835",1985,,5.0,2023.0,2024-05-15,Pending,8,4.5
PROP-11928,1 BHK Apartment for sale in Little Havana,MIAMI,Little Havana,apartment,933588.9561543576,1782,1.0,2.0,1982.0,2025-06-06,Active,10,5.0
PROP-12733,Residential plot of 4712 sqft in Lincoln Park,chicago,Lincoln Park,Land,,4712,,,,2025-02-20,Pending,3,4.0
PROP-13342,Residential plot of 5808 sqft in River North,CHI,River North,land,1971438.4430157996,5808,,,,2025/09/16,Sold,4,
PROP-10914,4 BHK Apartment for sale in Hyde Park,CHI,Hyde Park,Apartment,557776.1242062317,1973,4.0,2.0,1998.0,2025-01-28,Sold,10,4.5
PROP-12571,Commercial Space / Office in Pacific Heights,San Francisco,Pacific Heights,commercial,45134405.99043269,22286 SQFT,,5.0,2002.0,2025-06-03,Pending,5,4.1
PROP-11343,4 BHK Apartment for sale in Bronx,new york,Bronx,Apartment,1140883.041131129,1060,4.0,2.0,1990.0,2024-01-20,Active,7,4.5
PROP-10955,3 BHK Apartment for sale in Loop,CHICAGO,Loop,Apartment,720916.4145648057,2033,,3.0,1950.0,2025-07-19,Sold,10,4.9
PROP-12723,4 BHK Villa for sale in Queens,NEW YORK,Queens,Villa,6293452.850500634,5944,4.0,4.0,1999.0,2025-02-24,Active,3,3.1
PROP-11056,4 BHK Apartment for sale in Hyde Park,Chicago,Hyde Park,APT,335867.09626034775,1175,4.0,2.0,1922.0,2025-11-17,Sold,7,4.2
PROP-11250,Commercial Space / Office in Lincoln Park,Chicago,Lincoln Park,COMMERCIAL,10842041.426087527,22999,,8.0,1979.0,2025/11/14,Active,5,4.8
PROP-11607,1 BHK Apartment for sale in SOMA,San Francisco,SOMA,Apartment,2230533.269148336,1688,1.0,2.0,1948.0,2025-09-21,Active,3,4.0
PROP-12221,Commercial Space / Office in East Austin,ATX,East Austin,Commercial,3273831.340501408,8568,,6.0,1961.0,2025-03-27,Pending,1,
PROP-12685,5 BHK Villa for sale in SOMA,SF,SOMA,VILLA,6418799.151934652,4276,,4.0,2004.0,2024-07-30,Pending,10,4.5
PROP-11174,3 BHK Apartment for sale in Mission District,SF,Mission District,Apartment,872969.4647889653,683,3.0,1.0,1921.0,01/05/2025,Active,2,4.5
PROP-13068,4 BHK Villa for sale in Manhattan,NY,Manhattan,Villa,4701502.659182978,2723,4.0,3.0,1997.0,2025-02-28,Active,10,4.1
PROP-11346,Commercial Space / Office in Loop,CHI,Loop,Commercial,Contact Agent,14490,,10.0,1974.0,2024-08-13,Active,2,
PROP-11663,2 BHK Apartment for sale in Pacific Heights,San Francisco,Pacific Heights,Apt,2900951.875096437,1540,2.0,2.0,1994.0,2024-07-14,Sold,9,4.0
PROP-11452,Commercial Space / Office in East Austin,AUSTIN,East Austin,Office,1933698.16816653,5645,,8.0,1982.0,2024-04-27,Pending,7,4.0
PROP-10938,Residential plot of 4871 sqft in Brooklyn,New York,Brooklyn,Land,6586157.415872515,4871,,,,2025-10-22,Sold,10,4.5
PROP-10562,Commercial Space / Office in South Beach,MIA,South Beach,COMMERCIAL,5962087.340550957,11489,,5.0,1972.0,2025-05-20,Pending,9,
PROP-10704,Residential plot of 2579 sqft in Hyde Park,chicago,Hyde Park,Land,717308.4809186056,2579,,,,2025-08-07,Active,9,4.9
PROP-13231,Residential plot of 6434 sqft in Manhattan,N.Y.,Manhattan,plot,11387894.149189731,6434,,,,2024/12/20,Active,6,3.9
PROP-11737,3 BHK Apartment for sale in Downtown,Austin,Downtown,apartment,563573.513781127,1343,3.0,1.0,,2025-06-24,Sold,7,3.4
PROP-10373,3 BHK Apartment for sale in Pacific Heights,San Francisco,Pacific Heights,APT,"$1,559,164",734,,1.0,1922.0,2024-02-08,Pending,10,4.4
PROP-10749,Residential plot of 5025 sqft in SOMA,SF,SOMA,land,7811727.524176477,5025,,,,2024-05-13,Pending,8,4.2
PROP-11215,Commercial Space / Office in Downtown,AUSTIN,Downtown,commercial,"$3,499,674",7065,,3.0,1990.0,2025-10-24,Sold,6,4.2
PROP-12239,Commercial Space / Office in Mission District,SF,Mission District,Commercial,Contact Agent,12191,,5.0,1979.0,2024-07-31,Sold,4,3.4
PROP-11087,Residential plot of 3472 sqft in SOMA,San Francisco,SOMA,plot,4995729.729415325,3472,,,,2024-04-29,Pending,6,3.1
PROP-12558,Commercial Space / Office in Downtown,ATX,Downtown,COMMERCIAL,7055748 USD,17415,,9.0,1993.0,2025-02-14,Sold,10,4.0
PROP-12351,Residential plot of 1397 sqft in Marina,San Francisco,Marina,Plot,1695230.559734736,1397,,,,2024-09-08,Sold,7,
PROP-12706,Commercial Space / Office in Lincoln Park,Chicago,Lincoln Park,COMMERCIAL,3260250 USD,5574,,4.0,1968.0,2025-09-13,Pending,4,4.1
PROP-11080,3 BHK Villa for sale in Lincoln Park,CHI,Lincoln Park,villa,2948462.6671632016,5943,3.0,3.0,1989.0,11/02/2024,Sold,6,3.8
PROP-10812,Residential plot of 7241 sqft in Bronx,N.Y.,Bronx,Land,5951394.605952551,7241,,,,2025-03-22,Pending,2,3.9
PROP-11038,Residential plot of 8153 sqft in East Austin,austin,East Austin,plot,2821244.8236220423,8153,,,,2025/04/28,Pending,7,3.8
PROP-12540,4 BHK Villa for sale in Lincoln Park,Chicago,Lincoln Park,VILLA,2888873.062903272,5948,4.0,4.0,2013.0,2025/07/27,Sold,1,4.3
PROP-13453,Residential plot of 6249 sqft in River North,chicago,River North,Plot,1935670.7837325959,6249,,,,2024-09-15,Pending,7,3.9
PROP-13195,Commercial Space / Office in SOMA,san francisco,SOMA,COMMERCIAL,16564589.593414124,11778,,10.0,1973.0,2024-07-25,Active,6,4.3
PROP-12851,4 BHK Villa for sale in Downtown,AUSTIN,Downtown,VILLA,1821450.0710102716,3641,4.0,2.0,2005.0,2024-12-11,Active,10,4.2
PROP-11617,Commercial Space / Office in Marina,SAN FRANCISCO,Marina,COMMERCIAL,2907059.9221456954,2790,,9.0,2006.0,2024-08-15,Pending,5,3.5
PROP-11084,4 BHK Villa for sale in West Lake Hills,austin,West Lake Hills,VILLA,1147669.335041033,1812,4.0,3.0,1998.0,29/03/2025,Active,5,4.0
PROP-10921,3 BHK Apartment for sale in East Austin,ATX,East Austin,APT,722686.8248766214,2194,3.0,1.0,1933.0,2024-06-26,Active,7,4.0
PROP-10322,Residential plot of 1138 sqft in Pacific Heights,san francisco,Pacific Heights,Plot,2627601.47000445,1138,,,,2024-01-13,Sold,2,4.4
PROP-12332,Commercial Space / Office in South Beach,Miami,South Beach,Office,11507784.841706298,19140,,6.0,1971.0,2025-01-11,Pending,4,4.1
PROP-10813,3 BHK Villa for sale in West Lake Hills,austin,West Lake Hills,Villa,1985533.6121476525,3403,3.0,5.0,2003.0,2024-08-22,Active,2,4.2
PROP-12124,Residential plot of 4448 sqft in Marina,SF,Marina,Land,"$5,125,420",4448,,,,2025-08-29,Sold,9,
PROP-13152,4 BHK Apartment for sale in Little Havana,Miami,Little Havana,Apartment,1122681.642011273,2068,4.0,1.0,1938.0,2024-04-23,Active,8,4.9
PROP-11399,3 BHK Villa for sale in Brickell,MIAMI,Brickell,villa,2685145.834344595,4720,3.0,4.0,2007.0,2024-06-02,Active,6,4.9
PROP-11442,3 BHK Villa for sale in River North,CHI,River North,VILLA,835117.008535884,2323,3.0,4.0,1998.0,2024-10-19,Active,2,4.0
PROP-10231,Commercial Space / Office in Brickell,miami,Brickell,commercial,4408896.733445676,6870 SQFT,,4.0,2007.0,2025-01-02,Pending,4,3.1
PROP-12627,6 BHK Villa for sale in Little Havana,miami,Little Havana,VILLA,2004114.006768346,3878 SQFT,6.0,5.0,2018.0,2025-06-19,Pending,5,4.2
PROP-11402,4 BHK Villa for sale in West Lake Hills,Austin,West Lake Hills,Villa,4271595.30550186,5626,4.0,2.0,2014.0,2025-04-28,Sold,1,4.3
PROP-12932,3 BHK Apartment for sale in Brooklyn,new york,Brooklyn,apartment,1007400.1243481417,929,3.0,2.0,1933.0,2025-03-03,Active,3,3.4
PROP-11707,4 BHK Apartment for sale in Bronx,NY,Bronx,APT,2252257.8815720766,2115,4.0,3.0,2020.0,13/02/2025,Pending,4,4.1
PROP-11190,5 BHK Villa for sale in Little Havana,miami,Little Havana,Villa,1856668.7096268581,4541,5.0,3.0,1996.0,2024-01-27,Sold,3,3.9
PROP-11342,2 BHK Apartment for sale in South Beach,MIA,South Beach,APT,,2262,2.0,3.0,1984.0,07/02/2025,Sold,6,4.4
PROP-11455,Commercial Space / Office in Downtown,Austin,Downtown,Office,1947549.6184330955,4170,,6.0,1971.0,2024-04-14,Pending,10,4.6
PROP-11274,4 BHK Apartment for sale in Queens,NY,Queens,APT,1821692.2521905084,1578,4.0,3.0,1927.0,2024-07-02,Active,4,3.5
PROP-11915,Residential plot of 5553 sqft in Queens,N.Y.,Queens,Land,7159876.73655057,5553,,,,2024/06/15,Sold,6,3.7
PROP-12977,1 BHK Apartment for sale in Loop,CHI,Loop,Apt,724119.637700039,1939,1.0,2.0,2007.0,2025-07-23,Pending,5,4.6
PROP-10936,4 BHK Villa for sale in Marina,SAN FRANCISCO,Marina,VILLA,4642521.756781436,3790 SQFT,4.0,3.0,,2024-04-10,Pending,7,
PROP-13386,Residential plot of 9491 sqft in Loop,chicago,Loop,plot,3539575 USD,9491,,,,28/03/2025,Active,5,3.3
PROP-13046,6 BHK Villa for sale in Mission District,SF,Mission District,villa,3233158.839821798,2341 sqft,6.0,4.0,2000.0,2024-09-24,Sold,10,4.3
PROP-12269,Residential plot of 8334 sqft in Manhattan,N.Y.,Manhattan,land,13960112.06113084,8334,,,,2024-01-19,Pending,5,4.1
PROP-10265,Commercial Space / Office in South Beach,MIAMI,South Beach,COMMERCIAL,3901031.2779574683,7511,,7.0,2016.0,2025-11-13,Active,6,4.3
PROP-10000,3 BHK Villa for sale in Manhattan,NEW YORK,Manhattan,Villa,5173316.594280225,2943,3.0,2.0,2017.0,2024-01-31,Active,10,4.6
PROP-11643,Commercial Space / Office in Mission District,San Francisco,Mission District,commercial,5126034.689454949,3727 sqft,,4.0,2000.0,2025/03/13,Pending,9,4.2
PROP-12198,Residential plot of 6258 sqft in Hyde Park,CHI,Hyde Park,Land,"$1,507,186",6258,,,,2025-12-01,Sold,4,3.2
PROP-10838,Residential plot of 1729 sqft in Bronx,N.Y.,Bronx,land,1552524.2085580043,1729,,,,2024-01-19,Sold,2,3.9
PROP-10014,3 BHK Apartment for sale in Loop,chicago,Loop,Apartment,499501.22674242995,1358,3.0,2.0,1946.0,2024-11-17,Pending,3,4.3
PROP-13086,Commercial Space / Office in Loop,CHICAGO,Loop,Office,1078856.7970599257,2691,,2.0,1989.0,06/09/2025,Sold,1,3.5
PROP-11620,3 BHK Apartment for sale in Hyde Park,Chicago,Hyde Park,APT,388306.11887719994,1402,3.0,3.0,1971.0,03/11/2024,Pending,10,4.6
PROP-12017,Residential plot of 3928 sqft in South Beach,miami,South Beach,Plot,2595338.0004494567,3928,,,,2024-06-20,Sold,3,3.1
PROP-10008,Residential plot of 4470 sqft in Marina,san francisco,Marina,land,5650593.753409829,4470,,,,2024-07-24,Pending,6,3.9
PROP-11039,Residential plot of 2295 sqft in Bronx,new york,Bronx,plot,1989764.9097657166,2295,,,,2024-10-19,Sold,1,4.1
PROP-10556,Commercial Space / Office in Brooklyn,NY,Brooklyn,COMMERCIAL,23457221.512035515,21760,,9.0,2011.0,2024-11-01,Active,10,4.9
PROP-12858,4 BHK Apartment for sale in Pacific Heights,San Francisco,Pacific Heights,Apt,2815368.3758208402,1254,4.0,1.0,1998.0,2025/09/27,Pending,7,3.7
PROP-12578,4 BHK Villa for sale in Little Havana,Miami,Little Havana,Villa,1897271.8146404163,3571,4.0,5.0,2023.0,2024-05-03,Sold,3,4.3
PROP-13297,Commercial Space / Office in Marina,san francisco,Marina,COMMERCIAL,9645629 USD,-7592,,7.0,2008.0,2025-05-22,Active,5,3.8
PROP-10339,Residential plot of 8014 sqft in Marina,SF,Marina,Plot,9611639.758665452,8014,,,,2024-09-09,Pending,10,4.9
PROP-13281,5 BHK Villa for sale in Marina,SAN FRANCISCO,Marina,Villa,6306460.847433567,5849,5.0,3.0,2014.0,2024/07/08,Active,5,5.0
PROP-13498,3 BHK Villa for sale in Loop,chicago,Loop,Villa,1527659.31362415,4888,3.0,5.0,2021.0,08/06/2025,Active,9,4.3
PROP-12228,Residential plot of 5589 sqft in Coral Gables,MIA,Coral Gables,land,4824660.594266745,5589,,,,2025-07-22,Sold,9,4.5
PROP-11484,2 BHK Apartment for sale in South Austin,ATX,South Austin,Apt,974759.0136487928,2202,2.0,2.0,2022.0,2024/11/03,Active,6,3.1
PROP-10622,4 BHK Villa for sale in Marina,SAN FRANCISCO,Marina,Villa,2461839.0590344905,2526,4.0,2.0,2007.0,2025-07-25,Sold,3,3.1
PROP-10034,Commercial Space / Office in Hyde Park,chicago,Hyde Park,commercial,,12626,,6.0,1981.0,2025-09-02,Pending,9,4.9
PROP-12537,4 BHK Apartment for sale in Loop,CHICAGO,Loop,Apartment,407208.56809317466,1225,4.0,2.0,2007.0,2025/06/23,Pending,7,3.8
PROP-12084,Commercial Space / Office in East Austin,ATX,East Austin,Office,"$5,595,028",13946,,3.0,2006.0,2025-07-09,Pending,6,
PROP-11207,Commercial Space / Office in Little Havana,Miami,Little Havana,commercial,920694.0554775175,-1866,,2.0,1996.0,2025-11-06,Sold,5,3.6
PROP-12169,4 BHK Apartment for sale in Brooklyn,new york,Brooklyn,Apartment,2860567.34861414,2263,4.0,2.0,1930.0,2024-01-28,Sold,5,3.7
PROP-12076,3 BHK Villa for sale in Manhattan,new york,Manhattan,villa,5877058.805118648,3464,3.0,3.0,1988.0,2025-06-20,Pending,7,4.7
PROP-12251,2 BHK Apartment for sale in Brooklyn,NEW YORK,Brooklyn,APT,1172652.7726949914,895,2.0,1.0,1934.0,2025-01-18,Sold,7,3.5
PROP-12927,Residential plot of 3549 sqft in Coral Gables,MIAMI,Coral Gables,plot,3027405.0814188393,3549,,,,2025-10-18,Pending,6,3.4
PROP-12415,2 BHK Apartment for sale in South Austin,AUSTIN,South Austin,Apt,920335.9004270985,2257,,3.0,1968.0,2024-12-21,Sold,3,4.2
PROP-13489,3 BHK Apartment for sale in Marina,SF,Marina,apartment,1048137.9783738265,906,3.0,3.0,1982.0,2024-12-12,Active,1,4.4
PROP-10196,5 BHK Villa for sale in Pacific Heights,San Francisco,Pacific Heights,villa,7327531.388698508,3629,5.0,5.0,2001.0,2025-08-22,Active,8,3.1
PROP-10726,Residential plot of 9322 sqft in Hyde Park,CHICAGO,Hyde Park,plot,2959609.0978204883,9322,,,,2024-05-27,Sold,10,4.0
PROP-11664,6 BHK Villa for sale in Downtown,austin,Downtown,Villa,1184275.7659611355,2932,6.0,4.0,1992.0,2024-08-31,Sold,8,4.6
PROP-12431,3 BHK Apartment for sale in South Beach,MIAMI,South Beach,Apartment,1317198.4214765138,2272,3.0,2.0,,29/08/2024,Active,10,4.9
PROP-10953,Commercial Space / Office in South Austin,austin,South Austin,commercial,6800010 USD,15400,,6.0,2013.0,2025-02-07,Active,2,3.7
PROP-10264,Commercial Space / Office in Brooklyn,NY,Brooklyn,commercial,2695334.5886748866,2098,,5.0,1989.0,2024-04-06,Active,8,3.8
PROP-10432,4 BHK Apartment for sale in Manhattan,NY,Manhattan,APT,4329725.44123862,2490 sqft,4.0,3.0,1965.0,2024-01-09,Pending,6,3.9
PROP-13492,Commercial Space / Office in South Beach,MIAMI,South Beach,COMMERCIAL,12089348.058991497,21477 sqft,,8.0,1960.0,2024-06-28,Pending,7,3.6
PROP-12665,Residential plot of 9420 sqft in Brickell,MIAMI,Brickell,land,"$6,145,025",9420,,,,2025-09-15,Sold,1,3.4
PROP-12205,5 BHK Villa for sale in West Lake Hills,Austin,West Lake Hills,Villa,2953638.6685233964,3873,5.0,4.0,2018.0,2024/03/07,Active,10,4.3
PROP-13201,3 BHK Villa for sale in Brickell,Miami,Brickell,Villa,1995283.5711872973,3623,3.0,4.0,2023.0,2025-09-04,Active,2,4.7
PROP-11108,3 BHK Villa for sale in Lincoln Park,Chicago,Lincoln Park,villa,2319709.781434643,4835,3.0,2.0,1980.0,2025-11-26,Pending,7,3.2
PROP-11981,Residential plot of 5743 sqft in West Lake Hills,AUSTIN,West Lake Hills,plot,3708453.3960911655,5743,,,,2025-08-06,Pending,2,3.6
PROP-12390,Residential plot of 5385 sqft in Mission District,SAN FRANCISCO,Mission District,Land,8238345.499476104,5385,,,,2024-04-27,Sold,7,4.3
PROP-10133,Residential plot of 5397 sqft in Lincoln Park,chicago,Lincoln Park,Land,2827580.161787578,5397,,,,2024-03-05,Pending,7,3.6
PROP-11144,3 BHK Apartment for sale in Mission District,san francisco,Mission District,Apartment,2687397.3275510822,1717 sqft,3.0,1.0,1970.0,2025-02-28,Active,10,4.4
PROP-11829,Commercial Space / Office in Coral Gables,Miami,Coral Gables,COMMERCIAL,18017297.881600633,17965,,6.0,,2025-05-02,Pending,4,4.0
PROP-10604,4 BHK Apartment for sale in East Austin,austin,East Austin,APT,764126.2550691244,1986,4.0,2.0,2020.0,28/02/2024,Sold,7,4.9
PROP-12273,6 BHK Villa for sale in Queens,New York,Queens,villa,3460941.1195022603,3229,6.0,5.0,1992.0,2024-11-19,Active,8,4.7
PROP-12107,Commercial Space / Office in River North,CHICAGO,River North,Office,9663127.854887413,24702,,4.0,2020.0,2024-08-08,Active,4,4.4
PROP-11863,Commercial Space / Office in Lincoln Park,chicago,Lincoln Park,Commercial,6346477 USD,13046,,8.0,1966.0,2025-03-20,Pending,5,3.4
PROP-11480,Commercial Space / Office in Little Havana,MIA,Little Havana,Office,7737109.596463668,15744,,10.0,1999.0,2025-04-12,Sold,2,3.9
PROP-10377,Commercial Space / Office in Marina,san francisco,Marina,COMMERCIAL,25373440.374329656,21903,,10.0,2011.0,2025/03/20,Sold,1,4.0
PROP-10363,2 BHK Apartment for sale in South Beach,Miami,South Beach,apartment,1321067.2451063702,1965,2.0,2.0,1941.0,2025-07-04,Sold,4,4.8
PROP-13123,Commercial Space / Office in Manhattan,NEW YORK,Manhattan,commercial,28057357.78186371,16093,,10.0,1981.0,2025-10-11,Active,10,4.7
PROP-10258,6 BHK Villa for sale in Coral Gables,MIA,Coral Gables,VILLA,3047662.6616245955,3250,6.0,5.0,2013.0,2025-06-30,Pending,8,4.1
PROP-13080,Residential plot of 3766 sqft in Brickell,MIAMI,Brickell,plot,"$2,212,968",3766,,,,2024-02-04,Active,5,3.1
PROP-10171,3 BHK Apartment for sale in West Lake Hills,austin,West Lake Hills,apartment,1373335.6068126026,1825,3.0,2.0,1972.0,2025-05-05,Pending,7,3.3
PROP-10769,5 BHK Villa for sale in Bronx,NY,Bronx,villa,2636213.5063671395,2972,5.0,2.0,2010.0,2025-10-10,Pending,10,4.1
PROP-12790,4 BHK Villa for sale in SOMA,SAN FRANCISCO,SOMA,Villa,8181516.214204447,5879,4.0,4.0,1996.0,01/09/2024,Sold,3,4.8
PROP-13067,4 BHK Villa for sale in SOMA,SF,SOMA,villa,5027062.666822156,3602,4.0,5.0,2003.0,2024-05-02,Sold,10,4.3
PROP-12816,4 BHK Apartment for sale in Pacific Heights,SAN FRANCISCO,Pacific Heights,APT,4449035.958783096,1924,4.0,2.0,1999.0,2024-12-02,Active,5,3.3
PROP-11606,2 BHK Apartment for sale in Queens,NEW YORK,Queens,Apartment,2169512.2598909168,1863,,3.0,1983.0,2025-04-14,Sold,8,3.3
PROP-10904,Commercial Space / Office in SOMA,SAN FRANCISCO,SOMA,Commercial,19948652.523474764,16308,,10.0,2019.0,2024-01-11,Active,4,3.2
PROP-10154,3 BHK Apartment for sale in Loop,Chicago,Loop,APT,474149.115180711,1252,3.0,1.0,1968.0,2024-05-16,Sold,3,3.1
PROP-12226,4 BHK Apartment for sale in Bronx,New York,Bronx,Apt,2101222.6081012897,2485,4.0,3.0,1991.0,2024-01-19,Sold,9,4.6
PROP-13278,2 BHK Apartment for sale in Brooklyn,new york,Brooklyn,Apartment,1426730.4277460873,-1266,2.0,3.0,2010.0,2025/05/22,Sold,10,4.2
PROP-12157,5 BHK Villa for sale in Loop,CHICAGO,Loop,VILLA,2042253.0686457574,5335,5.0,3.0,1989.0,10/05/2024,Pending,8,3.1
PROP-13380,3 BHK Villa for sale in South Beach,MIA,South Beach,villa,2984139.0307163685,5699,3.0,4.0,2022.0,2024-04-27,Sold,10,4.7
PROP-12473,4 BHK Villa for sale in River North,Chicago,River North,Villa,2037758.7099553195,5727,4.0,4.0,2017.0,2024/03/14,Active,1,
PROP-10597,1 BHK Apartment for sale in Manhattan,NEW YORK,Manhattan,Apt,3521008.53020397,1725,1.0,3.0,1981.0,2024-10-04,Active,3,4.0
PROP-12087,2 BHK Apartment for sale in Bronx,new york,Bronx,apartment,490703.2049047877,559,2.0,3.0,2011.0,2025-07-16,Active,3,3.0
PROP-11499,5 BHK Villa for sale in Hyde Park,CHI,Hyde Park,Villa,676707.158852352,2539,5.0,5.0,2012.0,2024-09-24,Pending,3,3.0
PROP-11786,Commercial Space / Office in Brickell,MIAMI,Brickell,COMMERCIAL,6433853.461665453,9638,,6.0,1996.0,31/01/2024,Active,10,4.8
PROP-11149,Commercial Space / Office in SOMA,SF,SOMA,Commercial,34276734.98075595,22349,,9.0,1998.0,2025-07-24,Sold,5,3.5
PROP-12098,Commercial Space / Office in Loop,CHICAGO,Loop,Office,"$4,362,486",14303,,9.0,1991.0,2024/05/19,Sold,9,4.1
PROP-10441,5 BHK Villa for sale in East Austin,austin,East Austin,villa,1777895.9792206408,4328,5.0,4.0,2003.0,2025-06-14,Sold,3,3.1
PROP-12129,4 BHK Apartment for sale in Brooklyn,New York,Brooklyn,Apartment,980789.451366998,895,4.0,3.0,1996.0,2025-10-16,Active,9,4.6
PROP-10680,4 BHK Villa for sale in West Lake Hills,ATX,West Lake Hills,VILLA,3314481.3145066714,5748,4.0,5.0,2004.0,2024-03-07,Pending,4,3.4
PROP-12795,2 BHK Apartment for sale in Bronx,new york,Bronx,apartment,602811.6934554961,719,2.0,3.0,2023.0,2024-06-11,Active,8,4.9
PROP-10254,Residential plot of 3373 sqft in Bronx,N.Y.,Bronx,land,3595814.3198709697,3373,,,,17/10/2025,Pending,7,4.3
PROP-13075,Residential plot of 9095 sqft in Little Havana,MIA,Little Havana,Land,"$3,889,257",9095,,,,2025-07-10,Sold,6,4.3
PROP-13228,3 BHK Apartment for sale in Bronx,new york,Bronx,Apt,2081383.594297217,2065,3.0,3.0,1964.0,2025-06-14,Sold,5,
PROP-10221,Residential plot of 2857 sqft in Brickell,Miami,Brickell,land,1655510.5582220424,2857,,,,2025-07-07,Active,9,
PROP-10267,Commercial Space / Office in Pacific Heights,SAN FRANCISCO,Pacific Heights,commercial,3808090.1266117636,1699,,8.0,1982.0,13/09/2024,Pending,8,4.1
PROP-11867,2 BHK Apartment for sale in West Lake Hills,AUSTIN,West Lake Hills,APT,1600631.7329176841,2235,2.0,2.0,1922.0,2024-12-25,Pending,2,4.9
PROP-11094,Commercial Space / Office in Manhattan,new york,Manhattan,Office,27438503.875363383,14429,,2.0,2007.0,2024-06-21,Active,3,3.7
PROP-12492,Commercial Space / Office in River North,CHICAGO,River North,commercial,1397476.8904034717,4014,,9.0,2009.0,2025-06-15,Pending,7,4.5
PROP-11407,Commercial Space / Office in South Austin,Austin,South Austin,Commercial,6083303.060771295,12856,,6.0,1990.0,2025-03-07,Active,6,4.0
PROP-11242,Commercial Space / Office in Brooklyn,new york,Brooklyn,COMMERCIAL,11145391.675695632,9147,,2.0,,2024-09-29,Pending,1,3.5
PROP-11577,1 BHK Apartment for sale in Downtown,ATX,Downtown,Apartment,572175.9706774212,0,1.0,3.0,1933.0,2025-05-23,Pending,5,3.1
PROP-12510,Residential plot of 3578 sqft in Bronx,NEW YORK,Bronx,land,3609352.3189002825,3578,,,,2025-11-26,Sold,8,3.0
PROP-11226,Residential plot of 9510 sqft in South Beach,MIAMI,South Beach,Plot,5488202.563393446,9510,,,,2025-06-13,Sold,3,4.9
PROP-11054,5 BHK Villa for sale in Hyde Park,Chicago,Hyde Park,Villa,1835822.8200330555,5777,5.0,3.0,2015.0,2024-05-04,Pending,3,3.0
PROP-11440,2 BHK Apartment for sale in River North,chicago,River North,apartment,787824.2849573314,2450,2.0,2.0,2020.0,2025/06/27,Sold,1,3.6
PROP-11297,Residential plot of 3504 sqft in Little Havana,miami,Little Havana,Land,1709792.1089718994,3504 SQFT,,,,2024-04-22,Pending,10,4.0
PROP-11396,6 BHK Villa for sale in South Beach,MIAMI,South Beach,villa,2609042.79888437,4341,6.0,4.0,2002.0,2024-07-20,Sold,3,3.2
PROP-10376,Residential plot of 9846 sqft in Queens,N.Y.,Queens,land,11153618.390260821,9846 sqft,,,,2025-02-28,Sold,9,4.8
PROP-10755,1 BHK Apartment for sale in Loop,CHICAGO,Loop,apartment,684396.9771975861,2285,1.0,3.0,1993.0,2025-01-24,Pending,7,3.8
PROP-10291,5 BHK Villa for sale in South Beach,miami,South Beach,villa,2812381.7740164963,5187,5.0,5.0,1981.0,27/08/2025,Active,10,4.3
PROP-11979,4 BHK Villa for sale in Bronx,N.Y.,Bronx,VILLA,5040100.938031194,5629,4.0,5.0,2023.0,2024-03-04,Pending,3,3.6
PROP-12729,Residential plot of 2917 sqft in Hyde Park,CHI,Hyde Park,Plot,843108.5537081533,2917,,,,2024-05-27,Pending,4,4.8
PROP-10188,Commercial Space / Office in South Austin,Austin,South Austin,COMMERCIAL,6507553.107293669,13204,,2.0,1981.0,2024-11-06,Pending,2,4.9
PROP-11682,6 BHK Villa for sale in Queens,new york,Queens,villa,6174490.213589982,-4855,,5.0,2008.0,2025/10/25,Pending,2,4.3
PROP-11477,3 BHK Apartment for sale in River North,CHICAGO,River North,Apt,683832.6327233501,2089,3.0,2.0,1942.0,2025-07-29,Sold,3,
PROP-12527,Residential plot of 8278 sqft in Pacific Heights,san francisco,Pacific Heights,land,19602235.03001088,8278,,,,2025-07-05,Sold,8,4.4
PROP-10729,1 BHK Apartment for sale in Queens,NY,Queens,APT,684784.6159830249,541 sqft,1.0,3.0,1927.0,2024-04-07,Sold,1,3.0
PROP-10501,2 BHK Apartment for sale in Lincoln Park,CHICAGO,Lincoln Park,apartment,988792.9575555426,1846,2.0,1.0,1968.0,2024-09-30,Sold,6,4.4
PROP-11244,4 BHK Villa for sale in East Austin,Austin,East Austin,villa,1612900.0452896862,4028,4.0,2.0,2002.0,2025-08-06,Pending,4,4.0
PROP-12464,3 BHK Villa for sale in Loop,chicago,Loop,VILLA,"$1,500,600",4346,3.0,5.0,2013.0,2024-01-14,Pending,5,4.2
PROP-12465,1 BHK Apartment for sale in Manhattan,NEW YORK,Manhattan,apartment,3099450.6002280563,1703,1.0,2.0,1981.0,2024-06-26,Sold,6,3.9
PROP-13132,Residential plot of 3454 sqft in Lincoln Park,chicago,Lincoln Park,plot,1972916.2810105216,3454,,,,2025-06-28,Sold,7,4.8
PROP-10948,Residential plot of 9132 sqft in Manhattan,N.Y.,Manhattan,land,16755313.908940317,9132,,,,2025-10-17,Pending,7,4.2
PROP-10512,Commercial Space / Office in SOMA,SAN FRANCISCO,SOMA,Office,4395884.4431855,3010,,10.0,1987.0,2024-11-07,Pending,7,4.9
PROP-10672,1 BHK Apartment for sale in Brickell,miami,Brickell,Apt,"$1,351,954",2436,1.0,2.0,1998.0,2025-08-05,Sold,2,4.9
PROP-10819,Residential plot of 5005 sqft in Marina,san francisco,Marina,land,5004088.841200043,5005,,,,2024/08/20,Pending,8,3.8
PROP-12938,5 BHK Villa for sale in Manhattan,New York,Manhattan,villa,4573358.824581842,2545,5.0,4.0,1987.0,2024-11-30,Pending,6,4.8
PROP-12799,4 BHK Apartment for sale in River North,CHI,River North,Apt,366486.63449032005,1122,4.0,3.0,1921.0,2024/12/30,Pending,3,4.5
PROP-10390,3 BHK Villa for sale in South Austin,ATX,South Austin,villa,2223880.246314607,5553,3.0,2.0,2010.0,2024/11/27,Pending,4,4.4
PROP-13413,Commercial Space / Office in Marina,san francisco,Marina,COMMERCIAL,3939618.0935109896,3656,,6.0,1975.0,02/09/2024,Pending,5,3.9
PROP-10329,Commercial Space / Office in Brickell,MIA,Brickell,Commercial,11341515.50791054,18712,,6.0,1991.0,2025/04/05,Active,1,3.7
PROP-11893,4 BHK Apartment for sale in West Lake Hills,AUSTIN,West Lake Hills,apartment,1637938.418871166,2343,4.0,1.0,1926.0,2025-06-11,Active,7,4.2
PROP-10216,4 BHK Apartment for sale in Hyde Park,CHI,Hyde Park,Apartment,162160.0444100491,-551,4.0,1.0,1926.0,2024-07-23,Active,5,4.4
PROP-11110,3 BHK Apartment for sale in Loop,Chicago,Loop,apartment,415935.53565137065,1375 SQFT,3.0,3.0,1935.0,2024/10/04,Pending,5,3.3
PROP-10421,3 BHK Apartment for sale in SOMA,SF,SOMA,APT,"$3,558,955",2320,3.0,1.0,1943.0,2025-05-15,Sold,8,3.1
PROP-10505,Residential plot of 5809 sqft in Mission District,SAN FRANCISCO,Mission District,land,7558643.676846728,5809,,,,2024-01-03,Sold,7,3.4
PROP-10243,6 BHK Villa for sale in South Austin,Austin,South Austin,Villa,1769527.942455766,4060,6.0,4.0,2022.0,2025-08-23,Active,2,4.8
PROP-10575,5 BHK Villa for sale in South Austin,austin,South Austin,Villa,1175248.3570256445,2619,5.0,4.0,2008.0,2024/12/25,Pending,8,3.5
PROP-10506,Commercial Space / Office in Bronx,N.Y.,Bronx,Commercial,12006201.314887362,12657,,2.0,1999.0,2024-11-01,Active,6,4.8
PROP-11438,4 BHK Apartment for sale in Marina,SAN FRANCISCO,Marina,apartment,"$2,120,684",2042,4.0,1.0,1985.0,2024-05-01,Sold,8,3.8
PROP-10693,Residential plot of 8163 sqft in Manhattan,N.Y.,Manhattan,Plot,16878254.790432353,8163,,,,31/05/2025,Pending,10,4.6
PROP-11566,4 BHK Villa for sale in SOMA,san francisco,SOMA,Villa,3886091.069748322,2972,4.0,3.0,1996.0,2024-01-24,Sold,3,4.7
PROP-12203,6 BHK Villa for sale in Queens,NY,Queens,villa,2488272.309018249,2016,,5.0,1990.0,2024-10-03,Sold,8,3.9
PROP-10078,Residential plot of 6940 sqft in South Beach,MIA,South Beach,Plot,3925235.4947238,0,,,,2024-08-07,Pending,6,3.5
PROP-13162,6 BHK Villa for sale in Pacific Heights,SAN FRANCISCO,Pacific Heights,Villa,7223478.016880099,3842,6.0,3.0,1986.0,2025-08-07,Sold,1,4.6
PROP-13359,Commercial Space / Office in West Lake Hills,AUSTIN,West Lake Hills,Commercial,14537184.693384662,24387,,9.0,1995.0,2025/01/09,Sold,9,5.0
PROP-12855,Residential plot of 9828 sqft in West Lake Hills,AUSTIN,West Lake Hills,Land,5922235.0277078245,9828,,,,11/06/2025,Pending,4,4.2
PROP-12976,Commercial Space / Office in Manhattan,New York,Manhattan,Office,30623083.037996843,18234 SQFT,,5.0,,2024-01-08,Active,10,4.7
PROP-10962,Commercial Space / Office in Brooklyn,N.Y.,Brooklyn,COMMERCIAL,8634598.677428875,6418,,8.0,1995.0,2024-06-03,Pending,10,
PROP-12047,Commercial Space / Office in West Lake Hills,ATX,West Lake Hills,Commercial,13717101.466282146,21231,,8.0,1973.0,2025-11-23,Pending,1,4.8
PROP-10347,Residential plot of 8965 sqft in Coral Gables,MIA,Coral Gables,Land,8294475.903724403,8965,,,,26/06/2025,Pending,8,3.6
PROP-11823,Residential plot of 1591 sqft in Pacific Heights,SF,Pacific Heights,Land,3558506.492974116,1591,,,,2024-05-12,Pending,4,3.9
PROP-10333,4 BHK Apartment for sale in Manhattan,new york,Manhattan,APT,2219073.4523879406,1352,4.0,3.0,1936.0,2025-10-17,Pending,9,4.2
PROP-10781,3 BHK Apartment for sale in Queens,New York,Queens,APT,1065902.5885776207,790,3.0,2.0,2022.0,2024/05/03,Sold,1,4.8
PROP-12112,3 BHK Apartment for sale in Brickell,miami,Brickell,apartment,1214887.7936482406,2242,3.0,3.0,1976.0,2025-09-04,Sold,5,3.8
PROP-11321,4 BHK Apartment for sale in Little Havana,miami,Little Havana,apartment,"$575,159",1351,4.0,2.0,1978.0,2025/01/21,Pending,7,4.9
PROP-11077,2 BHK Apartment for sale in South Austin,Austin,South Austin,apartment,1081712.885212634,2364,2.0,3.0,,21/09/2024,Active,4,3.1
PROP-10920,3 BHK Villa for sale in South Austin,Austin,South Austin,villa,1289081.8229035991,2782 sqft,3.0,2.0,2010.0,2024-06-17,Sold,6,4.2
PROP-10537,5 BHK Villa for sale in East Austin,ATX,East Austin,villa,1894330.665562936,5000,5.0,3.0,2024.0,2024-12-05,Sold,9,4.8
PROP-12862,Commercial Space / Office in Coral Gables,MIAMI,Coral Gables,COMMERCIAL,12861450.330118854,16245,,9.0,1965.0,2025-09-05,Sold,5,3.8
PROP-13402,Residential plot of 4571 sqft in West Lake Hills,AUSTIN,West Lake Hills,Land,3353610.1539187455,4571,,,,2024-06-15,Active,4,4.9
PROP-10746,Commercial Space / Office in River North,CHI,River North,Office,5218049.648412822,15545,,8.0,1989.0,2024-11-29,Active,9,4.2
PROP-12417,2 BHK Apartment for sale in Hyde Park,Chicago,Hyde Park,Apartment,398537.6301563533,1257,2.0,1.0,2001.0,2024/01/26,Active,5,4.5
PROP-12447,Residential plot of 3778 sqft in Hyde Park,CHI,Hyde Park,land,1004173 USD,3778,,,,2024-02-18,Pending,1,4.5
PROP-13393,Residential plot of 6875 sqft in Hyde Park,CHICAGO,Hyde Park,Plot,1782213.0283146414,6875,,,,2024-06-23,Active,5,3.5
PROP-11810,4 BHK Villa for sale in Mission District,san francisco,Mission District,villa,6072590.130168131,3967,4.0,4.0,2013.0,2024-10-10,Sold,2,3.2
PROP-10006,Commercial Space / Office in Downtown,AUSTIN,Downtown,commercial,7615881.189468588,15867,,2.0,2021.0,2024/09/26,Active,10,4.9
PROP-12917,5 BHK Villa for sale in East Austin,AUSTIN,East Austin,Villa,1845293.4535406455,5832,5.0,3.0,1981.0,2025-01-03,Active,5,3.9
PROP-12316,4 BHK Villa for sale in Pacific Heights,SAN FRANCISCO,Pacific Heights,VILLA,12567364.687545547,5616,4.0,5.0,2015.0,2025-05-14,Active,9,4.5
PROP-10259,Residential plot of 9767 sqft in Brooklyn,NEW YORK,Brooklyn,land,9991583.95891012,9767,,,,2025/05/18,Pending,5,3.0
PROP-12826,2 BHK Apartment for sale in Queens,N.Y.,Queens,Apt,2541305.9029448526,2215,2.0,1.0,1928.0,2025-09-16,Sold,2,3.2
PROP-13328,2 BHK Apartment for sale in Manhattan,NEW YORK,Manhattan,apartment,1239547.4390515788,769 SQFT,2.0,1.0,1995.0,2024-03-18,Active,10,4.7
PROP-11755,3 BHK Apartment for sale in Brickell,MIA,Brickell,Apartment,1263753.5089913667,1974,3.0,1.0,1971.0,2025-02-21,Active,4,3.3
PROP-13088,Commercial Space / Office in Little Havana,Miami,Little Havana,Commercial,1332448.3879928286,3106,,7.0,1979.0,2024-04-28,Sold,9,4.6
PROP-11822,Commercial Space / Office in River North,CHICAGO,River North,COMMERCIAL,4385345.694725956,11970,,10.0,1988.0,2025-01-31,Pending,10,5.0
PROP-10599,Residential plot of 1949 sqft in East Austin,austin,East Austin,land,646526.9234803406,1949,,,,2024-04-04,Active,7,4.5
PROP-10045,Residential plot of 8905 sqft in Marina,SAN FRANCISCO,Marina,land,11410530.360319907,8905,,,,2024-09-06,Active,7,3.4
PROP-10651,Residential plot of 8648 sqft in Brooklyn,NEW YORK,Brooklyn,plot,10523233.343673127,8648,,,,2024-01-23,Sold,8,4.2
PROP-10358,3 BHK Apartment for sale in Brooklyn,new york,Brooklyn,apartment,2109732.6961218314,1613,,2.0,2007.0,2024-10-04,Sold,6,3.2
PROP-10266,Commercial Space / Office in Mission District,San Francisco,Mission District,commercial,16543337.007258559,13169,,3.0,1975.0,2024-04-03,Pending,1,3.1
PROP-10262,Residential plot of 3048 sqft in Brooklyn,New York,Brooklyn,Land,3893730.2034695875,3048,,,,2024-01-09,Active,1,4.0
PROP-13107,Residential plot of 2034 sqft in Little Havana,MIAMI,Little Havana,land,940647.2348310314,2034,,,,2024-07-17,Active,1,3.4
PROP-11303,6 BHK Villa for sale in Manhattan,NY,Manhattan,villa,5504098.896433202,3001,6.0,4.0,2001.0,2025-02-28,Sold,3,4.9
PROP-12117,Residential plot of 4264 sqft in Manhattan,NY,Manhattan,Land,7700786.8776555285,0,,,,2025-10-11,Sold,9,
PROP-13250,Residential plot of 9729 sqft in Brickell,miami,Brickell,Land,5842177.118727628,9729,,,,2025-05-11,Sold,2,4.1
PROP-12275,Residential plot of 9968 sqft in South Austin,Austin,South Austin,Land,4474426.019779325,9968,,,,14/09/2025,Sold,10,4.3
PROP-12882,4 BHK Villa for sale in Bronx,N.Y.,Bronx,villa,4938514.982571034,5818,4.0,4.0,1988.0,2025-09-10,Pending,9,4.9
PROP-10426,5 BHK Villa for sale in Mission District,SAN FRANCISCO,Mission District,Villa,3018347.2883588104,2279 SQFT,5.0,5.0,1986.0,26/02/2025,Pending,7,4.9
PROP-11330,Residential plot of 5934 sqft in Bronx,N.Y.,Bronx,land,5062388.493065758,5934,,,,10/04/2025,Pending,9,4.0
PROP-10805,4 BHK Apartment for sale in Downtown,AUSTIN,Downtown,Apt,883331.4571058357,2165,4.0,1.0,1928.0,2024/09/17,Pending,10,4.3
PROP-10410,Residential plot of 9444 sqft in East Austin,Austin,East Austin,plot,3506210.2683373345,9444,,,,2024-04-16,Pending,8,4.9
PROP-11065,Residential plot of 5786 sqft in Lincoln Park,CHICAGO,Lincoln Park,Land,3261217.1265575048,5786,,,,2024-11-10,Active,5,4.2
PROP-10665,Commercial Space / Office in East Austin,Austin,East Austin,commercial,516183.92055888317,1613,,8.0,2002.0,2024-09-30,Sold,6,3.2
PROP-10438,Commercial Space / Office in Brooklyn,New York,Brooklyn,Commercial,11494324.95655385,10878,,8.0,1964.0,2024-02-27,Pending,7,3.8
PROP-13439,4 BHK Villa for sale in Coral Gables,Miami,Coral Gables,villa,3163332.787961126,3729,4.0,5.0,,2024-11-09,Pending,1,4.2
PROP-10032,1 BHK Apartment for sale in Mission District,san francisco,Mission District,APT,2705445.0867326194,2241,1.0,3.0,2020.0,2025-06-29,Pending,2,4.0
PROP-10434,4 BHK Villa for sale in Brickell,Miami,Brickell,VILLA,"$1,548,415",2332,4.0,4.0,2016.0,2025-06-19,Pending,4,4.7
PROP-11875,Commercial Space / Office in South Austin,austin,South Austin,commercial,3939503 USD,8802,,2.0,1980.0,2025-01-12,Active,8,4.4
PROP-11266,3 BHK Villa for sale in Marina,san francisco,Marina,villa,6245173.377955008,4879,3.0,4.0,1994.0,2024-05-21,Active,9,4.1
PROP-11429,5 BHK Villa for sale in Marina,SF,Marina,villa,"$5,027,183",5008,5.0,4.0,1995.0,09/11/2025,Pending,6,4.0
PROP-11043,Commercial Space / Office in Manhattan,NEW YORK,Manhattan,Commercial,31080083.884482577,19251,,6.0,1980.0,06/01/2025,Sold,7,4.5
PROP-13450,Commercial Space / Office in Little Havana,Miami,Little Havana,Commercial,5314350 USD,11927,,9.0,2018.0,2025/08/21,Active,7,
PROP-12721,3 BHK Apartment for sale in Hyde Park,Chicago,Hyde Park,apartment,511656.4473927709,1710 sqft,3.0,3.0,1950.0,2024-11-30,Sold,4,3.5
PROP-11100,Commercial Space / Office in South Beach,MIAMI,South Beach,commercial,11778664.860069007,18728,,6.0,1982.0,2024-07-01,Active,5,4.4
PROP-13432,1 BHK Apartment for sale in SOMA,san francisco,SOMA,apartment,650929.8041077636,522,1.0,3.0,1997.0,2025-11-03,Pending,3,4.7
PROP-11049,5 BHK Villa for sale in Lincoln Park,chicago,Lincoln Park,Villa,2306888.1169222672,4153,5.0,5.0,2024.0,2024-08-15,Active,3,3.5
PROP-10626,4 BHK Villa for sale in West Lake Hills,ATX,West Lake Hills,VILLA,,3164,4.0,2.0,2019.0,2024-05-12,Active,1,4.6
PROP-11734,3 BHK Villa for sale in Marina,SAN FRANCISCO,Marina,villa,5605707.687860859,5503,3.0,4.0,1981.0,2025-11-23,Sold,6,
PROP-11223,Residential plot of 5389 sqft in South Austin,AUSTIN,South Austin,land,2188157.3499395936,5389,,,,2025-02-04,Active,6,
PROP-10210,1 BHK Apartment for sale in River North,CHICAGO,River North,Apt,690451.7792470196,2026,1.0,1.0,1971.0,2025-07-24,Active,10,4.6
PROP-12297,Residential plot of 9884 sqft in Brickell,MIAMI,Brickell,Plot,5446355.331169436,9884,,,,04/06/2025,Active,2,4.7
PROP-10876,Residential plot of 9615 sqft in Marina,SF,Marina,Plot,9750393.811724685,9615,,,,2024-03-07,Active,2,4.7
PROP-11839,3 BHK Villa for sale in Brooklyn,NY,Brooklyn,Villa,2491059.060935152,0,3.0,3.0,2020.0,2024-08-08,Pending,1,
PROP-10051,Commercial Space / Office in SOMA,San Francisco,SOMA,commercial,23947401.051182676,17307,,4.0,1974.0,2024-09-17,Sold,3,4.8
PROP-11109,2 BHK Apartment for sale in West Lake Hills,AUSTIN,West Lake Hills,APT,1467108.2165394975,2071,,2.0,1989.0,2024-10-28,Sold,1,4.0
PROP-11284,3 BHK Villa for sale in Hyde Park,Chicago,Hyde Park,villa,1218531.8107113957,4013,3.0,5.0,2010.0,2025-01-10,Pending,8,3.8
PROP-11509,3 BHK Apartment for sale in Loop,Chicago,Loop,apartment,,827,3.0,1.0,2022.0,2025-02-18,Pending,9,4.2
PROP-12969,Residential plot of 6900 sqft in Coral Gables,Miami,Coral Gables,plot,7013168.869986102,6900,,,,2025-06-30,Pending,2,4.6
PROP-11604,4 BHK Villa for sale in Bronx,new york,Bronx,Villa,2181568.435113721,2065,4.0,4.0,2013.0,2024-12-20,Active,4,4.5
PROP-10986,Commercial Space / Office in Manhattan,NY,Manhattan,Office,35432250.662906915,17552,,6.0,1992.0,2025-03-11,Active,7,3.5
PROP-11125,2 BHK Apartment for sale in Little Havana,Miami,Little Havana,apartment,870760.0026924778,1987,2.0,3.0,1923.0,2025-05-29,Pending,9,4.1
PROP-10242,4 BHK Apartment for sale in River North,CHICAGO,River North,apartment,577128.1407557777,1811,4.0,2.0,1921.0,2025/11/03,Sold,5,3.4
PROP-12445,Residential plot of 2861 sqft in Loop,CHICAGO,Loop,plot,985011.3780889628,2861 sqft,,,,2025-09-20,Sold,7,4.2
PROP-12127,1 BHK Apartment for sale in West Lake Hills,austin,West Lake Hills,Apartment,1093926.1690418655,1465,1.0,2.0,1952.0,2024-01-11,Sold,5,3.7
PROP-12986,1 BHK Apartment for sale in Brickell,Miami,Brickell,APT,349074.6354511912,515 SQFT,1.0,1.0,1982.0,2025-03-06,Pending,10,
PROP-11227,Residential plot of 1671 sqft in South Beach,Miami,South Beach,Land,1062005.3456805726,1671,,,,27/10/2025,Sold,9,5.0
PROP-11971,Residential plot of 4227 sqft in Downtown,ATX,Downtown,Land,1837963.449067869,4227,,,,2025-03-24,Sold,9,4.9
PROP-12350,4 BHK Villa for sale in Little Havana,MIA,Little Havana,Villa,Contact Agent,2179,,3.0,1980.0,2024-08-03,Active,9,
PROP-10130,4 BHK Apartment for sale in Little Havana,MIAMI,Little Havana,APT,966234.253436127,2104,4.0,2.0,1949.0,2025-01-19,Sold,10,4.1
PROP-13050,5 BHK Villa for sale in Brooklyn,new york,Brooklyn,VILLA,5971715 USD,4879,5.0,5.0,1987.0,2025-07-01,Sold,7,4.1
PROP-11910,5 BHK Villa for sale in Manhattan,new york,Manhattan,VILLA,3979793.8410688946,2093,5.0,2.0,1981.0,2025-09-04,Pending,5,3.6
PROP-10028,4 BHK Apartment for sale in Little Havana,MIA,Little Havana,APT,572878.5467857844,1111 sqft,4.0,2.0,1988.0,2025-07-13,Active,8,3.4
PROP-12245,2 BHK Apartment for sale in Mission District,SAN FRANCISCO,Mission District,Apt,2974618.407790174,2453 sqft,2.0,2.0,1945.0,2025-04-09,Pending,4,4.2
PROP-11934,2 BHK Apartment for sale in Little Havana,MIA,Little Havana,apartment,517745.0680848793,996,2.0,2.0,1979.0,2024-10-19,Active,1,3.9
PROP-10705,4 BHK Villa for sale in Hyde Park,Chicago,Hyde Park,Villa,1146955.9516909944,3853,4.0,4.0,2001.0,2025-04-18,Sold,9,4.9
PROP-13189,Commercial Space / Office in Queens,NY,Queens,Commercial,7144909.167474885,6883,,8.0,1981.0,2025-07-02,Sold,8,3.7
PROP-12114,2 BHK Apartment for sale in Hyde Park,Chicago,Hyde Park,Apt,640044.8499959221,2152,2.0,2.0,2003.0,2025-11-27,Active,1,4.4
PROP-12029,Commercial Space / Office in South Austin,AUSTIN,South Austin,commercial,6185639.1729001375,15431,,9.0,2002.0,2024-07-13,Active,10,4.6
PROP-12588,1 BHK Apartment for sale in SOMA,san francisco,SOMA,Apartment,2315363.286721201,1487,1.0,3.0,1973.0,2024-03-12,Sold,7,4.0
PROP-13341,Commercial Space / Office in Pacific Heights,san francisco,Pacific Heights,Commercial,22982376.832659733,9974,,7.0,1983.0,2024-03-27,Active,5,3.5
PROP-10527,Residential plot of 5441 sqft in Pacific Heights,SAN FRANCISCO,Pacific Heights,Plot,12852880.610519772,5441,,,,2025-11-08,Pending,2,4.6
PROP-12590,3 BHK Apartment for sale in East Austin,Austin,East Austin,Apartment,815222.1115176006,2327,3.0,2.0,,2025-10-31,Active,3,3.8
PROP-10565,1 BHK Apartment for sale in Queens,N.Y.,Queens,Apartment,,958,1.0,1.0,1937.0,26/11/2024,Sold,7,3.5
PROP-11683,3 BHK Apartment for sale in Bronx,New York,Bronx,Apt,1419056.0902884372,1637,3.0,1.0,2012.0,2025-01-16,Pending,5,4.1
PROP-12315,Commercial Space / Office in Mission District,san francisco,Mission District,Office,7841371.889700675,5477,,3.0,1989.0,2024-03-17,Pending,1,4.9
PROP-10640,6 BHK Villa for sale in SOMA,SAN FRANCISCO,SOMA,villa,6719792.374956847,5417,6.0,4.0,2023.0,2025-03-21,Active,3,4.7
PROP-12973,Residential plot of 9398 sqft in Lincoln Park,CHI,Lincoln Park,land,5335779.506112011,9398,,,,2025/04/15,Sold,2,4.7
PROP-12784,Residential plot of 3483 sqft in Marina,San Francisco,Marina,Land,3506841.4259120175,3483,,,,2024-04-28,Pending,1,4.4
PROP-10730,5 BHK Villa for sale in SOMA,SF,SOMA,VILLA,5644993.742561066,3588,5.0,2.0,,2025-09-06,Active,10,
PROP-13149,3 BHK Villa for sale in Brickell,miami,Brickell,Villa,1150262.2503046107,1933,,3.0,2018.0,2024-01-09,Pending,9,4.3
PROP-10836,3 BHK Apartment for sale in Pacific Heights,SF,Pacific Heights,Apt,5370339.107168877,2293,3.0,1.0,1925.0,2024-09-02,Pending,5,4.8
PROP-10325,6 BHK Villa for sale in Queens,NEW YORK,Queens,villa,2750073.0119022606,2368,6.0,3.0,2019.0,2025-10-22,Active,9,4.2
PROP-12094,1 BHK Apartment for sale in Pacific Heights,San Francisco,Pacific Heights,Apartment,4976901.970927115,2479,1.0,1.0,2016.0,03/11/2024,Active,10,4.7
PROP-10290,4 BHK Apartment for sale in Loop,CHI,Loop,apartment,415094 USD,1096,4.0,2.0,1958.0,2024-10-19,Pending,5,4.2
PROP-12653,Commercial Space / Office in SOMA,SF,SOMA,commercial,23424715.180596497,19498,,4.0,2000.0,2024-01-24,Sold,7,3.3
PROP-12192,Commercial Space / Office in Little Havana,MIA,Little Havana,Office,10963526.587037597,23838,,2.0,1981.0,2025-06-13,Sold,1,3.9
PROP-12071,Commercial Space / Office in SOMA,SAN FRANCISCO,SOMA,commercial,11212839.459170315,7139,,4.0,1976.0,2024-03-17,Pending,9,4.1
PROP-10189,2 BHK Apartment for sale in East Austin,ATX,East Austin,apartment,503083.6887142322,1404,2.0,2.0,2014.0,12/06/2025,Active,9,4.1
PROP-11133,Commercial Space / Office in Little Havana,MIA,Little Havana,Commercial,5307350.796175942,12243,,5.0,,2024-03-25,Pending,5,3.1
PROP-12018,4 BHK Villa for sale in Downtown,austin,Downtown,VILLA,1886854.6693033697,4669,4.0,5.0,2004.0,2024-05-31,Active,5,3.2
PROP-10475,Commercial Space / Office in Brooklyn,NEW YORK,Brooklyn,commercial,11461590.832630975,9332,,5.0,1998.0,09/11/2025,Active,2,4.5
PROP-12731,3 BHK Apartment for sale in South Beach,MIAMI,South Beach,APT,398661.0788493882,765,3.0,3.0,2016.0,2024-12-27,Pending,3,3.4
PROP-11730,Residential plot of 7899 sqft in West Lake Hills,AUSTIN,West Lake Hills,land,5969382.26923508,7899,,,,2024-10-07,Sold,8,4.9
PROP-11800,Residential plot of 7499 sqft in Lincoln Park,Chicago,Lincoln Park,land,3904867.1356480955,7499,,,,2025/01/23,Sold,1,4.1
PROP-10864,Commercial Space / Office in South Austin,Austin,South Austin,COMMERCIAL,9078677.928402312,18729,,4.0,2002.0,2024/01/07,Pending,4,4.6
PROP-12722,4 BHK Villa for sale in Pacific Heights,SF,Pacific Heights,VILLA,8688772.501276525,4214,4.0,2.0,2024.0,2024-03-20,Sold,2,4.8
PROP-10846,Commercial Space / Office in Queens,NEW YORK,Queens,Commercial,12100279.144284494,11327,,9.0,1965.0,2024-04-08,Sold,2,4.2
PROP-11613,Commercial Space / Office in Brooklyn,NY,Brooklyn,Commercial,12472877.41032662,9636,,3.0,1998.0,2025-11-16,Active,7,3.2
PROP-10767,Residential plot of 6424 sqft in Pacific Heights,SF,Pacific Heights,Land,14293063.476277813,6424,,,,2024/05/10,Sold,10,4.2
PROP-12766,Commercial Space / Office in Downtown,austin,Downtown,COMMERCIAL,4405836.761634692,9894,,2.0,2013.0,2025-03-29,Pending,3,4.4
PROP-10854,4 BHK Villa for sale in Mission District,san francisco,Mission District,VILLA,3187381.3466451997,2129,4.0,3.0,1982.0,2025-12-01,Active,5,
PROP-10371,Commercial Space / Office in Pacific Heights,SF,Pacific Heights,Commercial,41909478.9352914,19640,,9.0,2002.0,2025-07-06,Pending,9,4.5
PROP-12118,Residential plot of 4618 sqft in River North,CHICAGO,River North,land,1785221.1254139896,4618,,,,2024/05/31,Pending,6,3.1
PROP-13015,Residential plot of 5923 sqft in Little Havana,miami,Little Havana,Land,2748230.2801715806,5923 SQFT,,,,2024-09-05,Sold,9,4.8
PROP-12933,Commercial Space / Office in Lincoln Park,chicago,Lincoln Park,commercial,2347735.613907581,4728,,6.0,1976.0,2025-05-01,Sold,1,3.5
PROP-11865,2 BHK Apartment for sale in East Austin,Austin,East Austin,APT,324221.76241811534,884,2.0,1.0,2010.0,02/05/2025,Pending,4,3.4
PROP-12807,Commercial Space / Office in Bronx,NEW YORK,Bronx,Commercial,11286159.003940228,-13000,,5.0,2012.0,2025-07-30,Pending,2,3.4
PROP-10316,4 BHK Apartment for sale in Coral Gables,MIA,Coral Gables,Apartment,946097 USD,1002,4.0,3.0,2014.0,2025-11-15,Sold,9,4.3
PROP-11165,2 BHK Apartment for sale in East Austin,ATX,East Austin,APT,"$646,647",1841,2.0,1.0,,12/08/2024,Pending,7,4.7
PROP-11004,6 BHK Villa for sale in Loop,chicago,Loop,Villa,744134.8213982763,2068,6.0,2.0,2007.0,2025-11-27,Pending,5,4.8
PROP-11992,Commercial Space / Office in South Beach,MIAMI,South Beach,Commercial,4044107.006995347,6889,,8.0,1986.0,13/12/2024,Active,10,4.8
PROP-10395,3 BHK Apartment for sale in Mission District,SAN FRANCISCO,Mission District,apartment,"$3,428,329",2278,3.0,1.0,1941.0,2024-10-06,Sold,10,5.0
PROP-11785,Residential plot of 1218 sqft in South Beach,MIA,South Beach,Plot,676685.5593395982,1218,,,,20/02/2025,Sold,4,
PROP-13241,Residential plot of 3537 sqft in Hyde Park,Chicago,Hyde Park,plot,"$1,051,253",3537,,,,06/08/2024,Sold,5,4.0
PROP-12454,Residential plot of 5350 sqft in West Lake Hills,ATX,West Lake Hills,Plot,3137697.3725360543,5350,,,,2024-08-27,Active,8,3.8
PROP-12122,4 BHK Apartment for sale in River North,Chicago,River North,apartment,539989.2224737769,1354,4.0,1.0,1962.0,2024-12-01,Pending,4,5.0
PROP-12141,3 BHK Villa for sale in West Lake Hills,Austin,West Lake Hills,Villa,2161307.8708976414,2807,3.0,5.0,1999.0,2024-02-11,Sold,8,3.3
PROP-10122,5 BHK Villa for sale in Brickell,MIA,Brickell,VILLA,2687256.8396934676,4434,5.0,5.0,2009.0,2025-01-02,Pending,9,4.5
PROP-10479,1 BHK Apartment for sale in Loop,Chicago,Loop,APT,775567.8085968215,2039,1.0,3.0,1994.0,2024-02-12,Sold,1,3.8
PROP-13284,Commercial Space / Office in Brickell,MIA,Brickell,commercial,12154428.829933599,21239,,4.0,1960.0,23/03/2024,Pending,8,3.0
PROP-11425,Residential plot of 3968 sqft in Bronx,N.Y.,Bronx,plot,"$3,423,077",3968,,,,2024-07-12,Active,2,
PROP-11926,4 BHK Apartment for sale in River North,CHICAGO,River North,apartment,465624.58034656494,1524,4.0,2.0,2004.0,2024-08-06,Active,9,4.2
PROP-11949,Residential plot of 5301 sqft in Bronx,N.Y.,Bronx,land,4838771.38898165,5301,,,,2024-11-09,Sold,6,4.4
PROP-10163,Commercial Space / Office in East Austin,Austin,East Austin,Commercial,4801871.083381951,13088,,5.0,1978.0,2024-11-07,Active,8,3.7
PROP-10940,1 BHK Apartment for sale in Little Havana,Miami,Little Havana,apartment,674571.8352814957,1314,1.0,3.0,1939.0,2024-04-28,Active,8,3.8
PROP-12818,4 BHK Apartment for sale in Mission District,san francisco,Mission District,Apt,2176840.8747470304,1420 sqft,4.0,3.0,2020.0,2024-10-13,Active,3,
PROP-10728,Commercial Space / Office in River North,CHI,River North,commercial,4044319.8866812014,12249,,4.0,1966.0,2024-06-30,Pending,8,3.2
PROP-10439,Commercial Space / Office in South Beach,MIA,South Beach,Office,Contact Agent,15028,,3.0,1981.0,2025-11-22,Pending,10,4.2
PROP-10847,5 BHK Villa for sale in Manhattan,NEW YORK,Manhattan,villa,8244325.881613924,5286,5.0,2.0,1986.0,2024-11-03,Active,7,4.6
PROP-11615,3 BHK Apartment for sale in South Beach,Miami,South Beach,APT,330445.6641829208,519,3.0,1.0,2009.0,2024-06-09,Active,10,4.7
PROP-13017,3 BHK Villa for sale in Bronx,NEW YORK,Bronx,Villa,6170823.112251219,5802,3.0,2.0,2014.0,2025-04-07,Pending,2,
PROP-12962,Commercial Space / Office in SOMA,San Francisco,SOMA,commercial,8858447.914529331,5822,,5.0,1962.0,2024-09-05,Sold,5,3.4
PROP-12220,3 BHK Apartment for sale in Brooklyn,NEW YORK,Brooklyn,Apartment,"$2,211,798",2124,3.0,1.0,1967.0,2025-04-23,Pending,10,4.4
PROP-11173,3 BHK Apartment for sale in SOMA,San Francisco,SOMA,Apt,960025.3679030818,604,3.0,3.0,2015.0,2025-03-10,Active,10,4.7
PROP-10331,2 BHK Apartment for sale in South Beach,Miami,South Beach,Apt,938844.7461706522,1718,2.0,1.0,2022.0,11/12/2024,Sold,9,5.0
PROP-12601,Commercial Space / Office in Downtown,Austin,Downtown,Commercial,9469931.627264319,22206,,8.0,,2025-10-08,Sold,10,4.3
PROP-11744,Residential plot of 1033 sqft in Little Havana,Miami,Little Havana,Plot,494001.61130161583,1033,,,,2025-08-13,Pending,2,3.2
PROP-11850,Residential plot of 6826 sqft in East Austin,austin,East Austin,Land,2547658.4243846927,6826,,,,10/12/2024,Pending,7,4.6
PROP-10845,3 BHK Villa for sale in Bronx,new york,Bronx,Villa,6249215.871573411,5760,,3.0,2022.0,2025-05-21,Pending,7,3.6
PROP-12604,4 BHK Apartment for sale in Manhattan,N.Y.,Manhattan,apartment,4565401.84806952,2209,4.0,3.0,1934.0,2025-08-24,Sold,5,4.0
PROP-10916,2 BHK Apartment for sale in Loop,Chicago,Loop,apartment,414875.3287791984,1072,2.0,3.0,1963.0,2024-10-01,Sold,7,3.9
PROP-10279,4 BHK Villa for sale in Marina,SF,Marina,VILLA,4630003.281463119,3817,4.0,2.0,1997.0,2024-11-27,Sold,2,3.2
PROP-13179,4 BHK Apartment for sale in Marina,SAN FRANCISCO,Marina,apartment,1900828.119315371,1497,4.0,3.0,1988.0,2024-09-21,Pending,2,4.4
PROP-12682,2 BHK Apartment for sale in South Austin,austin,South Austin,Apartment,326301.150864394,635,2.0,2.0,2023.0,2024-10-15,Sold,6,4.9
PROP-12399,6 BHK Villa for sale in River North,CHI,River North,Villa,1476649.9740514539,4135,6.0,5.0,1982.0,2025-09-28,Active,9,4.6
PROP-11179,4 BHK Apartment for sale in Mission District,SF,Mission District,Apt,2678706.2316529914,1733,4.0,3.0,1965.0,2024-09-22,Pending,1,3.8
PROP-10612,Residential plot of 4949 sqft in South Austin,ATX,South Austin,Plot,2190308.6766029038,4949,,,,2025-02-23,Pending,9,4.9
PROP-10523,1 BHK Apartment for sale in Brickell,Miami,Brickell,Apt,832582.4236143238,1286,1.0,1.0,1921.0,2025/10/21,Active,4,
PROP-10526,Residential plot of 6906 sqft in East Austin,Austin,East Austin,Plot,2801892.0825490896,6906,,,,27/03/2024,Sold,3,3.4
PROP-12585,3 BHK Apartment for sale in Queens,NEW YORK,Queens,apartment,"$1,401,346",1137,3.0,1.0,1943.0,2024-06-07,Pending,7,3.9
PROP-11731,Commercial Space / Office in Brooklyn,New York,Brooklyn,commercial,5104608.940757247,4461,,9.0,,2024-06-21,Pending,7,3.1
PROP-11101,4 BHK Villa for sale in Pacific Heights,San Francisco,Pacific Heights,villa,11514019.175315123,5471,4.0,4.0,,02/08/2025,Active,6,3.7
PROP-12819,4 BHK Apartment for sale in West Lake Hills,austin,West Lake Hills,Apt,1006275.3444725059,1354,4.0,2.0,2016.0,2024-06-27,Active,3,4.9
PROP-13289,Commercial Space / Office in Loop,CHICAGO,Loop,commercial,3882343.5423716432,12425,,7.0,1978.0,2024-11-08,Sold,7,3.4
PROP-11441,Residential plot of 1756 sqft in South Austin,ATX,South Austin,Land,875309.5213601547,1756,,,,2024-05-28,Sold,4,3.2
PROP-10577,5 BHK Villa for sale in South Austin,Austin,South Austin,villa,1090022.1976220026,2684,5.0,5.0,2013.0,2025-11-26,Pending,7,4.2
PROP-10059,3 BHK Apartment for sale in Brooklyn,N.Y.,Brooklyn,Apartment,2751291.8768580006,2111,3.0,1.0,1936.0,2024-07-29,Sold,4,4.2
PROP-13122,Residential plot of 8248 sqft in South Beach,miami,South Beach,Plot,4557196.769764799,8248,,,,2025-05-27,Sold,8,3.7
PROP-10787,Commercial Space / Office in Queens,NEW YORK,Queens,Office,9542740.070123529,8178,,7.0,2007.0,2024-04-18,Sold,8,3.3
PROP-12505,Residential plot of 1276 sqft in South Austin,Austin,South Austin,Land,498609.10806744226,1276,,,,2024-06-17,Sold,4,3.2
PROP-10521,4 BHK Villa for sale in Brickell,MIA,Brickell,villa,2361750.542208272,4001,4.0,5.0,1989.0,2025-03-20,Pending,2,4.0
PROP-11871,3 BHK Villa for sale in River North,Chicago,River North,villa,"$1,708,893",4372,3.0,2.0,1980.0,2024/12/30,Sold,7,4.1
PROP-10587,Residential plot of 7321 sqft in Bronx,NEW YORK,Bronx,land,7444900.447436728,7321,,,,2024-04-19,Pending,3,
PROP-11975,Residential plot of 8612 sqft in Loop,CHICAGO,Loop,Plot,3149751.749059564,8612,,,,2025-01-23,Pending,6,3.8
PROP-11426,6 BHK Villa for sale in Lincoln Park,Chicago,Lincoln Park,villa,1566126.4010546869,3215,,5.0,1988.0,2025-08-10,Active,8,4.9
PROP-11345,3 BHK Villa for sale in Mission District,SF,Mission District,VILLA,Contact Agent,4262,3.0,3.0,2005.0,2024-09-25,Sold,2,5.0
PROP-11183,1 BHK Apartment for sale in Downtown,Austin,Downtown,APT,234576.85529792964,534,1.0,2.0,1983.0,2024-06-08,Sold,9,4.1
PROP-11954,Commercial Space / Office in Marina,san francisco,Marina,commercial,3491358 USD,3615,,7.0,1967.0,2024-05-21,Pending,8,4.5
PROP-10335,2 BHK Apartment for sale in SOMA,San Francisco,SOMA,APT,1440827.2550480547,1083,2.0,2.0,1952.0,2025-04-09,Sold,3,4.8
PROP-11965,Residential plot of 8446 sqft in Lincoln Park,CHI,Lincoln Park,plot,4397847.077259159,8446,,,,2024/03/15,Pending,10,4.8
PROP-12934,1 BHK Apartment for sale in Loop,Chicago,Loop,APT,703941.8150390978,2059,1.0,1.0,,2024-11-01,Active,7,3.4
PROP-11782,5 BHK Villa for sale in Lincoln Park,Chicago,Lincoln Park,Villa,"$2,472,245",4981,5.0,2.0,2007.0,2025-11-20,Active,2,4.1
PROP-10467,5 BHK Villa for sale in Brickell,Miami,Brickell,Villa,1819992.722515527,2816,5.0,3.0,2007.0,2025-09-26,Active,6,4.0
PROP-10184,Commercial Space / Office in South Beach,MIA,South Beach,Office,11143939.941594545,19766,,5.0,1990.0,2025/02/08,Sold,3,4.0
PROP-11628,Residential plot of 4418 sqft in East Austin,ATX,East Austin,land,1742980.1308726217,4418,,,,2025-07-01,Pending,1,3.2
PROP-12233,Commercial Space / Office in Brickell,miami,Brickell,commercial,"$2,164,145",3892,,5.0,1994.0,05/05/2024,Pending,6,3.1
PROP-10420,Residential plot of 7694 sqft in Loop,chicago,Loop,Plot,2378102.2760435515,7694,,,,2025-01-13,Active,9,4.4
PROP-10302,Commercial Space / Office in Downtown,AUSTIN,Downtown,Commercial,7666911.637202368,17287,,5.0,1983.0,2024-11-05,Pending,5,3.2
PROP-10553,3 BHK Villa for sale in Brickell,MIA,Brickell,Villa,"$1,912,949",2834 sqft,3.0,5.0,2020.0,2025-07-20,Pending,4,3.2
PROP-11397,4 BHK Apartment for sale in Hyde Park,Chicago,Hyde Park,Apartment,Contact Agent,816,4.0,3.0,1933.0,2025-09-12,Sold,4,4.0
PROP-11384,3 BHK Villa for sale in South Beach,MIAMI,South Beach,VILLA,1912917.1796533333,2942,3.0,2.0,1986.0,14/11/2025,Pending,8,3.3
PROP-12116,3 BHK Apartment for sale in Coral Gables,Miami,Coral Gables,Apartment,1216786.1682510204,1547,3.0,3.0,,2025-01-26,Pending,1,4.5
PROP-12183,4 BHK Villa for sale in SOMA,SAN FRANCISCO,SOMA,Villa,6037337.597861117,4483,4.0,5.0,2009.0,2025-04-03,Pending,10,4.9
PROP-11740,6 BHK Villa for sale in East Austin,austin,East Austin,villa,913169.4571368002,2762,6.0,3.0,2015.0,2024-06-15,Sold,9,
PROP-13374,Commercial Space / Office in Mission District,SF,Mission District,commercial,4207332.958972157,3217,,9.0,1961.0,2025-03-15,Pending,1,4.9
PROP-10443,2 BHK Apartment for sale in Bronx,new york,Bronx,apartment,1683699.6852708096,1919,2.0,2.0,1999.0,2025-05-07,Pending,7,
PROP-12937,Commercial Space / Office in Little Havana,MIA,Little Havana,commercial,9693762.886531051,22885,,10.0,2020.0,2025/08/06,Active,10,5.0
PROP-11539,Commercial Space / Office in Brooklyn,N.Y.,Brooklyn,Commercial,"$1,869,058",1632,,3.0,1989.0,2025-11-25,Active,2,3.9
PROP-11671,Commercial Space / Office in SOMA,San Francisco,SOMA,COMMERCIAL,14864304.832239045,12048,,2.0,1985.0,2025-09-12,Sold,10,4.7
PROP-11631,3 BHK Villa for sale in East Austin,Austin,East Austin,Villa,1424763.5837330937,3692,3.0,2.0,2023.0,2025-06-08,Active,9,4.7
PROP-13136,Residential plot of 6034 sqft in Hyde Park,Chicago,Hyde Park,Plot,1689233.6300765246,6034,,,,2024-04-16,Sold,9,4.9
PROP-11649,Commercial Space / Office in Hyde Park,chicago,Hyde Park,commercial,4454808.541080244,17899,,2.0,1997.0,2024-04-08,Active,6,4.6
PROP-11584,Residential plot of 1541 sqft in SOMA,SAN FRANCISCO,SOMA,plot,1976711.5590441031,1541,,,,2025-09-05,Sold,4,4.4
PROP-11720,Residential plot of 3585 sqft in Bronx,NY,Bronx,Land,3119730.4588354966,3585,,,,2025-08-09,Sold,10,4.2
PROP-10181,Commercial Space / Office in South Austin,austin,South Austin,COMMERCIAL,9388329.992223568,22646,,6.0,1979.0,2024-02-20,Sold,8,3.3
PROP-10880,5 BHK Villa for sale in Brooklyn,NY,Brooklyn,VILLA,5252256.358449994,4823,5.0,3.0,1998.0,2024-01-24,Pending,7,3.6
PROP-10794,Residential plot of 4660 sqft in Marina,San Francisco,Marina,plot,4968788.6460404685,4660,,,,2025-11-30,Pending,4,4.4
PROP-13365,Residential plot of 8405 sqft in Lincoln Park,Chicago,Lincoln Park,land,4516033.016779738,8405,,,,2025/09/01,Sold,3,4.1
PROP-11536,Residential plot of 6636 sqft in Coral Gables,MIAMI,Coral Gables,Plot,,6636,,,,2025-09-04,Pending,6,
PROP-11561,1 BHK Apartment for sale in Lincoln Park,Chicago,Lincoln Park,APT,609560.6580382413,1292,1.0,2.0,1957.0,2024-02-22,Sold,6,4.6
PROP-11966,5 BHK Villa for sale in Brickell,MIAMI,Brickell,villa,1079803.2151915673,1919,5.0,5.0,1980.0,2025-05-09,Active,7,3.7
PROP-12528,Commercial Space / Office in Downtown,ATX,Downtown,Commercial,3950740.6265488435,8358 sqft,,4.0,2022.0,2024-09-12,Sold,3,3.2
PROP-12069,Residential plot of 6817 sqft in Marina,SF,Marina,Plot,8047458.497173189,6817,,,,2025/03/09,Pending,9,4.1
PROP-13318,6 BHK Villa for sale in Coral Gables,Miami,Coral Gables,villa,,3008,6.0,4.0,2023.0,2024-06-05,Sold,4,4.4
PROP-13436,1 BHK Apartment for sale in South Beach,Miami,South Beach,Apartment,1296115.6953796116,2392,1.0,1.0,1952.0,14/03/2024,Pending,10,4.0
PROP-13165,4 BHK Apartment for sale in West Lake Hills,ATX,West Lake Hills,Apt,1400864.031056575,1829,4.0,3.0,,20/02/2025,Pending,5,4.7
PROP-10409,3 BHK Villa for sale in Hyde Park,chicago,Hyde Park,VILLA,585561.8327875683,2185,3.0,4.0,1996.0,2024-06-11,Sold,1,4.6
PROP-10530,Residential plot of 4330 sqft in Mission District,san francisco,Mission District,Plot,6960216 USD,4330,,,,2024-01-18,Pending,3,4.8
PROP-11131,Residential plot of 5035 sqft in Loop,CHICAGO,Loop,land,1543351.1745649462,5035,,,,08/12/2024,Pending,4,4.2
PROP-11409,Residential plot of 6868 sqft in SOMA,SAN FRANCISCO,SOMA,plot,9592113.735249337,6868,,,,2024-04-01,Active,7,4.1
PROP-10710,Residential plot of 7567 sqft in Marina,san francisco,Marina,Plot,7957629.7349272445,7567,,,,2025/06/18,Pending,8,3.6
PROP-11608,Commercial Space / Office in Hyde Park,CHICAGO,Hyde Park,Office,1678251.5038055647,6000,,10.0,1999.0,2024-07-18,Sold,10,4.2
PROP-13251,4 BHK Villa for sale in Coral Gables,Miami,Coral Gables,Villa,"$2,617,205",3017,4.0,4.0,2016.0,2024-12-24,Sold,4,4.5
PROP-10558,6 BHK Villa for sale in SOMA,San Francisco,SOMA,villa,5400361.7670695,4041,6.0,3.0,1985.0,2025-07-18,Pending,10,4.9
PROP-10320,1 BHK Apartment for sale in SOMA,SAN FRANCISCO,SOMA,APT,2834862.1942275525,2047,1.0,1.0,1941.0,2025-05-02,Sold,10,4.7
PROP-12353,3 BHK Villa for sale in Brickell,miami,Brickell,Villa,3640568.4496910227,5571,3.0,2.0,2018.0,2025-08-17,Pending,8,4.0
PROP-11371,Residential plot of 8512 sqft in Queens,N.Y.,Queens,Land,9545730.515298383,8512,,,,2025/08/21,Pending,3,4.7
PROP-11248,Residential plot of 9648 sqft in Brickell,Miami,Brickell,plot,"$6,216,075",-9648,,,,2025-09-05,Active,7,3.0
PROP-10606,3 BHK Apartment for sale in East Austin,Austin,East Austin,APT,588941.7465263985,1664,3.0,2.0,1942.0,2024-01-18,Pending,1,4.9
PROP-10907,1 BHK Apartment for sale in SOMA,San Francisco,SOMA,apartment,2558722.240975468,1808,1.0,2.0,1995.0,2024-07-05,Active,7,4.0
PROP-12972,3 BHK Villa for sale in Pacific Heights,SF,Pacific Heights,VILLA,,1920,3.0,4.0,,2024-05-23,Pending,7,3.5
PROP-11433,1 BHK Apartment for sale in Downtown,austin,Downtown,APT,615962.3397993648,1203,1.0,3.0,1943.0,2024-04-06,Pending,6,4.8
PROP-11753,Residential plot of 7082 sqft in Marina,SAN FRANCISCO,Marina,plot,9008460.632987577,7082,,,,2024-08-16,Sold,1,5.0
PROP-10003,2 BHK Apartment for sale in South Austin,AUSTIN,South Austin,apartment,690926.2900271908,1593,,1.0,1979.0,2025-10-17,Active,6,4.7
PROP-10340,Commercial Space / Office in Loop,Chicago,Loop,Commercial,"$5,199,610",14949,,10.0,1985.0,2024-04-10,Active,2,4.1
PROP-11771,Residential plot of 8250 sqft in Brooklyn,NY,Brooklyn,land,8683995.55468889,8250,,,,2025/06/25,Sold,9,
PROP-10906,3 BHK Apartment for sale in Marina,SAN FRANCISCO,Marina,Apartment,Contact Agent,1383,3.0,2.0,1926.0,2024-07-28,Active,7,3.9
PROP-13264,1 BHK Apartment for sale in Brickell,miami,Brickell,Apartment,1455658.5530286608,2356,1.0,3.0,1991.0,2025-06-14,Active,8,3.3
PROP-12929,4 BHK Villa for sale in Little Havana,MIAMI,Little Havana,VILLA,1772287.8600315887,3944,4.0,2.0,1999.0,2025-06-07,Pending,5,4.4
PROP-11130,3 BHK Apartment for sale in Lincoln Park,CHI,Lincoln Park,apartment,1034329 USD,1913 sqft,3.0,3.0,2012.0,2025-08-04,Pending,4,4.6
PROP-10926,4 BHK Villa for sale in Manhattan,New York,Manhattan,villa,9932757 USD,4851 sqft,4.0,3.0,,2024-05-14,Active,8,4.7
PROP-12532,Commercial Space / Office in Lincoln Park,CHICAGO,Lincoln Park,Commercial,12223264.707990719,23688,,10.0,1991.0,2025/10/06,Active,5,4.0
PROP-11703,6 BHK Villa for sale in River North,Chicago,River North,Villa,594693.2651983608,1851,6.0,5.0,2015.0,2024-10-02,Active,1,3.8
PROP-11919,Residential plot of 2966 sqft in East Austin,ATX,East Austin,plot,930213.1050209013,2966,,,,2024-06-14,Pending,10,4.8
PROP-10015,4 BHK Villa for sale in South Beach,Miami,South Beach,VILLA,2654363.0525667486,3972,,4.0,1984.0,2025-01-13,Pending,10,4.6
PROP-10143,1 BHK Apartment for sale in Lincoln Park,CHICAGO,Lincoln Park,apartment,530187.8451603239,1141,1.0,1.0,1959.0,2025-01-17,Sold,7,3.8
PROP-10315,2 BHK Apartment for sale in SOMA,SF,SOMA,Apt,2911092.310470349,2234,2.0,3.0,1984.0,2025-07-13,Active,3,4.1
PROP-12487,Residential plot of 4859 sqft in Little Havana,MIA,Little Havana,Plot,2454830.4993161173,4859,,,,2025-01-31,Sold,9,4.5
PROP-10129,6 BHK Villa for sale in Loop,CHICAGO,Loop,VILLA,1420306.0883878204,3769 SQFT,6.0,4.0,2004.0,2024-05-23,Sold,2,4.0
PROP-11161,Residential plot of 7743 sqft in Marina,san francisco,Marina,plot,,7743,,,,2024-08-15,Pending,1,3.0
PROP-12328,Residential plot of 2497 sqft in Downtown,AUSTIN,Downtown,Land,1259266.197555519,2497,,,,2024-10-12,Sold,7,4.5
PROP-12553,Residential plot of 1217 sqft in West Lake Hills,Austin,West Lake Hills,land,698607.6753004127,1217,,,,2024-12-13,Sold,2,3.3
PROP-12266,4 BHK Apartment for sale in Manhattan,NY,Manhattan,Apt,3087751.3909891886,1596,,3.0,2007.0,2025-04-08,Active,4,4.1
PROP-11362,3 BHK Villa for sale in West Lake Hills,Austin,West Lake Hills,villa,1866323.856270471,2633,3.0,3.0,,2024-11-17,Pending,3,3.3
PROP-11801,5 BHK Villa for sale in Little Havana,Miami,Little Havana,Villa,2872350.545905356,5671,5.0,3.0,1984.0,2024-08-08,Pending,9,4.2
PROP-11212,Commercial Space / Office in Pacific Heights,SF,Pacific Heights,commercial,32087767.304523736,14255,,4.0,1961.0,2024-09-29,Active,10,4.4
PROP-11495,4 BHK Apartment for sale in East Austin,ATX,East Austin,Apartment,544960.1774315146,1728,4.0,2.0,1930.0,2024-04-14,Pending,9,5.0
PROP-11811,2 BHK Apartment for sale in South Austin,Austin,South Austin,Apt,965332.8615518624,2034,2.0,2.0,1991.0,2025-04-30,Active,5,4.1
PROP-10179,Residential plot of 2661 sqft in River North,CHI,River North,land,1023220 USD,2661,,,,2025-08-14,Sold,4,3.3
PROP-11182,1 BHK Apartment for sale in Mission District,san francisco,Mission District,APT,3530715.4680052237,2366,1.0,2.0,1980.0,2025/07/17,Sold,5,3.8
PROP-10477,3 BHK Villa for sale in Hyde Park,Chicago,Hyde Park,villa,494854.5306811289,1812,3.0,2.0,2024.0,2025-03-02,Sold,7,3.3
PROP-12680,Residential plot of 8144 sqft in River North,chicago,River North,land,2976928.586775674,8144,,,,2024-11-09,Active,6,3.0
PROP-12045,4 BHK Apartment for sale in Lincoln Park,chicago,Lincoln Park,APT,"$594,535",1143,4.0,2.0,,2025-09-07,Active,7,3.9
PROP-13164,Commercial Space / Office in Mission District,San Francisco,Mission District,commercial,2771762.4802928357,2023,,6.0,2020.0,2025-04-16,Active,1,4.5
PROP-12644,Commercial Space / Office in South Beach,MIA,South Beach,Office,13263547.001912426,24538,,3.0,1987.0,2025-11-21,Sold,10,4.6
PROP-11531,Commercial Space / Office in Brickell,MIAMI,Brickell,COMMERCIAL,8835342.294200515,15417,,9.0,1987.0,2024-11-22,Active,8,3.0
PROP-12664,Residential plot of 9694 sqft in South Austin,Austin,South Austin,land,"$4,853,479",9694,,,,2024-02-13,Active,10,4.6
PROP-10588,2 BHK Apartment for sale in Downtown,ATX,Downtown,APT,1098056.2435250434,2471,2.0,2.0,2012.0,2024/01/10,Pending,10,4.5
PROP-11323,Residential plot of 2970 sqft in South Austin,AUSTIN,South Austin,land,1246024.7560738425,2970,,,,2024-01-28,Active,4,4.6
PROP-10988,5 BHK Villa for sale in Little Havana,MIA,Little Havana,VILLA,1129598.9935745453,2299,5.0,4.0,2010.0,16/05/2024,Active,5,4.7
PROP-11842,3 BHK Villa for sale in Marina,SAN FRANCISCO,Marina,VILLA,5859560.015529094,4708,3.0,4.0,1991.0,2025-01-08,Sold,7,4.5
PROP-12569,2 BHK Apartment for sale in Manhattan,NY,Manhattan,Apt,2125049.50070323,1294,2.0,2.0,1955.0,2024-10-13,Active,5,4.3
PROP-12125,Residential plot of 5027 sqft in Hyde Park,Chicago,Hyde Park,land,1546692.3720695963,5027 SQFT,,,,2025-08-27,Sold,6,4.6
PROP-13109,1 BHK Apartment for sale in Pacific Heights,San Francisco,Pacific Heights,Apt,3274638.2275767815,1677,1.0,3.0,1958.0,2024-12-16,Pending,7,4.5
PROP-10387,Commercial Space / Office in Little Havana,MIAMI,Little Havana,Office,2724592.363455775,5374,,6.0,1971.0,2024-12-01,Active,2,3.8
PROP-12603,3 BHK Villa for sale in Brickell,MIAMI,Brickell,Villa,2634191.9834551313,5138,3.0,2.0,2023.0,2025-08-19,Sold,10,4.1
PROP-11032,Residential plot of 1990 sqft in Mission District,SF,Mission District,Land,2621511.7979375888,1990,,,,2024-10-20,Pending,5,4.3
PROP-10147,Residential plot of 8193 sqft in Bronx,NEW YORK,Bronx,Plot,8727213.54925238,8193,,,,2024-04-30,Active,4,4.6
PROP-10440,Residential plot of 8887 sqft in SOMA,SAN FRANCISCO,SOMA,land,13280214.468806762,8887,,,,2025-03-31,Active,3,3.1
PROP-13150,1 BHK Apartment for sale in Mission District,san francisco,Mission District,Apt,2823070.2072060066,1776,1.0,1.0,2021.0,03/07/2025,Active,3,3.5
PROP-11578,6 BHK Villa for sale in Coral Gables,miami,Coral Gables,Villa,2782200.698875719,3023,6.0,2.0,1997.0,2024-07-21,Sold,6,4.0
PROP-11139,6 BHK Villa for sale in South Austin,austin,South Austin,villa,2040179.1464892616,4126,6.0,5.0,1980.0,2024-04-06,Active,10,4.9
PROP-12914,Residential plot of 5487 sqft in Downtown,ATX,Downtown,land,2119229.6316813966,5487,,,,2025-04-07,Pending,5,4.1
PROP-11010,4 BHK Apartment for sale in South Beach,miami,South Beach,Apartment,371574.37431343144,705,,3.0,1969.0,2024-01-20,Pending,10,4.1
PROP-11640,Residential plot of 6174 sqft in Marina,san francisco,Marina,land,7461793.505597062,6174,,,,2024-03-10,Sold,3,3.5
PROP-10931,Residential plot of 2478 sqft in Lincoln Park,Chicago,Lincoln Park,plot,1305215 USD,2478,,,,2025-11-16,Pending,9,4.1
PROP-12088,4 BHK Villa for sale in Lincoln Park,Chicago,Lincoln Park,VILLA,Contact Agent,5435,,4.0,1996.0,2025-01-19,Pending,1,3.9
PROP-10691,6 BHK Villa for sale in SOMA,SAN FRANCISCO,SOMA,VILLA,3604980.7849117047,2520,6.0,3.0,2000.0,2025-11-07,Sold,7,4.4
PROP-10533,Residential plot of 3554 sqft in West Lake Hills,Austin,West Lake Hills,Plot,2082289.1748202262,3554,,,,2025-10-19,Active,9,4.4
PROP-12865,Commercial Space / Office in Coral Gables,MIAMI,Coral Gables,Office,2826072.5496289157,2738,,5.0,2005.0,2025-08-06,Sold,2,5.0
PROP-13326,Residential plot of 4742 sqft in Loop,CHI,Loop,Plot,1573815.8436853162,4742,,,,2024-07-28,Active,6,4.8
PROP-11450,3 BHK Apartment for sale in Lincoln Park,CHI,Lincoln Park,Apt,1044916.0018676656,2034,3.0,3.0,1982.0,2024-07-07,Active,6,3.3
PROP-10652,Residential plot of 7572 sqft in Pacific Heights,SAN FRANCISCO,Pacific Heights,land,14947954.693005007,7572,,,,2024-08-27,Sold,2,3.8
PROP-10033,6 BHK Villa for sale in Lincoln Park,CHI,Lincoln Park,VILLA,2312128.435396091,4012,6.0,5.0,2007.0,2025-08-29,Active,2,3.6
PROP-12462,1 BHK Apartment for sale in Downtown,austin,Downtown,apartment,466010.69140508596,1067,1.0,3.0,1930.0,2025-05-16,Sold,5,4.5
PROP-10044,Commercial Space / Office in South Austin,AUSTIN,South Austin,Office,2327478.8708150387,4978,,2.0,2022.0,2024-09-02,Pending,9,4.4
PROP-13464,Residential plot of 9494 sqft in Brickell,MIA,Brickell,land,5472134.194157589,9494,,,,2025-07-21,Pending,5,4.0
PROP-13408,4 BHK Villa for sale in Mission District,San Francisco,Mission District,VILLA,3138698.6547055305,2368,4.0,2.0,2024.0,2024-01-21,Active,10,4.9
PROP-10964,Commercial Space / Office in Brickell,MIAMI,Brickell,COMMERCIAL,"$2,945,191",4506,,9.0,1997.0,2025-11-05,Pending,3,3.6
PROP-11685,Residential plot of 7284 sqft in East Austin,austin,East Austin,plot,2750551.4034665967,7284,,,,2025-11-27,Sold,5,4.3
PROP-13170,Commercial Space / Office in Pacific Heights,SF,Pacific Heights,Commercial,35996740.46134342,14995,,6.0,2008.0,2024-06-11,Sold,2,4.5
PROP-10223,Commercial Space / Office in Brooklyn,New York,Brooklyn,COMMERCIAL,2329601.308872379,2241,,3.0,1964.0,2024-09-14,Sold,4,4.8
PROP-12310,6 BHK Villa for sale in Bronx,N.Y.,Bronx,Villa,2163875.4695127564,2238,6.0,2.0,1981.0,2024-07-20,Sold,5,4.6
PROP-11747,3 BHK Villa for sale in South Beach,miami,South Beach,villa,3356652.979257043,5757,3.0,5.0,2022.0,2024-01-20,Pending,8,4.8
PROP-10830,Commercial Space / Office in Mission District,San Francisco,Mission District,commercial,,2071,,4.0,1978.0,2025-01-10,Sold,6,4.3
PROP-13058,Residential plot of 9281 sqft in River North,chicago,River North,Plot,3352481.2331503853,9281,,,,2024-06-16,Pending,1,3.2
PROP-12489,Residential plot of 3466 sqft in Pacific Heights,SAN FRANCISCO,Pacific Heights,Land,7235851.615432928,3466,,,,2025-02-25,Sold,6,3.5
PROP-10284,3 BHK Villa for sale in East Austin,AUSTIN,East Austin,VILLA,1632381.3432785186,4059,3.0,4.0,2004.0,2024/01/31,Pending,4,3.3
PROP-12363,3 BHK Villa for sale in River North,CHI,River North,VILLA,"$1,017,088",3263,3.0,5.0,1990.0,2025-03-06,Pending,1,3.9
PROP-12609,3 BHK Villa for sale in Pacific Heights,San Francisco,Pacific Heights,villa,10434743.174190033,5086,3.0,5.0,2017.0,2024/04/23,Active,9,4.7
PROP-10026,Commercial Space / Office in Lincoln Park,CHI,Lincoln Park,COMMERCIAL,5176046.19152898,9101,,6.0,2009.0,2025-05-11,Pending,8,3.2
PROP-10164,2 BHK Apartment for sale in Brickell,miami,Brickell,Apt,342209.3030495612,548,2.0,3.0,1964.0,2024/01/10,Active,7,4.7
PROP-10063,Commercial Space / Office in West Lake Hills,AUSTIN,West Lake Hills,Office,3001193.5096944557,4249,,3.0,2014.0,2025-07-18,Active,7,3.9
PROP-11044,2 BHK Apartment for sale in West Lake Hills,Austin,West Lake Hills,Apt,519252.043295305,897,2.0,3.0,2006.0,2025-06-25,Pending,3,3.4
PROP-12741,Residential plot of 3234 sqft in East Austin,ATX,East Austin,Land,1277646.385906184,3234,,,,2024-08-25,Active,9,4.3
PROP-13221,4 BHK Apartment for sale in Marina,san francisco,Marina,APT,2556788.2158382563,2053,4.0,1.0,2002.0,2024-07-09,Active,6,4.3
PROP-12711,5 BHK Villa for sale in Lincoln Park,chicago,Lincoln Park,VILLA,2421003.238495877,5139,5.0,4.0,1996.0,2025-03-02,Active,10,4.7
PROP-11454,2 BHK Apartment for sale in Marina,SAN FRANCISCO,Marina,apartment,2336140.771726736,1993,2.0,1.0,2007.0,2024-10-22,Active,5,3.6
PROP-10227,4 BHK Apartment for sale in Downtown,AUSTIN,Downtown,apartment,794020.7629538405,1986,4.0,2.0,1965.0,2025-11-02,Pending,10,4.2
PROP-12411,Residential plot of 5324 sqft in Brickell,miami,Brickell,Land,2905473.050895882,5324,,,,2024-10-11,Active,2,3.5
PROP-13140,Residential plot of 3265 sqft in Manhattan,NY,Manhattan,Land,5543265.176062625,3265,,,,2025-05-21,Sold,10,4.5
PROP-13383,4 BHK Villa for sale in Coral Gables,miami,Coral Gables,Villa,3882580.792420069,3967,4.0,4.0,1996.0,2024-09-26,Sold,7,3.9
PROP-11404,6 BHK Villa for sale in Pacific Heights,san francisco,Pacific Heights,villa,,4177,6.0,3.0,2023.0,2024-12-23,Pending,8,5.0
PROP-13246,Residential plot of 7397 sqft in Manhattan,NY,Manhattan,plot,11636549.350790873,7397,,,,2024-05-14,Pending,7,3.1
PROP-11894,4 BHK Apartment for sale in South Austin,austin,South Austin,Apt,784748.5374384638,1597,4.0,2.0,1920.0,2025-07-03,Active,7,4.1
PROP-13042,4 BHK Apartment for sale in Brickell,MIA,Brickell,Apt,432878.3700939093,745,4.0,2.0,2002.0,2025-03-18,Pending,5,
PROP-10969,Residential plot of 2595 sqft in West Lake Hills,austin,West Lake Hills,Plot,1714272.15211331,2595,,,,2025-10-27,Active,5,3.5
PROP-10399,6 BHK Villa for sale in Queens,N.Y.,Queens,villa,6662495.284395906,5449,6.0,5.0,1997.0,2025-03-09,Pending,6,4.2
PROP-12279,2 BHK Apartment for sale in SOMA,SF,SOMA,Apartment,2375046.2478651023,1764,2.0,2.0,1928.0,2025-10-01,Pending,10,4.7
PROP-11898,5 BHK Villa for sale in West Lake Hills,austin,West Lake Hills,VILLA,2858890.4979913137,3847,5.0,2.0,2011.0,2024-03-26,Active,5,3.5
PROP-11840,Residential plot of 1533 sqft in Lincoln Park,Chicago,Lincoln Park,Plot,820909.1354627878,1533,,,,2024/02/27,Pending,5,4.1
PROP-11977,Residential plot of 1137 sqft in River North,Chicago,River North,plot,397965.9900254973,1137,,,,16/12/2024,Active,10,4.3
PROP-12212,4 BHK Villa for sale in Manhattan,NY,Manhattan,VILLA,5296132.901338132,0,4.0,5.0,2002.0,2025-06-13,Pending,9,4.3
PROP-12435,3 BHK Apartment for sale in Coral Gables,Miami,Coral Gables,Apartment,1709285.124896595,2128,3.0,1.0,1970.0,2025-01-21,Active,2,
PROP-12150,Commercial Space / Office in SOMA,San Francisco,SOMA,Office,24578508.014546342,15386,,8.0,1985.0,2024-10-20,Pending,6,4.5
PROP-12290,Residential plot of 3855 sqft in West Lake Hills,ATX,West Lake Hills,Plot,"$2,249,669",3855,,,,2025-02-07,Pending,10,4.7
PROP-13460,Commercial Space / Office in South Beach,Miami,South Beach,commercial,10736309.019845476,15810,,10.0,2009.0,2024-02-06,Pending,5,3.0
PROP-10980,Commercial Space / Office in Little Havana,MIA,Little Havana,commercial,3643787.608835506,7418,,3.0,1971.0,2025-01-01,Active,5,3.9
PROP-11677,Commercial Space / Office in Coral Gables,Miami,Coral Gables,Commercial,20280765.503909383,23835,,6.0,1986.0,2025-04-24,Active,7,3.2
PROP-12834,Residential plot of 4420 sqft in River North,CHICAGO,River North,Land,1577570.6922957879,4420,,,,2025-10-26,Pending,8,4.4
PROP-10252,Residential plot of 1781 sqft in Coral Gables,MIA,Coral Gables,Land,,1781,,,,2024-06-16,Pending,8,4.7
PROP-13048,Commercial Space / Office in South Beach,miami,South Beach,Office,3232670.2542557395,5825,,6.0,1978.0,2025-04-04,Pending,8,3.8
PROP-10016,2 BHK Apartment for sale in Brooklyn,NEW YORK,Brooklyn,Apartment,2500232.250216379,2020,2.0,2.0,1956.0,2024-12-17,Sold,5,4.0
PROP-12538,2 BHK Apartment for sale in Marina,SF,Marina,Apt,1845866.2758352316,1597,2.0,1.0,1964.0,2025-07-07,Active,5,3.7
PROP-10011,Residential plot of 5092 sqft in Marina,san francisco,Marina,land,6343752.512650804,5092,,,,2024-03-18,Sold,2,3.1
PROP-13366,4 BHK Villa for sale in Brooklyn,new york,Brooklyn,villa,6505239.898752485,5098,4.0,2.0,2005.0,2025-09-26,Sold,8,3.4
PROP-12874,6 BHK Villa for sale in Loop,Chicago,Loop,Villa,1777412.58611129,5392,6.0,3.0,1997.0,2024-07-06,Pending,4,3.0
PROP-11768,Residential plot of 4239 sqft in Marina,SAN FRANCISCO,Marina,land,4981940.348656828,4239,,,,2025-06-10,Pending,5,3.2
PROP-10702,4 BHK Villa for sale in Pacific Heights,San Francisco,Pacific Heights,Villa,12801312.844660114,5875 sqft,4.0,4.0,2005.0,2024-09-28,Active,1,
PROP-11286,4 BHK Apartment for sale in Little Havana,MIAMI,Little Havana,APT,888153.6313553464,1726,4.0,1.0,1995.0,18/11/2024,Active,5,4.2
PROP-11807,Commercial Space / Office in Brickell,MIA,Brickell,COMMERCIAL,10677011.224194694,16067,,9.0,2006.0,2024-09-18,Active,4,3.8
PROP-10590,2 BHK Apartment for sale in Little Havana,Miami,Little Havana,Apartment,1130521.7692491089,2244,2.0,1.0,1932.0,2025/05/26,Pending,6,4.5
PROP-10282,4 BHK Villa for sale in South Beach,MIAMI,South Beach,Villa,2449577.100609806,4126,4.0,4.0,1983.0,2024-01-09,Sold,7,4.3
PROP-12650,Residential plot of 7610 sqft in Manhattan,new york,Manhattan,Land,13497270.455544082,7610,,,,2025-09-02,Sold,10,4.4
PROP-12900,Residential plot of 1111 sqft in Mission District,San Francisco,Mission District,land,1594788.5109788794,1111,,,,2024-11-12,Pending,2,3.7
PROP-10641,4 BHK Villa for sale in Marina,SAN FRANCISCO,Marina,VILLA,2129926.4771802244,1887,,5.0,2003.0,2024-01-06,Pending,2,4.8
PROP-10998,Commercial Space / Office in South Austin,Austin,South Austin,COMMERCIAL,6162314.023508564,11997,,10.0,1980.0,2024-04-30,Pending,5,4.4
PROP-11356,Residential plot of 7978 sqft in Bronx,N.Y.,Bronx,Land,"$7,407,117",7978,,,,2024-10-16,Sold,4,5.0
PROP-11648,4 BHK Apartment for sale in East Austin,Austin,East Austin,Apt,259175.54768931938,703,4.0,2.0,1953.0,2024-01-05,Sold,5,3.6
PROP-10297,Residential plot of 9608 sqft in Coral Gables,MIA,Coral Gables,Land,8842132.158127815,9608,,,,2025-09-30,Active,10,4.5
PROP-10303,6 BHK Villa for sale in Bronx,N.Y.,Bronx,Villa,"$3,931,435",4586,6.0,4.0,2000.0,10/04/2024,Sold,3,3.4
PROP-12412,Residential plot of 7072 sqft in West Lake Hills,ATX,West Lake Hills,Plot,5303605.657521931,7072,,,,2024-04-15,Sold,6,5.0
PROP-13391,1 BHK Apartment for sale in Marina,SF,Marina,apartment,"$2,938,307",2372,1.0,2.0,1938.0,2025-06-03,Pending,9,4.7
PROP-13215,3 BHK Villa for sale in Hyde Park,CHICAGO,Hyde Park,Villa,781324.0548232525,3217,3.0,5.0,2004.0,2024-12-29,Sold,2,
PROP-12964,6 BHK Villa for sale in Coral Gables,miami,Coral Gables,VILLA,4184514.9770599334,4939,6.0,4.0,,2024-09-23,Pending,6,3.9
PROP-12080,3 BHK Villa for sale in Marina,SAN FRANCISCO,Marina,villa,4073473.3755622283,3421,3.0,3.0,1989.0,2024-12-17,Sold,8,
PROP-12913,2 BHK Apartment for sale in Bronx,NY,Bronx,Apt,1585871.5282583446,1641,2.0,1.0,1964.0,2024-12-15,Sold,5,4.3
PROP-10655,3 BHK Apartment for sale in River North,chicago,River North,Apt,288942.2601016727,763,3.0,1.0,1971.0,16/10/2024,Sold,7,
PROP-13449,4 BHK Apartment for sale in Coral Gables,miami,Coral Gables,Apt,1961141.9910889217,2058,4.0,3.0,1933.0,2025-08-28,Sold,10,4.5
PROP-11012,Residential plot of 3999 sqft in Queens,New York,Queens,plot,5384021.720130852,3999 sqft,,,,2024/12/21,Sold,10,4.6
PROP-10482,6 BHK Villa for sale in Queens,NY,Queens,VILLA,6773093.647934264,5769,6.0,2.0,2002.0,2025/05/02,Sold,2,4.5
PROP-11644,Commercial Space / Office in Coral Gables,miami,Coral Gables,COMMERCIAL,21892105.941551518,23066,,3.0,1987.0,2024-06-13,Sold,7,4.5
PROP-10240,Residential plot of 5157 sqft in River North,chicago,River North,land,2069469.8973455506,5157,,,,2025-08-14,Sold,7,4.5
PROP-10783,5 BHK Villa for sale in East Austin,ATX,East Austin,villa,760589.3583524618,1999,5.0,3.0,1995.0,2024/01/02,Active,10,
PROP-11354,3 BHK Villa for sale in Loop,CHICAGO,Loop,Villa,1185500 USD,3043,3.0,4.0,1998.0,2024-03-18,Active,6,3.4
PROP-11018,5 BHK Villa for sale in Manhattan,NY,Manhattan,villa,7109690.208848026,4364,5.0,3.0,2005.0,2024-04-18,Pending,5,4.2
PROP-12429,Commercial Space / Office in South Austin,Austin,South Austin,commercial,779360.5663983758,1796,,6.0,1967.0,13/05/2024,Active,7,3.2
PROP-10977,Commercial Space / Office in East Austin,ATX,East Austin,commercial,7642267.109267999,21759,,4.0,,2024-10-23,Pending,6,4.2
PROP-10809,6 BHK Villa for sale in Downtown,Austin,Downtown,VILLA,1779726.923104094,4327,6.0,5.0,2008.0,12/04/2024,Pending,10,4.7
PROP-12637,Commercial Space / Office in River North,CHICAGO,River North,commercial,5145809.109136239,15885,,7.0,2008.0,21/11/2025,Active,4,4.6
PROP-12716,6 BHK Villa for sale in West Lake Hills,AUSTIN,West Lake Hills,VILLA,3009237.1949603106,5126 sqft,6.0,4.0,2010.0,2025-11-27,Active,4,4.8
PROP-10257,5 BHK Villa for sale in Manhattan,NEW YORK,Manhattan,Villa,9628003.613877734,4993,5.0,3.0,1995.0,2025-03-29,Active,10,4.0
PROP-11599,3 BHK Apartment for sale in SOMA,SF,SOMA,apartment,715635.4844107829,578,3.0,2.0,2004.0,2024-09-05,Active,9,4.5
PROP-10893,Commercial Space / Office in South Austin,Austin,South Austin,COMMERCIAL,9740249.47909837,20100,,4.0,1985.0,2025-08-09,Sold,7,4.5
PROP-11783,5 BHK Villa for sale in SOMA,san francisco,SOMA,Villa,5125479.055194857,3291,5.0,4.0,2017.0,2025-06-04,Sold,5,3.1
PROP-11891,Residential plot of 7119 sqft in Brooklyn,N.Y.,Brooklyn,land,9405189.975257242,7119,,,,2025-10-21,Pending,6,4.9
PROP-13184,Residential plot of 1630 sqft in Marina,SF,Marina,Plot,1803137.2366394077,1630,,,,2025-04-22,Active,10,4.1
PROP-12481,Residential plot of 3262 sqft in West Lake Hills,AUSTIN,West Lake Hills,Plot,2401334.9764322527,3262,,,,2025-02-03,Sold,4,4.7
PROP-11237,Commercial Space / Office in Loop,Chicago,Loop,Commercial,7503855.732505824,20630 sqft,,4.0,1986.0,2024-02-13,Active,4,3.1
PROP-11832,5 BHK Villa for sale in South Beach,miami,South Beach,villa,3494496.1572418343,5582,5.0,4.0,2018.0,2025/06/17,Sold,4,4.4
PROP-12248,Commercial Space / Office in South Austin,AUSTIN,South Austin,COMMERCIAL,4159252.6467694403,10556 SQFT,,5.0,2001.0,2025-07-03,Pending,6,4.2
PROP-13354,3 BHK Apartment for sale in Little Havana,MIAMI,Little Havana,apartment,253420.79299406178,552,3.0,2.0,,2024-05-11,Sold,8,4.0
PROP-10098,2 BHK Apartment for sale in South Austin,ATX,South Austin,APT,552851.0344381155,1420,2.0,1.0,1932.0,28/01/2025,Pending,4,4.9
PROP-12177,4 BHK Apartment for sale in River North,CHI,River North,Apt,365825.8222288656,940,4.0,3.0,1930.0,2025-08-10,Sold,5,4.6
PROP-13078,Residential plot of 2884 sqft in Mission District,san francisco,Mission District,plot,3436698.3459158675,2884,,,,2025-08-30,Active,4,4.3
PROP-13200,1 BHK Apartment for sale in Mission District,San Francisco,Mission District,Apt,3191978.825935931,2307,1.0,1.0,1976.0,2024-10-27,Active,9,
PROP-11357,Residential plot of 4411 sqft in West Lake Hills,ATX,West Lake Hills,land,2857393.372406437,4411,,,,2025-05-31,Active,3,3.9
PROP-11941,5 BHK Villa for sale in Coral Gables,MIAMI,Coral Gables,villa,2052373.3619276455,2498,5.0,4.0,2000.0,2024-11-20,Active,7,4.1
PROP-10638,Commercial Space / Office in Hyde Park,CHICAGO,Hyde Park,commercial,1675639.5363454989,6508 sqft,,2.0,2010.0,2024-08-09,Sold,3,3.3
PROP-12298,5 BHK Villa for sale in East Austin,ATX,East Austin,VILLA,"$2,246,210",5548,5.0,2.0,1997.0,2024/11/02,Sold,5,3.0
PROP-12284,Residential plot of 4608 sqft in Manhattan,N.Y.,Manhattan,Land,7113845.80608961,4608 SQFT,,,,2024-09-07,Sold,4,4.7
PROP-12522,3 BHK Villa for sale in Bronx,new york,Bronx,villa,,2460,3.0,5.0,1989.0,2025-10-11,Active,6,4.0
PROP-13126,3 BHK Villa for sale in Coral Gables,Miami,Coral Gables,Villa,2367981.709823612,2849,3.0,4.0,2018.0,2025-07-20,Sold,4,
PROP-12081,Commercial Space / Office in Mission District,SAN FRANCISCO,Mission District,Office,29216030.926918708,19200,,2.0,1989.0,2024-05-08,Pending,6,3.3
PROP-11835,3 BHK Villa for sale in Queens,NEW YORK,Queens,villa,3519619.4576649372,3313,3.0,2.0,1992.0,2025-04-07,Sold,4,4.6
PROP-12499,1 BHK Apartment for sale in Bronx,NEW YORK,Bronx,Apartment,781591.8458480951,937,1.0,3.0,1959.0,2025/10/28,Pending,4,4.3
PROP-12405,1 BHK Apartment for sale in East Austin,AUSTIN,East Austin,APT,704400.8532198487,1897,1.0,2.0,1932.0,2024-08-16,Active,8,4.1
PROP-11918,2 BHK Apartment for sale in River North,CHI,River North,apartment,887074.6879526279,2309,2.0,1.0,2001.0,2024-04-24,Active,8,3.1
PROP-13072,Commercial Space / Office in Marina,san francisco,Marina,commercial,13569550.373122424,13869,,10.0,2007.0,2024-12-14,Pending,6,5.0
PROP-12323,Residential plot of 5437 sqft in Loop,chicago,Loop,Plot,1759972.559175307,5437,,,,2025-07-09,Pending,8,
PROP-12724,Residential plot of 8550 sqft in Downtown,austin,Downtown,Land,3407149.5220738593,8550,,,,2025-07-24,Sold,4,4.5
PROP-11880,Commercial Space / Office in Loop,CHI,Loop,COMMERCIAL,385682.2055585478,1219,,6.0,1985.0,2024-01-13,Sold,6,3.9
PROP-10923,5 BHK Villa for sale in Little Havana,Miami,Little Havana,villa,819615.8544572953,1855,5.0,4.0,1988.0,2025-06-10,Pending,7,3.3
PROP-10280,Commercial Space / Office in South Austin,AUSTIN,South Austin,commercial,7607746 USD,15433,,2.0,2019.0,2024-07-23,Active,2,3.2
PROP-11869,Commercial Space / Office in Loop,CHICAGO,Loop,commercial,1965090.6914184873,6078,,2.0,1978.0,2025-09-16,Pending,4,4.6
PROP-12458,Commercial Space / Office in Mission District,San Francisco,Mission District,COMMERCIAL,27741631.99542216,20413,,4.0,1985.0,2025-04-29,Active,1,4.1
PROP-11927,3 BHK Apartment for sale in Queens,NEW YORK,Queens,APT,1346196.8146211826,1153,3.0,3.0,1984.0,06/06/2025,Active,8,4.7
PROP-12710,Commercial Space / Office in Loop,CHICAGO,Loop,Commercial,6409259.596568777,21276,,4.0,1995.0,2024-08-15,Active,5,3.3
PROP-11092,3 BHK Villa for sale in Bronx,new york,Bronx,villa,3436180 USD,3276,3.0,3.0,2007.0,2024-07-02,Active,1,3.6
PROP-11198,4 BHK Villa for sale in East Austin,Austin,East Austin,VILLA,1176600.5356114842,3642,4.0,5.0,,2025-05-20,Active,3,4.8
PROP-10124,Commercial Space / Office in East Austin,ATX,East Austin,Office,2091104.273316634,0,,7.0,1970.0,2025-07-13,Sold,1,
PROP-13438,Residential plot of 5706 sqft in South Austin,Austin,South Austin,Plot,2939457.892364293,5706,,,,2025-04-29,Sold,2,3.4
PROP-10713,3 BHK Apartment for sale in Little Havana,miami,Little Havana,APT,1211708.7800328678,2292,3.0,1.0,1968.0,2024-09-18,Pending,7,4.2
PROP-10840,Commercial Space / Office in Queens,N.Y.,Queens,Commercial,21558614.13340204,17441,,6.0,2009.0,2024-02-22,Sold,4,4.1
PROP-13274,1 BHK Apartment for sale in Marina,SAN FRANCISCO,Marina,APT,,1469,1.0,3.0,1987.0,2025/06/03,Active,5,3.2
PROP-12514,4 BHK Apartment for sale in South Austin,ATX,South Austin,Apt,528454.7988296433,1350,4.0,2.0,1981.0,2024-01-30,Sold,4,
PROP-12853,Commercial Space / Office in Brooklyn,NEW YORK,Brooklyn,Office,24913517.67215264,21514,,7.0,1967.0,2025-09-02,Active,8,3.2
PROP-11553,2 BHK Apartment for sale in Queens,N.Y.,Queens,apartment,1558842.0163202717,-1313,2.0,3.0,1970.0,2024-01-12,Active,2,4.9
PROP-13261,Residential plot of 9946 sqft in Marina,SF,Marina,plot,12276328.931125073,9946,,,,2025-03-19,Active,4,4.1
PROP-12888,Residential plot of 1268 sqft in River North,chicago,River North,Land,501020.4292717672,1268,,,,07/03/2024,Sold,1,3.6
PROP-10598,4 BHK Apartment for sale in Mission District,San Francisco,Mission District,apartment,2390885.071718649,1594,4.0,3.0,2007.0,2025-07-19,Pending,7,4.4
PROP-10075,2 BHK Apartment for sale in Bronx,NY,Bronx,Apt,2249988.518872393,2361,2.0,2.0,1997.0,2024/06/03,Pending,2,
PROP-11339,6 BHK Villa for sale in River North,CHICAGO,River North,villa,1367635.634324446,3507,6.0,3.0,2020.0,2025-08-13,Pending,4,3.3
PROP-11416,Residential plot of 1061 sqft in Coral Gables,MIA,Coral Gables,land,1061413.825572009,1061,,,,2024-08-13,Active,1,5.0
PROP-12909,Commercial Space / Office in Marina,SF,Marina,COMMERCIAL,11188316.013239615,10518,,7.0,2002.0,2025-10-11,Active,8,4.9
PROP-11501,Residential plot of 6214 sqft in Coral Gables,miami,Coral Gables,land,5650503.08816889,6214,,,,2024-03-21,Sold,9,4.4
PROP-13034,Residential plot of 2894 sqft in SOMA,SAN FRANCISCO,SOMA,Plot,3859933.157643104,2894,,,,2024-05-01,Pending,8,3.9
PROP-13268,Residential plot of 2085 sqft in Lincoln Park,CHI,Lincoln Park,Land,1241048.481018641,2085,,,,2025-04-24,Pending,7,4.7
PROP-10778,Residential plot of 8598 sqft in Coral Gables,miami,Coral Gables,Land,6703682.103172031,8598,,,,2025-10-03,Pending,4,4.0
PROP-12885,Commercial Space / Office in Queens,new york,Queens,COMMERCIAL,3296879.616620348,2405,,8.0,1970.0,2024-05-23,Active,4,3.5
PROP-10149,4 BHK Villa for sale in Loop,CHICAGO,Loop,VILLA,1110024.33126105,0,4.0,3.0,2000.0,2025-11-23,Active,10,4.6
PROP-13060,3 BHK Villa for sale in South Beach,miami,South Beach,Villa,2143153.146273814,3784,3.0,5.0,1982.0,2024/07/14,Pending,4,4.7
PROP-11557,Commercial Space / Office in River North,Chicago,River North,Commercial,2486291.790539402,7299,,2.0,1982.0,2025/04/07,Sold,5,3.1
PROP-11314,Commercial Space / Office in Little Havana,MIA,Little Havana,Commercial,3101095.4060159787,5657,,5.0,,2025-10-04,Pending,9,4.4
PROP-10453,6 BHK Villa for sale in Lincoln Park,chicago,Lincoln Park,villa,2120607.0735242106,3714,6.0,5.0,2001.0,16/11/2024,Pending,7,3.4
PROP-11718,5 BHK Villa for sale in South Beach,Miami,South Beach,villa,1937949.381686609,3710,5.0,4.0,2010.0,2024-08-07,Sold,10,4.2
PROP-11902,Commercial Space / Office in South Beach,MIAMI,South Beach,commercial,11123238.8419191,19540,,2.0,2005.0,2024-11-07,Active,4,4.6
PROP-10415,Commercial Space / Office in Marina,SAN FRANCISCO,Marina,commercial,12322444.870408168,10880,,3.0,1962.0,2025-02-03,Sold,3,4.0
PROP-12168,3 BHK Villa for sale in Lincoln Park,chicago,Lincoln Park,villa,1865521.7479725983,3732,3.0,3.0,2010.0,2024-09-17,Active,10,4.7
PROP-10808,4 BHK Villa for sale in SOMA,SF,SOMA,VILLA,2914925.6206258447,1942,4.0,2.0,2016.0,03/10/2024,Active,4,3.5
PROP-11816,Commercial Space / Office in Marina,SAN FRANCISCO,Marina,commercial,3977290.254574216,3444,,6.0,1997.0,2024-03-30,Sold,9,4.1
PROP-13419,Commercial Space / Office in Marina,San Francisco,Marina,Office,11727029.052603204,9324,,9.0,1992.0,2025-08-29,Sold,6,4.8
PROP-10958,Commercial Space / Office in Coral Gables,Miami,Coral Gables,Commercial,3206261.5702880053,3195,,6.0,1970.0,2025-11-07,Active,8,3.1
PROP-12560,Commercial Space / Office in Downtown,AUSTIN,Downtown,commercial,3264515.0131352064,7416,,9.0,1962.0,2024-12-08,Active,10,4.4
PROP-11119,5 BHK Villa for sale in Downtown,AUSTIN,Downtown,Villa,2694592.855260936,5446,5.0,5.0,2000.0,2024/08/05,Sold,6,4.0
PROP-12579,3 BHK Villa for sale in South Austin,Austin,South Austin,Villa,1137936.2735987434,2877,3.0,2.0,1981.0,2024-05-12,Sold,3,4.1
PROP-10810,Residential plot of 9176 sqft in River North,CHICAGO,River North,Plot,3218883.2669856753,9176,,,,01/02/2025,Sold,4,3.7
PROP-11129,Residential plot of 3222 sqft in Manhattan,NEW YORK,Manhattan,Plot,5450470.215410614,3222,,,,2025-04-17,Active,8,4.9
PROP-10834,Commercial Space / Office in South Austin,ATX,South Austin,Office,2317028.9930458204,5017,,10.0,,02/08/2024,Sold,1,3.7
PROP-13320,5 BHK Villa for sale in Loop,Chicago,Loop,VILLA,2092238.8856661173,5258,5.0,5.0,2014.0,25/02/2024,Pending,9,4.5
PROP-10375,4 BHK Apartment for sale in Pacific Heights,SAN FRANCISCO,Pacific Heights,APT,3771554.5695857983,1674,4.0,1.0,1999.0,2024-04-04,Sold,2,4.2
PROP-10623,6 BHK Villa for sale in Brickell,MIAMI,Brickell,villa,3315335.8565856703,5773,6.0,5.0,2018.0,2025-05-07,Active,2,4.9
PROP-12618,Residential plot of 7635 sqft in Brooklyn,new york,Brooklyn,Plot,7814166.537555171,7635,,,,2025-09-21,Pending,6,4.0
PROP-11235,5 BHK Villa for sale in Brickell,MIAMI,Brickell,VILLA,3812529.1835350357,5999,5.0,3.0,,25/11/2025,Active,8,4.4
PROP-11225,4 BHK Apartment for sale in South Austin,ATX,South Austin,Apt,963318.4967820431,1990,4.0,1.0,1989.0,2025/10/29,Pending,7,3.5
PROP-13099,6 BHK Villa for sale in Manhattan,NEW YORK,Manhattan,villa,8586920.345305074,5435,6.0,4.0,2011.0,2024-12-12,Pending,10,5.0
PROP-12391,3 BHK Villa for sale in Lincoln Park,CHICAGO,Lincoln Park,VILLA,2105718.7276299023,4076,3.0,3.0,,2025-11-11,Pending,8,4.7
PROP-12208,Commercial Space / Office in South Austin,AUSTIN,South Austin,commercial,11611311.454895573,22551,,9.0,1966.0,2024-07-11,Active,1,4.5
PROP-11169,4 BHK Villa for sale in South Austin,austin,South Austin,villa,,4027,4.0,4.0,1983.0,05/03/2025,Pending,9,4.1
PROP-11641,Commercial Space / Office in Lincoln Park,CHI,Lincoln Park,Commercial,Contact Agent,8157,,10.0,1987.0,2024-12-29,Sold,8,4.7
PROP-12320,Residential plot of 7051 sqft in Manhattan,New York,Manhattan,Land,12294548.203171616,7051,,,,2024/08/18,Active,6,4.0
PROP-11796,Residential plot of 3434 sqft in River North,chicago,River North,Plot,1056470.893994482,3434,,,,2024-04-27,Sold,3,3.5
PROP-10918,Commercial Space / Office in Lincoln Park,CHICAGO,Lincoln Park,commercial,11819387.174434809,19856,,4.0,1985.0,14/08/2024,Active,6,4.1
PROP-12227,4 BHK Villa for sale in West Lake Hills,ATX,West Lake Hills,villa,4043062.376876452,5397,4.0,2.0,1989.0,2024-08-12,Active,8,3.8
PROP-11027,Residential plot of 1167 sqft in Manhattan,NY,Manhattan,plot,2209700.705832828,1167,,,,2025-10-04,Active,3,4.3
PROP-13142,Commercial Space / Office in Mission District,San Francisco,Mission District,COMMERCIAL,23254236.76164816,16316,,6.0,2004.0,2024-11-16,Sold,7,3.2
PROP-12249,Commercial Space / Office in Brickell,MIAMI,Brickell,commercial,9312353.765278943,14100,,8.0,1998.0,2024-09-04,Pending,6,5.0
PROP-11657,Commercial Space / Office in SOMA,San Francisco,SOMA,COMMERCIAL,17090484.662909485,13793,,3.0,2007.0,2024-09-09,Sold,10,4.5
PROP-10349,2 BHK Apartment for sale in SOMA,san francisco,SOMA,Apartment,1544361.1206346517,1148,2.0,2.0,1953.0,2024-07-29,Active,8,5.0
PROP-10452,Residential plot of 6679 sqft in Coral Gables,Miami,Coral Gables,Land,6521673.674451825,6679,,,,2025/02/17,Sold,1,3.9
PROP-10662,Residential plot of 8504 sqft in Marina,SF,Marina,Land,10064495.04584472,8504 sqft,,,,2024/09/06,Sold,9,4.0
PROP-10172,Commercial Space / Office in Bronx,NEW YORK,Bronx,Office,11387549.774243237,12273,,10.0,1980.0,2024-07-03,Sold,4,3.1
PROP-11405,Commercial Space / Office in Bronx,New York,Bronx,COMMERCIAL,25186083.157519504,24257,,8.0,1982.0,2025-02-16,Pending,5,3.1
PROP-11725,Commercial Space / Office in Loop,chicago,Loop,commercial,1158662.338721397,2980,,8.0,1985.0,2024-01-24,Sold,10,4.9
PROP-11633,4 BHK Villa for sale in Loop,chicago,Loop,Villa,932505.3015601343,2915,4.0,2.0,2006.0,2024-03-24,Pending,5,3.2
PROP-10571,Residential plot of 1805 sqft in Bronx,NEW YORK,Bronx,Plot,1810059.5296142285,1805,,,,2025-03-08,Active,7,3.4
PROP-10422,6 BHK Villa for sale in River North,chicago,River North,VILLA,2165699.527831364,5575,6.0,5.0,1989.0,2024-11-29,Sold,10,4.2
PROP-12508,3 BHK Apartment for sale in Coral Gables,miami,Coral Gables,Apartment,1517684.2952733336,1684,3.0,1.0,,2024-12-27,Sold,8,4.1
PROP-13348,Commercial Space / Office in Little Havana,MIAMI,Little Havana,Office,1152636.1092886366,2557,,6.0,2006.0,2024-10-31,Active,5,3.3
PROP-10881,Residential plot of 9207 sqft in Brooklyn,New York,Brooklyn,plot,11110536.996063078,9207,,,,2024-10-09,Active,8,4.2
PROP-12416,Commercial Space / Office in West Lake Hills,austin,West Lake Hills,Commercial,11711386.020997573,18156,,2.0,1983.0,16/05/2024,Active,7,3.3
PROP-11253,5 BHK Villa for sale in Downtown,AUSTIN,Downtown,villa,"$2,475,992",5820,5.0,2.0,1990.0,2024-03-15,Pending,10,4.4
PROP-12867,Residential plot of 6257 sqft in Mission District,san francisco,Mission District,Land,8507587.65237748,6257,,,,2024/03/10,Sold,4,5.0
PROP-10797,Residential plot of 7401 sqft in SOMA,san francisco,SOMA,plot,8841984.475230072,7401,,,,2024-03-02,Active,4,4.0
PROP-12272,5 BHK Villa for sale in SOMA,san francisco,SOMA,Villa,4642927.365820724,3318,5.0,5.0,2011.0,2024-12-20,Sold,6,4.0
PROP-11336,3 BHK Villa for sale in Little Havana,MIA,Little Havana,villa,1518395.0897946688,3224,3.0,4.0,1995.0,2025-04-09,Pending,4,3.6
PROP-11148,Residential plot of 8308 sqft in Brooklyn,New York,Brooklyn,Land,10860392.640534831,8308,,,,30/04/2025,Pending,10,4.7
PROP-11976,Residential plot of 7564 sqft in Bronx,NEW YORK,Bronx,land,7243032.618394965,7564,,,,2025/11/14,Pending,6,4.6
PROP-10102,5 BHK Villa for sale in Pacific Heights,SAN FRANCISCO,Pacific Heights,villa,8390913.10514021,4251,5.0,5.0,2016.0,2024-01-18,Sold,2,
PROP-12419,Commercial Space / Office in SOMA,san francisco,SOMA,COMMERCIAL,20148580.234716684,15840,,7.0,2014.0,2025-10-22,Pending,7,4.6
PROP-10875,Residential plot of 6999 sqft in South Austin,AUSTIN,South Austin,Plot,"$2,970,145",6999,,,,2024-06-23,Pending,1,4.1
PROP-11527,4 BHK Villa for sale in Lincoln Park,CHI,Lincoln Park,Villa,2626894.3986651,4525,4.0,5.0,2024.0,2024-11-02,Active,2,4.2
PROP-12442,5 BHK Villa for sale in East Austin,ATX,East Austin,villa,30113752.097856317,5279 sqft,5.0,3.0,2008.0,2025-08-30,Pending,2,3.1
PROP-12496,Residential plot of 5922 sqft in SOMA,San Francisco,SOMA,plot,7083446.117649308,5922,,,,05/10/2024,Active,8,4.3
PROP-11580,Commercial Space / Office in South Austin,AUSTIN,South Austin,commercial,8732943.19387103,20097,,8.0,1970.0,2024-12-20,Sold,9,4.1
PROP-11510,3 BHK Apartment for sale in River North,chicago,River North,apartment,683960.0216222035,1793,3.0,2.0,1993.0,2024-03-29,Active,6,4.1
PROP-10070,5 BHK Villa for sale in Brooklyn,NEW YORK,Brooklyn,Villa,3981693.309458759,3893,5.0,4.0,1987.0,2025-03-16,Pending,9,
PROP-13207,5 BHK Villa for sale in Little Havana,miami,Little Havana,Villa,1179796.7054278934,2251,5.0,4.0,1998.0,2025-04-16,Pending,7,4.0
PROP-13499,Residential plot of 3879 sqft in Queens,NEW YORK,Queens,Plot,5250059.320055099,3879,,,,2025-09-14,Active,3,3.2
PROP-10791,Residential plot of 2359 sqft in Loop,CHI,Loop,Plot,762584.2569254725,2359,,,,2025/10/08,Pending,7,
PROP-10135,5 BHK Villa for sale in Marina,SAN FRANCISCO,Marina,villa,5361877.315456542,4414,5.0,5.0,2016.0,2024-11-29,Pending,6,3.2
PROP-12572,Commercial Space / Office in Pacific Heights,SAN FRANCISCO,Pacific Heights,commercial,15300463.139908096,6520,,6.0,1962.0,03/01/2025,Active,1,4.5
PROP-10770,3 BHK Apartment for sale in Mission District,SAN FRANCISCO,Mission District,apartment,"$2,118,936",1572,3.0,1.0,2021.0,2024-01-12,Active,3,3.6
PROP-11989,Residential plot of 2004 sqft in East Austin,Austin,East Austin,plot,643771.9328908725,2004 sqft,,,,2024-10-16,Active,6,3.1
PROP-11217,Commercial Space / Office in Loop,CHI,Loop,commercial,5135770.251915807,13809,,6.0,1973.0,2024-12-28,Sold,6,3.5
PROP-10236,Residential plot of 6614 sqft in Lincoln Park,chicago,Lincoln Park,plot,Contact Agent,6614,,,,2025-09-02,Active,7,3.8
PROP-11307,Commercial Space / Office in Coral Gables,MIA,Coral Gables,commercial,14693044.301404964,18207,,2.0,2015.0,2024-01-18,Pending,2,3.3
PROP-12418,Commercial Space / Office in River North,chicago,River North,Commercial,3141416.764968847,8745,,9.0,1997.0,2025-04-28,Active,6,3.5
PROP-12755,Residential plot of 6971 sqft in East Austin,Austin,East Austin,land,2824678.2367096473,6971,,,,2025-03-25,Active,8,4.5
PROP-12433,1 BHK Apartment for sale in Bronx,new york,Bronx,APT,1574127.8798729815,1863,1.0,3.0,1963.0,2024-08-14,Active,10,4.2
PROP-11213,4 BHK Villa for sale in Downtown,ATX,Downtown,VILLA,1190125.9890820368,3102,4.0,3.0,2002.0,2024-04-18,Pending,9,4.9
PROP-12247,4 BHK Villa for sale in Brickell,Miami,Brickell,Villa,3791255.109302488,5583,4.0,2.0,2001.0,2024-06-05,Active,3,
PROP-12174,3 BHK Apartment for sale in Queens,new york,Queens,Apartment,2840035.411575253,2416,3.0,3.0,1959.0,2024-02-05,Pending,4,4.1
PROP-10807,3 BHK Apartment for sale in Lincoln Park,Chicago,Lincoln Park,Apartment,356650.7484095171,728,3.0,3.0,,2025-03-16,Active,10,4.8
PROP-10462,3 BHK Villa for sale in Marina,SAN FRANCISCO,Marina,Villa,1934762.8414516912,1947,3.0,3.0,,2025-02-04,Sold,1,4.4
PROP-10879,Residential plot of 2346 sqft in Lincoln Park,Chicago,Lincoln Park,Land,1217596.3627219442,2346,,,,11/02/2024,Pending,7,3.3
PROP-13312,3 BHK Villa for sale in Brickell,miami,Brickell,Villa,2578739.4388573803,3971,3.0,2.0,1991.0,2025-09-05,Pending,5,4.2
PROP-12898,Residential plot of 6340 sqft in Queens,N.Y.,Queens,land,7068085.699067299,6340,,,,2025-07-18,Pending,5,4.9
PROP-10825,Residential plot of 8682 sqft in Manhattan,NY,Manhattan,Land,17763901.171651863,8682,,,,2024-09-21,Sold,8,4.3
PROP-12833,5 BHK Villa for sale in East Austin,ATX,East Austin,Villa,1404527.7465070162,4157,5.0,4.0,2024.0,2025/10/28,Active,2,3.0
PROP-12684,4 BHK Apartment for sale in Coral Gables,Miami,Coral Gables,Apartment,1005176.8751817326,1257,4.0,3.0,,2025-08-19,Active,8,3.2
PROP-10799,5 BHK Villa for sale in Loop,chicago,Loop,VILLA,1764467.515332438,5187,5.0,3.0,1996.0,2025-03-18,Pending,7,3.1
PROP-10354,6 BHK Villa for sale in Lincoln Park,Chicago,Lincoln Park,Villa,2541361.3207929214,4284,6.0,4.0,1984.0,2025-08-27,Active,1,3.8
PROP-12764,Residential plot of 5617 sqft in South Beach,Miami,South Beach,Plot,3544665.2657661033,5617,,,,2024-11-25,Pending,4,4.2
PROP-11073,Residential plot of 5597 sqft in Loop,Chicago,Loop,plot,1889267.6586989425,5597,,,,2025/08/19,Active,2,4.3
PROP-13100,Residential plot of 1351 sqft in South Beach,Miami,South Beach,Plot,770409.5221997065,1351,,,,2025-10-22,Sold,9,4.7
PROP-13035,1 BHK Apartment for sale in Manhattan,New York,Manhattan,APT,3475005.720821027,1725,1.0,1.0,1987.0,2024-06-15,Pending,10,4.2
PROP-10144,Residential plot of 4065 sqft in SOMA,SF,SOMA,plot,5374432.45903046,4065,,,,2025-04-06,Pending,3,4.0
PROP-10380,Commercial Space / Office in Brickell,Miami,Brickell,Commercial,1738625.7245107377,2812,,3.0,1980.0,2024/03/06,Pending,6,4.3
PROP-11340,Residential plot of 2340 sqft in Pacific Heights,San Francisco,Pacific Heights,land,4407839.663765534,2340,,,,13/04/2025,Sold,7,4.9
PROP-12443,Commercial Space / Office in South Beach,MIAMI,South Beach,COMMERCIAL,10224999.558669558,15481 sqft,,2.0,1969.0,2025-03-04,Pending,4,4.0
PROP-10431,Commercial Space / Office in East Austin,austin,East Austin,COMMERCIAL,616517.8373361834,1520,,4.0,2001.0,2025-09-15,Active,3,3.8
PROP-10121,2 BHK Apartment for sale in West Lake Hills,Austin,West Lake Hills,apartment,1609860.2227426944,2147,2.0,2.0,1946.0,2024-12-06,Active,4,4.9
PROP-12367,Residential plot of 6061 sqft in Bronx,NY,Bronx,Land,5538952.324643856,6061,,,,2024/11/14,Active,1,3.1
PROP-11635,5 BHK Villa for sale in SOMA,San Francisco,SOMA,VILLA,4097443.3073625932,3271,5.0,3.0,2014.0,12/10/2025,Pending,4,3.3
PROP-11764,4 BHK Apartment for sale in Lincoln Park,chicago,Lincoln Park,APT,629826.2044002288,1221,4.0,1.0,,2024-07-29,Pending,4,4.2
PROP-11360,3 BHK Villa for sale in Downtown,ATX,Downtown,VILLA,1196290.8308853596,2952,3.0,5.0,2006.0,2025-05-28,Active,8,4.7
PROP-10418,Commercial Space / Office in Brooklyn,NY,Brooklyn,Commercial,5388930.381094823,4022,,2.0,1987.0,2025-05-02,Active,6,4.4
PROP-11003,1 BHK Apartment for sale in Downtown,Austin,Downtown,APT,1239060.4967866049,2496,1.0,3.0,1942.0,2024/04/21,Sold,4,3.6
PROP-10750,1 BHK Apartment for sale in Manhattan,New York,Manhattan,Apartment,878475 USD,517,1.0,2.0,1931.0,2024-12-31,Active,6,3.6
PROP-11514,Commercial Space / Office in Coral Gables,MIA,Coral Gables,COMMERCIAL,7754740.6740717795,7692,,2.0,1966.0,2024-12-03,Pending,7,4.6
PROP-10574,3 BHK Apartment for sale in West Lake Hills,austin,West Lake Hills,Apt,"$1,060,978",1376,3.0,1.0,,2024-03-19,Active,10,
PROP-12340,1 BHK Apartment for sale in Brickell,Miami,Brickell,APT,906139.230506795,1381,1.0,1.0,2009.0,2025-10-27,Active,9,4.9
PROP-12191,4 BHK Villa for sale in South Beach,Miami,South Beach,VILLA,3293384.2252035355,4781,4.0,5.0,2020.0,2025-10-08,Pending,8,4.9
PROP-13358,3 BHK Villa for sale in Brickell,miami,Brickell,villa,3073206.9120397232,5806,3.0,3.0,1987.0,2025-07-09,Pending,1,3.3
PROP-10555,1 BHK Apartment for sale in Mission District,San Francisco,Mission District,Apt,3138105.4737847336,2398,1.0,1.0,1938.0,2024-07-03,Pending,6,4.8
PROP-12779,3 BHK Apartment for sale in Downtown,Austin,Downtown,apartment,,1054,3.0,3.0,1968.0,2025-08-16,Sold,5,4.6
PROP-10902,Commercial Space / Office in River North,CHICAGO,River North,commercial,907170.9685646805,2906,,9.0,2016.0,2025-02-16,Pending,3,4.2
PROP-12491,Commercial Space / Office in Queens,N.Y.,Queens,Office,20518496.708389867,16042,,2.0,2017.0,2025-01-01,Active,10,4.6
PROP-11485,Residential plot of 7738 sqft in Lincoln Park,CHI,Lincoln Park,Plot,4380041.552162154,7738,,,,2024-09-12,Pending,10,4.7
PROP-10525,6 BHK Villa for sale in Lincoln Park,Chicago,Lincoln Park,Villa,1834932.913471401,3656,6.0,5.0,1989.0,2024-10-20,Sold,7,4.4
PROP-11272,6 BHK Villa for sale in River North,Chicago,River North,villa,935576.0849361975,2640,6.0,3.0,,2024-02-01,Pending,8,4.7
PROP-10784,Commercial Space / Office in Downtown,AUSTIN,Downtown,Office,8883743.711438961,18845,,4.0,1983.0,2025-01-15,Sold,5,3.6
PROP-11411,Residential plot of 3727 sqft in Pacific Heights,SF,Pacific Heights,Land,"$8,973,705",3727,,,,2025-05-25,Pending,1,3.1
PROP-10145,Commercial Space / Office in River North,CHI,River North,Office,6071374.33964825,17013,,4.0,1965.0,2024-08-13,Pending,4,4.1
PROP-10753,2 BHK Apartment for sale in Coral Gables,MIAMI,Coral Gables,APT,542304.0929390711,641,2.0,1.0,1999.0,2025/02/07,Active,4,4.9
PROP-11471,6 BHK Villa for sale in Mission District,SF,Mission District,Villa,5838890.15902203,3722,6.0,4.0,1999.0,06/04/2024,Active,5,3.6
PROP-12760,5 BHK Villa for sale in SOMA,San Francisco,SOMA,VILLA,6436375.711882722,4107,5.0,5.0,1988.0,2025-01-22,Sold,4,4.8
PROP-10709,4 BHK Villa for sale in SOMA,San Francisco,SOMA,VILLA,Contact Agent,4699,4.0,2.0,2014.0,2024-08-23,Sold,5,3.7
PROP-12630,Commercial Space / Office in Loop,CHICAGO,Loop,COMMERCIAL,1983945.5106294882,5741,,7.0,1961.0,2024-11-11,Active,1,4.6
PROP-11555,3 BHK Villa for sale in South Austin,AUSTIN,South Austin,VILLA,1097473.640969508,2477,3.0,5.0,2003.0,30/11/2024,Pending,5,3.7
PROP-10985,2 BHK Apartment for sale in Bronx,new york,Bronx,APT,1162862.5433407165,1173,2.0,1.0,1969.0,2024-08-23,Sold,9,
PROP-11967,6 BHK Villa for sale in Lincoln Park,Chicago,Lincoln Park,VILLA,1763547.5685498698,3102,6.0,3.0,,2024-04-30,Pending,8,5.0
PROP-13226,Residential plot of 4866 sqft in Little Havana,miami,Little Havana,Plot,2236094.382131879,4866,,,,2024/01/22,Pending,1,3.9
PROP-12879,6 BHK Villa for sale in Marina,SF,Marina,Villa,3691225 USD,3874,6.0,5.0,2007.0,2025-07-22,Sold,9,5.0
PROP-12925,Commercial Space / Office in Bronx,new york,Bronx,COMMERCIAL,1212737 USD,1362,,7.0,1965.0,2024-09-05,Pending,5,3.2
PROP-10569,3 BHK Apartment for sale in West Lake Hills,austin,West Lake Hills,apartment,710517.8513468292,948,3.0,2.0,1977.0,2025-06-09,Pending,4,3.1
PROP-10981,2 BHK Apartment for sale in Loop,chicago,Loop,apartment,195808.5998448816,609,2.0,3.0,1952.0,2025-05-05,Pending,6,4.4
PROP-11732,Residential plot of 3920 sqft in East Austin,Austin,East Austin,land,1429849 USD,3920,,,,2024-11-15,Sold,7,4.8
PROP-10005,2 BHK Apartment for sale in Marina,San Francisco,Marina,Apartment,936895.8621069917,813,2.0,3.0,1974.0,2025-01-29,Pending,9,4.6
PROP-12225,Commercial Space / Office in Queens,N.Y.,Queens,Office,24613050.118439905,21708,,4.0,2013.0,2024-11-04,Sold,7,3.2
PROP-13310,Residential plot of 3803 sqft in Bronx,NY,Bronx,Plot,3708127.9232796347,3803,,,,2024-01-04,Sold,1,3.3
PROP-11015,Residential plot of 7124 sqft in South Austin,AUSTIN,South Austin,plot,3384707 USD,7124,,,,2024-12-14,Pending,7,3.1
PROP-11268,3 BHK Villa for sale in Mission District,San Francisco,Mission District,Villa,4666799.938354325,3743,3.0,3.0,2003.0,2025-09-14,Active,4,4.5
PROP-10414,4 BHK Apartment for sale in Brooklyn,N.Y.,Brooklyn,APT,1655809.0661509286,1358,4.0,3.0,2009.0,2024-11-07,Pending,6,3.0
PROP-12517,Commercial Space / Office in Loop,Chicago,Loop,Commercial,4795424 USD,13892,,2.0,1987.0,2025-10-21,Pending,9,4.6
PROP-10268,6 BHK Villa for sale in West Lake Hills,AUSTIN,West Lake Hills,Villa,"$2,097,431",3069,6.0,4.0,1996.0,2025-04-09,Sold,9,4.2
PROP-12681,6 BHK Villa for sale in Little Havana,MIA,Little Havana,VILLA,Contact Agent,5463,6.0,3.0,,2025-06-02,Active,8,3.2
PROP-10654,6 BHK Villa for sale in East Austin,Austin,East Austin,Villa,1117971.4987338597,3465,6.0,2.0,1995.0,22/07/2025,Pending,1,4.0
PROP-11861,5 BHK Villa for sale in East Austin,ATX,East Austin,Villa,1381301.0172515684,3974,5.0,4.0,2017.0,2024-11-29,Pending,7,4.3
PROP-12954,Commercial Space / Office in Hyde Park,Chicago,Hyde Park,COMMERCIAL,1230850.7887103492,3894,,4.0,1972.0,2025-10-18,Pending,1,3.3
PROP-12270,5 BHK Villa for sale in Queens,NY,Queens,VILLA,2729744.5052091866,2352,5.0,5.0,1989.0,2025-06-01,Active,10,4.9
PROP-12829,4 BHK Villa for sale in Marina,SF,Marina,VILLA,Contact Agent,1869,4.0,5.0,1992.0,07/02/2025,Pending,4,4.4
PROP-13484,Commercial Space / Office in Queens,NY,Queens,commercial,16086369.4516204,13431,,3.0,1967.0,2025-05-04,Active,6,3.4
PROP-10162,Residential plot of 9225 sqft in East Austin,Austin,East Austin,Plot,3493684 USD,9225,,,,2024-02-23,Sold,1,4.9
PROP-10773,1 BHK Apartment for sale in Marina,San Francisco,Marina,apartment,1026983.8181188884,810,1.0,3.0,1940.0,2024-08-28,Pending,6,3.7
PROP-12495,3 BHK Villa for sale in SOMA,SAN FRANCISCO,SOMA,VILLA,2509749.209921484,1874,,3.0,1981.0,2025-01-29,Pending,8,3.8
PROP-10589,6 BHK Villa for sale in East Austin,ATX,East Austin,villa,1533644.3766789474,4281,6.0,2.0,2021.0,2025-04-28,Active,10,4.5
PROP-12965,Commercial Space / Office in East Austin,Austin,East Austin,commercial,979806.1187363238,2650,,4.0,2013.0,2024-03-22,Active,1,4.0
PROP-13139,Commercial Space / Office in Hyde Park,Chicago,Hyde Park,COMMERCIAL,2813676.6823871527,8930,,9.0,1977.0,2025-01-19,Pending,9,4.4
PROP-12216,Commercial Space / Office in Coral Gables,miami,Coral Gables,commercial,4771225.153075609,4658 sqft,,6.0,2022.0,2025-08-10,Active,4,3.9
PROP-10656,Residential plot of 6568 sqft in Brickell,miami,Brickell,Land,3942521.260502227,6568,,,,2024-01-02,Pending,2,4.3
PROP-13097,6 BHK Villa for sale in Little Havana,miami,Little Havana,Villa,1293602.6590961358,2462,6.0,2.0,2020.0,2024-01-24,Sold,2,3.9
PROP-10601,5 BHK Villa for sale in Marina,SAN FRANCISCO,Marina,villa,4424713.411786519,4279,5.0,4.0,2021.0,2024-09-30,Sold,9,4.3
PROP-12516,3 BHK Villa for sale in River North,CHICAGO,River North,Villa,1741789.4773197507,4894,3.0,4.0,1989.0,2025-11-10,Pending,8,3.3
PROP-13392,Commercial Space / Office in Hyde Park,chicago,Hyde Park,Office,646415.5999868055,2128,,9.0,1993.0,2024-06-01,Sold,10,4.2
PROP-12824,Commercial Space / Office in SOMA,SAN FRANCISCO,SOMA,Office,27068350.89837235,17865,,4.0,1968.0,2025-06-20,Sold,9,4.8
PROP-10701,3 BHK Villa for sale in Brooklyn,N.Y.,Brooklyn,Villa,7392423.761118011,5648,3.0,2.0,2018.0,2025-11-07,Sold,7,4.6
PROP-13128,Commercial Space / Office in Manhattan,New York,Manhattan,Office,16427623.201949436,8254,,7.0,2004.0,2025-08-17,Active,8,4.3
PROP-12348,3 BHK Villa for sale in Pacific Heights,San Francisco,Pacific Heights,VILLA,8858215.718935197,4363,3.0,3.0,2007.0,21/10/2024,Pending,5,3.4
PROP-10610,2 BHK Apartment for sale in Queens,new york,Queens,Apartment,2232100.792031192,1747,2.0,2.0,1985.0,2025-06-04,Sold,6,4.9
PROP-10677,Residential plot of 8285 sqft in Lincoln Park,CHICAGO,Lincoln Park,Land,4128656.9339751033,8285,,,,2025-04-06,Sold,5,4.2
PROP-13285,3 BHK Villa for sale in Mission District,SAN FRANCISCO,Mission District,villa,5748959.69075232,4031,3.0,4.0,2016.0,07/06/2025,Sold,7,4.0
PROP-11232,3 BHK Villa for sale in South Beach,MIA,South Beach,VILLA,1728762.049504562,3252,3.0,3.0,2011.0,2024-06-06,Pending,6,4.5
PROP-12651,Commercial Space / Office in Brooklyn,New York,Brooklyn,Commercial,16097874.465521496,12808,,8.0,1994.0,2024-05-08,Active,3,3.1
PROP-12392,Residential plot of 2942 sqft in Downtown,austin,Downtown,Plot,1439201.4385315832,2942,,,,2024-07-15,Sold,9,5.0
PROP-11449,4 BHK Villa for sale in Brickell,MIAMI,Brickell,Villa,1192842.330017758,2058,4.0,2.0,2023.0,2024-05-04,Sold,7,3.4
PROP-10693,Residential plot of 8163 sqft in Manhattan,N.Y.,Manhattan,Plot,16878254.790432353,8163,,,,31/05/2025,Pending,10,4.6
PROP-11513,6 BHK Villa for sale in Downtown,austin,Downtown,villa,956122.5395196329,1904,6.0,4.0,1999.0,2024-09-26,Pending,10,4.0
PROP-12935,1 BHK Apartment for sale in Lincoln Park,Chicago,Lincoln Park,APT,684140.8967139767,1410,1.0,3.0,1978.0,2024-07-24,Active,6,3.6
PROP-10760,Commercial Space / Office in Marina,SAN FRANCISCO,Marina,COMMERCIAL,10017753.754995672,-8151,,8.0,1976.0,2024-09-03,Sold,5,3.6
PROP-10384,3 BHK Villa for sale in East Austin,Austin,East Austin,villa,1686386.6752988077,4982,3.0,5.0,,2024-08-29,Active,8,4.3
PROP-10110,Residential plot of 8518 sqft in South Austin,Austin,South Austin,plot,4003617.7595419176,8518,,,,2024-07-09,Pending,5,4.1
PROP-13111,6 BHK Villa for sale in SOMA,SAN FRANCISCO,SOMA,Villa,5930682.075382213,3692,6.0,2.0,2005.0,2024-11-14,Active,6,4.5
PROP-13038,4 BHK Villa for sale in Downtown,AUSTIN,Downtown,VILLA,1883828.6733800028,3649 sqft,4.0,5.0,1997.0,2025-04-09,Pending,10,4.8
PROP-13232,Commercial Space / Office in Lincoln Park,CHICAGO,Lincoln Park,commercial,3208593.7090932303,6435,,4.0,2017.0,2024-08-14,Active,3,
PROP-13089,Residential plot of 8796 sqft in Marina,SAN FRANCISCO,Marina,Plot,8980514.322053615,8796,,,,2025-02-07,Pending,5,4.1
PROP-13403,3 BHK Apartment for sale in East Austin,AUSTIN,East Austin,Apt,429552.4708478176,1304,3.0,1.0,1963.0,2025-06-11,Sold,4,3.0
PROP-11990,6 BHK Villa for sale in Brickell,miami,Brickell,VILLA,1250920.376100846,2243,6.0,2.0,1988.0,2024-01-05,Active,2,3.0
PROP-10856,Residential plot of 1801 sqft in Marina,SF,Marina,land,1867113.6016073984,1801,,,,2025-03-19,Active,1,4.5
PROP-13475,Commercial Space / Office in Little Havana,MIAMI,Little Havana,COMMERCIAL,6679009.115711866,14263,,9.0,1982.0,2025-01-22,Pending,7,3.8
PROP-10542,1 BHK Apartment for sale in Manhattan,new york,Manhattan,apartment,3629873.7584651173,2247,1.0,2.0,1968.0,12/02/2025,Active,9,4.7
PROP-13071,3 BHK Villa for sale in Lincoln Park,CHI,Lincoln Park,VILLA,2981769.4772572583,5799,3.0,3.0,2013.0,2025-10-19,Sold,8,4.8
PROP-12561,Residential plot of 3919 sqft in Coral Gables,MIAMI,Coral Gables,plot,3606318.4422733607,3919,,,,2024-04-15,Active,3,3.6
PROP-13482,Commercial Space / Office in Little Havana,Miami,Little Havana,Office,6321535.520827858,12077,,7.0,2018.0,23/01/2025,Active,9,4.6
PROP-13009,Residential plot of 3526 sqft in Pacific Heights,SF,Pacific Heights,Land,7822840.149196667,3526,,,,2025-09-07,Pending,9,4.8
PROP-10697,Residential plot of 4559 sqft in South Austin,ATX,South Austin,plot,2219169.022799151,4559,,,,2024-01-28,Pending,2,4.7
PROP-11758,Residential plot of 7531 sqft in Brooklyn,N.Y.,Brooklyn,Land,9402169.132199783,7531 sqft,,,,2024-03-25,Sold,8,4.8
PROP-13024,Residential plot of 4068 sqft in SOMA,SF,SOMA,Plot,5679610.693551316,4068,,,,2024-03-13,Pending,7,3.4
PROP-13265,5 BHK Villa for sale in Hyde Park,CHI,Hyde Park,Villa,606252.1130208664,2542,5.0,4.0,1987.0,2025-07-02,Pending,5,3.3
PROP-10605,Commercial Space / Office in Coral Gables,miami,Coral Gables,Office,6772690.387914912,8806,,4.0,,2025/11/29,Active,4,4.5
PROP-12942,3 BHK Apartment for sale in South Austin,austin,South Austin,APT,801667.0817177899,1661,,2.0,1941.0,2024-06-21,Sold,7,3.1
PROP-13093,6 BHK Villa for sale in Brickell,miami,Brickell,Villa,3305925.1005992224,5056 sqft,6.0,3.0,2004.0,2024-10-21,Sold,4,
PROP-12376,3 BHK Apartment for sale in SOMA,san francisco,SOMA,Apt,2241767.6802944476,1802,3.0,1.0,1935.0,2024-05-09,Sold,8,4.9
PROP-11468,Commercial Space / Office in Brickell,Miami,Brickell,Office,12339662.539376074,18082,,7.0,2009.0,2024-02-17,Pending,5,3.7
PROP-10959,1 BHK Apartment for sale in Loop,chicago,Loop,APT,256333.3046472177,694,1.0,1.0,1967.0,2025-09-21,Sold,9,4.8
PROP-12868,Residential plot of 2087 sqft in Brickell,MIAMI,Brickell,plot,1131332.2482517208,2087 sqft,,,,2024-02-21,Pending,10,4.3
PROP-10716,1 BHK Apartment for sale in River North,CHI,River North,Apartment,529507.5077363088,1709,1.0,3.0,1932.0,2024-09-01,Sold,10,4.4
PROP-13242,4 BHK Villa for sale in West Lake Hills,Austin,West Lake Hills,villa,2130137.7093796157,3589,4.0,4.0,1996.0,2025-01-26,Sold,7,4.2
PROP-12979,Residential plot of 8556 sqft in West Lake Hills,austin,West Lake Hills,land,5205502.497916178,8556 sqft,,,,2024-08-15,Pending,4,4.3
PROP-10107,4 BHK Villa for sale in Mission District,san francisco,Mission District,Villa,4974363.8210045,3648,4.0,2.0,1986.0,2025-04-28,Active,1,4.9
PROP-11802,3 BHK Apartment for sale in Bronx,NEW YORK,Bronx,APT,2115975.74191058,2118,3.0,1.0,1920.0,2024-05-04,Pending,2,3.6
PROP-10029,1 BHK Apartment for sale in Marina,san francisco,Marina,Apt,1876375.7807176907,1712,1.0,1.0,2002.0,2025-04-17,Pending,7,3.7
PROP-13416,Residential plot of 2089 sqft in River North,CHICAGO,River North,land,656669.1937670532,2089,,,,2024-10-25,Active,6,
PROP-13210,6 BHK Villa for sale in Pacific Heights,SAN FRANCISCO,Pacific Heights,VILLA,6605021.955517992,3091,6.0,4.0,1993.0,2024-06-08,Pending,3,4.7
PROP-12486,Residential plot of 3674 sqft in Queens,NEW YORK,Queens,Plot,4459183.500851692,3674,,,,01/10/2025,Pending,5,3.4
PROP-13022,1 BHK Apartment for sale in Hyde Park,CHI,Hyde Park,Apartment,"$292,958",972,1.0,2.0,2023.0,01/03/2025,Pending,4,3.2
PROP-12796,4 BHK Villa for sale in Mission District,San Francisco,Mission District,villa,4097096.6250597066,3052,4.0,5.0,1981.0,2025-01-27,Sold,5,4.1
PROP-10751,Residential plot of 3618 sqft in South Austin,AUSTIN,South Austin,Plot,1823871.0756831805,3618,,,,2024-06-04,Active,9,4.4
PROP-13229,Commercial Space / Office in Manhattan,NY,Manhattan,Office,9118540.29929818,5145,,7.0,1971.0,2024-07-15,Sold,7,3.5
PROP-10584,1 BHK Apartment for sale in West Lake Hills,AUSTIN,West Lake Hills,Apartment,1367439.627575044,2016,1.0,3.0,1946.0,2025-07-29,Pending,3,3.4
PROP-11220,3 BHK Apartment for sale in Queens,NY,Queens,Apt,1426479.9327354748,1171,3.0,1.0,1985.0,2024/01/21,Pending,10,4.2
PROP-12678,3 BHK Villa for sale in Lincoln Park,CHICAGO,Lincoln Park,Villa,2083148.8411735487,3591,3.0,3.0,1997.0,2024-08-12,Active,2,3.4
PROP-11886,Commercial Space / Office in Brooklyn,New York,Brooklyn,Office,13039064.994990993,9589,,10.0,1988.0,2024-10-15,Sold,4,3.7
PROP-12953,Residential plot of 6821 sqft in Marina,san francisco,Marina,land,8724766.583712291,6821,,,,2025-04-12,Active,4,
PROP-10055,Commercial Space / Office in East Austin,Austin,East Austin,Commercial,2127189.1042569936,5612,,5.0,2015.0,2025/11/21,Sold,6,3.2
PROP-10548,Commercial Space / Office in East Austin,Austin,East Austin,Office,5011613.37212318,14567,,8.0,1982.0,2025-07-09,Pending,2,4.9
PROP-10310,4 BHK Apartment for sale in South Austin,austin,South Austin,Apt,290431.5258618017,734,4.0,2.0,1991.0,2025-03-31,Pending,2,4.2
PROP-11958,6 BHK Villa for sale in Queens,NEW YORK,Queens,Villa,4912583.795340928,4448,6.0,2.0,1988.0,18/03/2024,Sold,10,4.5
PROP-13291,3 BHK Villa for sale in East Austin,Austin,East Austin,Villa,1213106.3477607695,3830,3.0,2.0,2012.0,2024-12-28,Sold,9,4.8
PROP-10004,Commercial Space / Office in Pacific Heights,san francisco,Pacific Heights,Office,43066159.07597621,22064,,9.0,1969.0,2024-09-09,Sold,5,4.5
PROP-11899,2 BHK Apartment for sale in West Lake Hills,Austin,West Lake Hills,Apt,450157.39970350923,603,2.0,3.0,1987.0,2024-03-19,Sold,6,3.2
PROP-12338,5 BHK Villa for sale in Mission District,san francisco,Mission District,villa,6526658.725918972,4060,5.0,2.0,2015.0,2024-01-21,Pending,1,4.2
PROP-10202,1 BHK Apartment for sale in Manhattan,New York,Manhattan,Apartment,3317964.405147503,1912 sqft,1.0,2.0,1976.0,2025-07-14,Sold,5,3.4
PROP-10502,Commercial Space / Office in Hyde Park,CHICAGO,Hyde Park,commercial,2900431.228336838,11000,,3.0,2020.0,16/11/2024,Sold,2,3.2
PROP-12060,Residential plot of 1466 sqft in Queens,N.Y.,Queens,Land,1740469.8298023117,1466 sqft,,,,2024-05-26,Active,7,3.3
PROP-11008,6 BHK Villa for sale in Brickell,MIAMI,Brickell,villa,2473453.169647435,3666,6.0,4.0,2005.0,2025-07-07,Pending,1,3.9
PROP-11203,4 BHK Villa for sale in Coral Gables,miami,Coral Gables,Villa,"$2,943,625",3378,4.0,4.0,1995.0,2024-06-16,Active,1,4.6
PROP-10344,Residential plot of 5380 sqft in Brickell,miami,Brickell,Land,3231453.287431088,5380,,,,2025-03-09,Active,6,3.7
PROP-10137,Commercial Space / Office in Little Havana,MIA,Little Havana,Commercial,6389195.99099024,12781,,10.0,1998.0,2024-03-28,Active,6,3.3
PROP-11265,Commercial Space / Office in SOMA,San Francisco,SOMA,Commercial,12791962.267422022,10478,,8.0,2007.0,2025-09-24,Sold,6,4.2
PROP-11575,Commercial Space / Office in South Austin,ATX,South Austin,COMMERCIAL,3907597.944362631,10036,,4.0,2012.0,2025-02-11,Sold,6,
PROP-12063,5 BHK Villa for sale in River North,Chicago,River North,villa,1206512.5025677125,3280,5.0,2.0,2017.0,2025/08/26,Pending,10,4.1
PROP-11686,Commercial Space / Office in Queens,new york,Queens,COMMERCIAL,3076792.249808957,2289,,7.0,1965.0,2024-07-11,Sold,4,4.7
PROP-13106,4 BHK Villa for sale in West Lake Hills,AUSTIN,West Lake Hills,villa,3185234.297572679,5197,4.0,5.0,2001.0,2024-04-19,Pending,9,4.8
PROP-12839,4 BHK Villa for sale in Pacific Heights,SF,Pacific Heights,VILLA,"$11,011,761",5764,4.0,5.0,1997.0,25/07/2024,Pending,2,4.5
PROP-10738,Commercial Space / Office in Bronx,NY,Bronx,COMMERCIAL,7128528.330060884,0,,9.0,1976.0,2025-10-03,Active,8,3.3
PROP-13049,5 BHK Villa for sale in South Beach,MIAMI,South Beach,Villa,3020327.9657944907,5053,5.0,5.0,1999.0,2024/02/15,Sold,10,4.5
PROP-12194,Residential plot of 1322 sqft in Brickell,MIA,Brickell,land,711485.4895927757,1322,,,,2024-09-12,Sold,9,4.4
PROP-10090,Residential plot of 1530 sqft in Brooklyn,NEW YORK,Brooklyn,land,1893886 USD,1530,,,,2025-11-26,Pending,6,3.9
PROP-13407,Commercial Space / Office in Coral Gables,MIAMI,Coral Gables,commercial,8437633.245082844,8541,,8.0,1986.0,2025-11-10,Active,4,3.7
PROP-11326,Residential plot of 8882 sqft in Pacific Heights,SAN FRANCISCO,Pacific Heights,land,16641577.755024856,8882,,,,2025/06/30,Active,10,4.5
PROP-12501,Residential plot of 6471 sqft in Brickell,Miami,Brickell,plot,4444117.523357546,6471,,,,13/12/2024,Sold,5,4.7
PROP-12299,6 BHK Villa for sale in West Lake Hills,austin,West Lake Hills,VILLA,3200364.8620232465,4169,6.0,2.0,2021.0,2024-09-06,Sold,8,
PROP-12643,Commercial Space / Office in West Lake Hills,Austin,West Lake Hills,commercial,2034827.4427885318,3129,,9.0,1973.0,30/04/2025,Active,9,4.2
PROP-10624,Commercial Space / Office in Loop,chicago,Loop,COMMERCIAL,8394457.800407996,22646 sqft,,3.0,1982.0,2024-05-11,Pending,8,4.2
PROP-10069,Residential plot of 9394 sqft in River North,CHI,River North,plot,"$2,906,981",9394,,,,2025-03-16,Sold,10,4.7
PROP-10889,2 BHK Apartment for sale in River North,CHI,River North,Apartment,285153.14994187956,738,2.0,2.0,2019.0,2024/02/13,Active,9,4.4
PROP-13430,3 BHK Apartment for sale in Lincoln Park,CHICAGO,Lincoln Park,Apartment,1102220.5279134456,2230,3.0,1.0,1966.0,2025-09-02,Pending,10,4.5
PROP-10983,2 BHK Apartment for sale in SOMA,San Francisco,SOMA,apartment,3903125.169925828,2434,2.0,1.0,2011.0,2024-10-19,Sold,10,4.6
PROP-10788,4 BHK Villa for sale in South Beach,MIA,South Beach,Villa,2838973.4932280267,4311,4.0,5.0,1999.0,2025-07-08,Active,3,3.0
PROP-11048,Residential plot of 7119 sqft in Little Havana,miami,Little Havana,plot,3895202.6387076834,7119,,,,26/12/2024,Sold,4,4.8
PROP-11325,Commercial Space / Office in SOMA,SF,SOMA,Office,13886437.600964868,9608,,3.0,1979.0,2024-01-27,Sold,8,3.0
PROP-12404,Residential plot of 9399 sqft in Mission District,San Francisco,Mission District,Plot,14055196.919339856,9399,,,,2024-09-04,Sold,1,3.1
PROP-10947,Residential plot of 5277 sqft in Pacific Heights,San Francisco,Pacific Heights,Land,12587418.65301244,5277,,,,11/06/2024,Sold,1,3.4
PROP-10877,Residential plot of 9969 sqft in South Beach,MIAMI,South Beach,plot,6786099.070506335,9969,,,,25/05/2025,Active,10,4.7
PROP-12449,4 BHK Villa for sale in Queens,new york,Queens,villa,4925544.448346208,4532,4.0,2.0,1995.0,19/11/2025,Sold,7,3.7
PROP-11166,5 BHK Villa for sale in Pacific Heights,SF,Pacific Heights,villa,7799681.497399658,3724,5.0,5.0,1985.0,2025-02-23,Active,6,4.5
PROP-12513,Commercial Space / Office in Lincoln Park,Chicago,Lincoln Park,Commercial,8562610.633120988,18741,,2.0,1967.0,2024-02-29,Pending,8,4.8
PROP-10293,2 BHK Apartment for sale in Hyde Park,chicago,Hyde Park,apartment,745455.1490712047,2466,2.0,1.0,1999.0,2024-01-13,Pending,9,4.6
PROP-13495,Residential plot of 1243 sqft in East Austin,AUSTIN,East Austin,land,495800.90775544074,1243,,,,2025-11-10,Sold,9,4.9
PROP-12073,Commercial Space / Office in Queens,new york,Queens,commercial,8452156.461930942,6912,,7.0,2012.0,2024-03-21,Active,4,3.0
PROP-10445,2 BHK Apartment for sale in Brooklyn,NEW YORK,Brooklyn,Apartment,2870238.889924037,2202,2.0,2.0,2003.0,2024-04-23,Active,5,3.9
PROP-11492,4 BHK Apartment for sale in River North,CHICAGO,River North,APT,566184.9830270524,1722,4.0,2.0,,2024-03-18,Pending,4,4.3
PROP-12034,6 BHK Villa for sale in Little Havana,miami,Little Havana,Villa,2142412.323819414,4785,6.0,2.0,1998.0,2025-01-07,Sold,2,4.5
PROP-12786,6 BHK Villa for sale in Bronx,new york,Bronx,Villa,6340687.357298134,5810,6.0,3.0,1994.0,2024-06-12,Active,9,4.5
PROP-12533,Commercial Space / Office in Lincoln Park,Chicago,Lincoln Park,COMMERCIAL,4547347.505518015,8910,,2.0,1999.0,2025-05-26,Sold,4,
PROP-12352,3 BHK Apartment for sale in Lincoln Park,CHI,Lincoln Park,apartment,762674.9408646639,1450,3.0,2.0,2013.0,2025/03/04,Active,7,4.0
PROP-10984,Commercial Space / Office in Pacific Heights,san francisco,Pacific Heights,commercial,4632938.324092106,2006 sqft,,5.0,2015.0,2025-07-05,Active,2,4.8
PROP-10148,5 BHK Villa for sale in Lincoln Park,chicago,Lincoln Park,Villa,1214108.4211617217,2286,5.0,4.0,2018.0,2024/11/27,Pending,5,4.1
PROP-13002,Residential plot of 5903 sqft in Coral Gables,MIA,Coral Gables,land,5100224.0044463575,5903,,,,2025-08-18,Active,8,4.1
PROP-11922,4 BHK Apartment for sale in Pacific Heights,SF,Pacific Heights,Apt,3938305.271323708,1799,4.0,3.0,1977.0,2025-10-09,Active,5,4.1
PROP-10669,Commercial Space / Office in West Lake Hills,austin,West Lake Hills,commercial,8762116.803421615,13400,,3.0,1966.0,2024/08/04,Sold,5,3.4
PROP-11601,Commercial Space / Office in South Beach,MIAMI,South Beach,commercial,11900163.101705154,21718,,5.0,1989.0,2025-03-06,Pending,10,4.7
PROP-13153,Residential plot of 3150 sqft in East Austin,AUSTIN,East Austin,land,1016404.0786478037,3150,,,,2024-01-29,Pending,9,4.9
PROP-11269,4 BHK Apartment for sale in Brooklyn,NY,Brooklyn,Apartment,2363313.3972789813,1776,4.0,1.0,1937.0,2025-04-19,Pending,5,
PROP-10128,5 BHK Villa for sale in South Beach,miami,South Beach,VILLA,3606057.9049245785,5695 sqft,5.0,2.0,1984.0,14/10/2024,Sold,3,3.4
PROP-10367,Commercial Space / Office in Brooklyn,NY,Brooklyn,COMMERCIAL,31795515.595412474,24379,,6.0,2008.0,2025/10/21,Pending,8,4.3
PROP-13483,5 BHK Villa for sale in Pacific Heights,san francisco,Pacific Heights,villa,5310992.197042087,2380,5.0,4.0,2024.0,2024-05-04,Active,2,4.3
PROP-11711,4 BHK Villa for sale in Queens,new york,Queens,villa,4852649.989244471,0,4.0,4.0,2005.0,2024-05-12,Pending,8,3.3
PROP-13161,3 BHK Villa for sale in Manhattan,N.Y.,Manhattan,Villa,8347793.792190017,4279,3.0,5.0,1987.0,2024-11-16,Active,6,4.2
PROP-11155,1 BHK Apartment for sale in River North,chicago,River North,Apartment,156863.36489909198,506,1.0,1.0,1952.0,2024-01-03,Active,7,4.1
PROP-13459,Commercial Space / Office in Brooklyn,New York,Brooklyn,commercial,20721648.6993481,19470,,6.0,1993.0,2025/03/28,Active,5,4.9
PROP-12849,2 BHK Apartment for sale in Bronx,new york,Bronx,apartment,1914177.4155254622,1955,2.0,2.0,1930.0,2025-06-02,Active,9,4.1
PROP-10851,Commercial Space / Office in South Beach,Miami,South Beach,Commercial,9948690.105937876,16375,,7.0,1985.0,2024-09-27,Sold,6,3.2
PROP-12365,Residential plot of 9038 sqft in Hyde Park,Chicago,Hyde Park,plot,2645902.964309259,9038,,,,2024-03-22,Sold,3,
PROP-12683,3 BHK Villa for sale in Queens,new york,Queens,Villa,6594164.063356487,5128,3.0,5.0,2005.0,28/09/2025,Pending,5,4.4
PROP-13345,Commercial Space / Office in South Austin,ATX,South Austin,COMMERCIAL,12111299.969220052,24547,,9.0,2003.0,2024/08/06,Active,8,3.3
PROP-11710,6 BHK Villa for sale in South Beach,Miami,South Beach,VILLA,3179379.213750523,5933,6.0,2.0,2004.0,2024-08-17,Pending,10,
PROP-11974,1 BHK Apartment for sale in SOMA,san francisco,SOMA,APT,2452133.205781587,1653,1.0,1.0,1979.0,2024-05-05,Active,3,3.6
PROP-11579,Commercial Space / Office in Downtown,Austin,Downtown,commercial,8750304.016622331,20803,,9.0,1965.0,2024/06/17,Pending,8,4.7
PROP-11716,Residential plot of 3832 sqft in Brooklyn,NEW YORK,Brooklyn,Plot,,3832,,,,2025-03-22,Sold,1,4.2
PROP-13063,2 BHK Apartment for sale in Downtown,Austin,Downtown,Apt,555479.1951581716,1249,2.0,2.0,1953.0,2025-02-06,Sold,9,4.6
PROP-13076,5 BHK Villa for sale in Manhattan,NY,Manhattan,Villa,3989059.076864403,2015,5.0,3.0,2022.0,2025/03/30,Pending,10,4.5
PROP-11186,3 BHK Apartment for sale in Mission District,SF,Mission District,APT,1817445.4527790076,1286,3.0,3.0,,2025-10-18,Pending,1,3.4
PROP-13018,Residential plot of 3633 sqft in Pacific Heights,SF,Pacific Heights,plot,7460284.807074544,0,,,,19/09/2024,Pending,7,3.5
PROP-12325,Commercial Space / Office in Brickell,MIAMI,Brickell,Office,10839689.16398858,20888,,8.0,1986.0,2024-12-01,Sold,6,3.8
PROP-12854,3 BHK Apartment for sale in Brooklyn,NEW YORK,Brooklyn,apartment,2301029.9165417943,2106,3.0,1.0,1944.0,2025-02-15,Pending,5,5.0
PROP-13020,3 BHK Villa for sale in Little Havana,miami,Little Havana,villa,1756763.3949297515,3487,3.0,3.0,2023.0,2024-03-22,Pending,9,4.5
PROP-11218,3 BHK Villa for sale in SOMA,San Francisco,SOMA,Villa,8172339.094873949,5161,3.0,2.0,2021.0,2025-09-24,Sold,4,4.9
PROP-11028,6 BHK Villa for sale in SOMA,san francisco,SOMA,VILLA,7995876.045869283,5395,6.0,4.0,1988.0,2024-04-15,Sold,6,
PROP-10151,Residential plot of 9967 sqft in Hyde Park,CHICAGO,Hyde Park,Land,2856008.2257683957,9967,,,,02/08/2025,Pending,1,
PROP-11858,Residential plot of 2504 sqft in West Lake Hills,austin,West Lake Hills,plot,1847578.0636980168,2504,,,,04/12/2024,Pending,5,4.3
PROP-12180,Commercial Space / Office in Downtown,AUSTIN,Downtown,COMMERCIAL,8420324.509149116,20207,,7.0,1966.0,2025-08-19,Active,10,
PROP-11033,Commercial Space / Office in South Austin,austin,South Austin,COMMERCIAL,593596.6710729704,1279,,6.0,2001.0,2024-06-20,Active,3,3.8
PROP-11383,Commercial Space / Office in SOMA,SAN FRANCISCO,SOMA,COMMERCIAL,27859299.89145824,20642,,10.0,2014.0,2025-09-19,Pending,10,4.1
PROP-10915,2 BHK Apartment for sale in Loop,CHICAGO,Loop,Apt,691736.5326748635,1817,2.0,3.0,2000.0,2025-01-12,Pending,1,4.3
PROP-11305,Commercial Space / Office in Coral Gables,MIA,Coral Gables,COMMERCIAL,22464847.166858595,24044,,6.0,1964.0,2025-03-31,Pending,6,3.4
PROP-12263,4 BHK Villa for sale in West Lake Hills,ATX,West Lake Hills,villa,2108388.9001350184,2994,4.0,3.0,1983.0,2024-10-27,Active,2,3.8
PROP-12544,2 BHK Apartment for sale in Brooklyn,New York,Brooklyn,APT,2580862.754999679,2400,2.0,2.0,1988.0,10/02/2025,Sold,8,4.3
PROP-10629,1 BHK Apartment for sale in Downtown,Austin,Downtown,Apt,251109.31637054167,541,1.0,3.0,,2024-06-04,Sold,9,4.6
PROP-10509,6 BHK Villa for sale in River North,CHI,River North,villa,2020135 USD,5075,6.0,3.0,1987.0,2024-01-22,Pending,9,
PROP-12355,Commercial Space / Office in Loop,chicago,Loop,Commercial,3536945.214107701,11209,,4.0,1983.0,2025-11-19,Pending,9,4.4
PROP-11273,Residential plot of 2163 sqft in Queens,N.Y.,Queens,Plot,2497843.599207669,2163,,,,2024-07-22,Active,8,3.5
PROP-11602,3 BHK Apartment for sale in Little Havana,MIAMI,Little Havana,APT,528860.6257846629,1209,3.0,3.0,1990.0,17/04/2025,Pending,7,4.0
PROP-12702,4 BHK Villa for sale in East Austin,AUSTIN,East Austin,villa,1226053.5214495058,3828 sqft,4.0,5.0,1983.0,2024-10-31,Active,7,4.2
PROP-12264,6 BHK Villa for sale in Downtown,AUSTIN,Downtown,Villa,1643905.7372622963,4086,6.0,5.0,2000.0,2025-05-22,Pending,8,3.4
PROP-10536,5 BHK Villa for sale in South Beach,Miami,South Beach,VILLA,1031980.8472608404,1889 SQFT,5.0,3.0,2015.0,2024-02-03,Active,10,
PROP-10748,Commercial Space / Office in Pacific Heights,san francisco,Pacific Heights,Office,15350963.496679757,6908,,9.0,1961.0,2025-01-30,Active,5,5.0
PROP-12301,3 BHK Apartment for sale in Loop,Chicago,Loop,apartment,898724.9576141833,2331,3.0,1.0,,2024-05-09,Sold,10,4.4
PROP-11398,4 BHK Apartment for sale in Little Havana,Miami,Little Havana,Apt,1077141.1652494327,2192 SQFT,4.0,2.0,,2025-06-17,Active,3,3.8
PROP-13146,Residential plot of 9993 sqft in South Austin,ATX,South Austin,Plot,4054885.2013084716,9993,,,,2025-10-31,Active,9,
PROP-11310,Residential plot of 7893 sqft in Loop,chicago,Loop,Plot,2754950.057574325,7893,,,,2025-04-16,Pending,9,4.9
PROP-11611,Commercial Space / Office in West Lake Hills,Austin,West Lake Hills,commercial,8816330.261319423,14640,,3.0,1980.0,2025-02-04,Sold,5,3.6
PROP-12044,Residential plot of 9500 sqft in Queens,N.Y.,Queens,plot,12099837.00148013,9500,,,,2024-11-25,Sold,10,5.0
PROP-10911,Commercial Space / Office in Brickell,MIAMI,Brickell,Office,12615328.972550903,20469 sqft,,2.0,1995.0,2025-11-29,Pending,10,4.3
PROP-12728,3 BHK Villa for sale in Marina,SF,Marina,Villa,4672207.067598735,4035,3.0,5.0,1990.0,2024-03-07,Active,7,4.8
PROP-12550,Residential plot of 9870 sqft in South Beach,MIAMI,South Beach,Land,5177386.457062699,9870,,,,2024-03-13,Sold,4,3.9
PROP-12406,1 BHK Apartment for sale in Marina,San Francisco,Marina,Apt,3025373.6160563803,2460,1.0,3.0,1974.0,2025-06-19,Pending,5,4.7
PROP-11515,Commercial Space / Office in River North,CHICAGO,River North,commercial,"$1,256,664",3427,,5.0,1984.0,2024-02-23,Active,3,4.7
PROP-13431,Residential plot of 2480 sqft in Marina,san francisco,Marina,Plot,3043548.3090296322,2480,,,,2024-12-10,Sold,6,
PROP-10899,Residential plot of 1664 sqft in Brickell,miami,Brickell,Land,1104620.8510865427,1664,,,,2024-06-17,Active,1,3.0
PROP-12735,4 BHK Villa for sale in Pacific Heights,SF,Pacific Heights,Villa,12406122.025112458,5582,4.0,4.0,2000.0,2024-10-10,Sold,4,4.4
PROP-12182,Residential plot of 5872 sqft in Little Havana,MIA,Little Havana,plot,3085854.425236233,5872,,,,22/07/2024,Pending,2,3.9
PROP-10471,Commercial Space / Office in Queens,NY,Queens,commercial,19740092.968077127,16424,,9.0,1987.0,2025-03-19,Pending,1,4.5
PROP-10967,3 BHK Apartment for sale in South Beach,MIA,South Beach,Apartment,470421.7371902876,682,3.0,1.0,1947.0,2024-04-25,Sold,6,3.7
PROP-10459,Commercial Space / Office in West Lake Hills,austin,West Lake Hills,commercial,4485921.852180961,6884,,8.0,1989.0,2025-11-05,Sold,2,3.8
PROP-12181,Residential plot of 9435 sqft in South Beach,Miami,South Beach,Land,5991546.216298999,9435,,,,2024-07-06,Sold,5,4.0
PROP-10608,3 BHK Apartment for sale in Little Havana,MIAMI,Little Havana,apartment,315549.2159148612,624,3.0,2.0,1922.0,2024-12-27,Active,10,4.1
PROP-12238,Residential plot of 7624 sqft in Coral Gables,Miami,Coral Gables,plot,7168591 USD,7624,,,,2025-03-25,Active,3,3.1
PROP-10815,2 BHK Apartment for sale in South Beach,Miami,South Beach,APT,1412951.261127716,2173,,3.0,1935.0,2025-07-20,Sold,5,3.3
PROP-10209,Residential plot of 1824 sqft in Hyde Park,chicago,Hyde Park,Land,511781.6845603749,1824,,,,2025-07-17,Pending,4,3.2
PROP-11961,Residential plot of 3096 sqft in Marina,SF,Marina,land,3410631.5516657396,3096,,,,2025-05-28,Pending,2,4.1
PROP-10896,5 BHK Villa for sale in Loop,CHI,Loop,VILLA,1288785.7294548277,3568,5.0,3.0,2013.0,2024-11-29,Sold,6,
PROP-10795,3 BHK Apartment for sale in SOMA,san francisco,SOMA,Apt,1817116.7039824876,1516,3.0,3.0,1975.0,21/06/2025,Pending,10,4.5
PROP-11719,3 BHK Villa for sale in Mission District,San Francisco,Mission District,Villa,3865205.839564348,3155,3.0,3.0,2012.0,2024-08-17,Pending,10,4.6
PROP-12485,Residential plot of 8855 sqft in SOMA,san francisco,SOMA,land,11348666.344265796,8855,,,,2024-03-22,Pending,8,3.7
PROP-11773,Commercial Space / Office in Pacific Heights,SAN FRANCISCO,Pacific Heights,COMMERCIAL,15635828.995086359,6793,,3.0,1971.0,2024-12-30,Active,9,4.0
PROP-13373,Residential plot of 8401 sqft in Manhattan,NY,Manhattan,land,14240763.758142496,8401 sqft,,,,2024-04-28,Active,3,3.2
PROP-10251,4 BHK Villa for sale in Hyde Park,CHI,Hyde Park,VILLA,878131.6074564393,2874,4.0,2.0,1997.0,2025-07-22,Pending,4,3.3
PROP-11209,Commercial Space / Office in Little Havana,MIA,Little Havana,commercial,,9550,,9.0,1998.0,2025-01-18,Pending,3,3.3
PROP-12744,1 BHK Apartment for sale in Mission District,san francisco,Mission District,Apt,2377037.3201543954,1873,1.0,2.0,2005.0,2024/06/17,Active,9,4.5
PROP-11517,5 BHK Villa for sale in East Austin,austin,East Austin,VILLA,1597891.4085938428,4174,5.0,2.0,2017.0,2024-05-04,Sold,1,4.9
PROP-12995,Commercial Space / Office in Coral Gables,MIAMI,Coral Gables,Office,4253217 USD,4333,,9.0,1989.0,2025-11-12,Pending,10,4.6
PROP-13131,Residential plot of 3525 sqft in Coral Gables,MIAMI,Coral Gables,Plot,3065436.983358468,3525,,,,2025-09-02,Pending,1,3.7
PROP-11251,6 BHK Villa for sale in SOMA,SAN FRANCISCO,SOMA,Villa,9146963.321236193,5768,6.0,5.0,2018.0,2024-04-14,Pending,10,4.4
PROP-11128,Residential plot of 6163 sqft in Brickell,MIA,Brickell,plot,3530912.8172028167,6163,,,,2024-09-06,Active,10,4.5
PROP-12948,4 BHK Villa for sale in Bronx,New York,Bronx,VILLA,4614768.0891793175,4669,4.0,3.0,2011.0,2024-01-02,Active,5,4.8
PROP-11311,Commercial Space / Office in Loop,CHI,Loop,commercial,1653200.3463162358,4327,,4.0,2013.0,2024-08-11,Pending,6,4.3
PROP-11593,Residential plot of 1887 sqft in Queens,NEW YORK,Queens,land,2470894.1343903253,1887,,,,2024-09-30,Sold,1,3.5
PROP-12817,Residential plot of 9244 sqft in Mission District,SF,Mission District,Land,"$12,718,870",9244,,,,07/05/2024,Active,3,3.0
PROP-12526,Residential plot of 5764 sqft in Hyde Park,CHI,Hyde Park,Plot,1600682.283906163,5764,,,,2024-08-28,Sold,5,3.9
PROP-10057,6 BHK Villa for sale in Loop,Chicago,Loop,VILLA,1070959.9652226488,2911,6.0,5.0,2003.0,2025-07-07,Sold,3,4.8
PROP-11699,3 BHK Villa for sale in South Beach,MIA,South Beach,VILLA,3038463.5671099,5799,3.0,5.0,2006.0,2024-11-01,Sold,8,4.0
PROP-11322,5 BHK Villa for sale in Brooklyn,new york,Brooklyn,VILLA,4841970.7256165985,3603,5.0,2.0,1984.0,2024-08-01,Pending,9,4.4
PROP-10176,Residential plot of 3872 sqft in Hyde Park,chicago,Hyde Park,plot,1044604.6744066598,3872,,,,2024-10-28,Sold,1,4.9
PROP-13244,6 BHK Villa for sale in River North,CHI,River North,Villa,559850.3227530728,1826,6.0,2.0,2014.0,2024-04-09,Pending,5,4.7
PROP-12303,4 BHK Apartment for sale in Loop,CHICAGO,Loop,APT,669425.8456047449,2148,4.0,2.0,1927.0,2025/01/08,Sold,1,4.4
PROP-13054,1 BHK Apartment for sale in East Austin,ATX,East Austin,APT,262260.7993593619,818,1.0,2.0,1946.0,2024-09-11,Sold,6,4.0
PROP-11267,1 BHK Apartment for sale in Loop,CHICAGO,Loop,Apt,317403.1042694901,984,,2.0,1970.0,2024-01-09,Active,9,4.1
PROP-12056,2 BHK Apartment for sale in South Beach,MIA,South Beach,Apt,391455.33989185555,598,2.0,1.0,2014.0,2024-08-24,Pending,7,3.6
PROP-10292,Commercial Space / Office in Hyde Park,Chicago,Hyde Park,commercial,3240554.1924380516,13408,,10.0,1984.0,2024/06/23,Sold,3,3.3
PROP-11142,Commercial Space / Office in West Lake Hills,Austin,West Lake Hills,commercial,10504505.130372241,13772,,6.0,2015.0,2025-02-20,Active,6,3.2
PROP-12375,Residential plot of 1166 sqft in Lincoln Park,chicago,Lincoln Park,Plot,595635.1660013238,1166,,,,04/10/2025,Sold,2,3.0
PROP-11985,Commercial Space / Office in Coral Gables,Miami,Coral Gables,Office,"$6,666,112",7266,,8.0,1990.0,12/09/2025,Active,2,4.6
PROP-13338,1 BHK Apartment for sale in South Austin,austin,South Austin,apartment,929848.4009874291,1875,1.0,1.0,2015.0,2024-11-29,Pending,5,4.3
PROP-12021,Residential plot of 2271 sqft in Queens,New York,Queens,plot,2813769.8506814935,2271,,,,2024-10-14,Active,6,3.1
PROP-10183,Commercial Space / Office in Hyde Park,chicago,Hyde Park,Commercial,2504229.8059480404,9627,,9.0,1989.0,2024-10-02,Active,2,3.2
PROP-11170,Residential plot of 1281 sqft in South Austin,AUSTIN,South Austin,plot,Contact Agent,1281,,,,2025-11-06,Pending,2,4.5
PROP-12597,Residential plot of 1266 sqft in South Austin,Austin,South Austin,plot,606093 USD,1266 SQFT,,,,2025-02-28,Pending,2,3.3
PROP-10272,Residential plot of 7997 sqft in Marina,San Francisco,Marina,land,9985285.077463701,7997,,,,2024-06-19,Sold,7,4.0
PROP-12042,3 BHK Villa for sale in Little Havana,miami,Little Havana,Villa,1433622.0007516306,3214,3.0,5.0,1985.0,2025-09-23,Active,6,3.1
PROP-13427,Residential plot of 7820 sqft in East Austin,AUSTIN,East Austin,plot,3237202.1386190676,0,,,,2024-08-15,Sold,4,
PROP-12105,Residential plot of 3267 sqft in Brickell,miami,Brickell,Land,1830177.8459621856,3267,,,,2024-11-24,Pending,2,3.6
PROP-12740,Residential plot of 6275 sqft in Lincoln Park,Chicago,Lincoln Park,Land,2925287.949974279,6275,,,,2025-05-08,Sold,10,4.6
PROP-12381,Residential plot of 7589 sqft in Bronx,New York,Bronx,Plot,8231037.858337657,7589,,,,2025-01-29,Active,8,3.8
PROP-11086,6 BHK Villa for sale in Marina,SF,Marina,Villa,4455184.994170867,4393 sqft,6.0,3.0,1997.0,2025-05-24,Active,3,4.8
PROP-13101,4 BHK Apartment for sale in Marina,san francisco,Marina,Apt,2548346.6246574083,2344,4.0,2.0,2015.0,2024-12-31,Pending,5,3.4
PROP-12521,Commercial Space / Office in Brickell,Miami,Brickell,Commercial,621324.2681036913,1070,,2.0,1969.0,2025-04-24,Pending,8,3.7
PROP-11394,Residential plot of 7414 sqft in Manhattan,New York,Manhattan,Land,"$11,782,708",7414,,,,2024-12-19,Sold,3,4.1
PROP-12178,3 BHK Villa for sale in Coral Gables,MIA,Coral Gables,Villa,3801310.3048613863,4521,3.0,2.0,2019.0,2024-08-06,Sold,7,3.3
PROP-13275,Residential plot of 6167 sqft in South Beach,miami,South Beach,Land,3647594.8178349305,6167,,,,2024-10-20,Sold,7,4.4
PROP-11256,4 BHK Apartment for sale in SOMA,SAN FRANCISCO,SOMA,Apartment,2341372.811842434,1916,4.0,2.0,1961.0,2025-09-14,Pending,3,5.0
PROP-11735,2 BHK Apartment for sale in Mission District,San Francisco,Mission District,Apt,2753996.4679612643,1817,2.0,1.0,1983.0,2024/08/13,Pending,10,4.3
PROP-12869,4 BHK Villa for sale in Bronx,New York,Bronx,villa,3953321.426735927,3860,4.0,3.0,2011.0,2024-08-10,Pending,3,3.6
PROP-12362,Commercial Space / Office in Hyde Park,CHI,Hyde Park,commercial,1417622.1746291101,4828,,9.0,1992.0,2025-03-13,Active,6,4.8
PROP-12229,Commercial Space / Office in West Lake Hills,Austin,West Lake Hills,Commercial,7713720.702125272,10101 sqft,,4.0,1984.0,2024-03-25,Pending,8,3.2
PROP-13174,2 BHK Apartment for sale in Coral Gables,miami,Coral Gables,Apt,694340.0425323677,747,2.0,2.0,1974.0,28/06/2025,Active,8,3.8
PROP-10613,5 BHK Villa for sale in Lincoln Park,chicago,Lincoln Park,villa,1452839.4967949467,2931,5.0,4.0,2001.0,2024-03-24,Sold,3,
PROP-12541,Residential plot of 1073 sqft in Queens,NY,Queens,plot,1416256.2244867815,1073,,,,2024-04-08,Pending,5,4.0
PROP-12982,4 BHK Apartment for sale in Queens,NY,Queens,apartment,3009537.6927671637,2203,4.0,2.0,1969.0,28/01/2025,Sold,5,3.2
PROP-12669,Residential plot of 2656 sqft in West Lake Hills,Austin,West Lake Hills,Land,2027711.195057944,2656 SQFT,,,,2025/11/10,Sold,10,4.1
PROP-11591,4 BHK Villa for sale in South Beach,miami,South Beach,Villa,Contact Agent,5743,4.0,4.0,2001.0,2025-11-26,Active,6,3.8
PROP-10423,Residential plot of 2395 sqft in Brooklyn,New York,Brooklyn,Plot,2608810.329484538,2395 sqft,,,,2025-09-25,Active,10,4.8
PROP-11748,Residential plot of 9677 sqft in Loop,CHI,Loop,land,3014653.6134142857,9677,,,,2024-04-21,Active,1,3.4
PROP-10732,2 BHK Apartment for sale in Little Havana,MIA,Little Havana,Apartment,527437.3463438788,1192,2.0,2.0,1938.0,2025-05-17,Pending,1,3.7
PROP-12082,4 BHK Villa for sale in Coral Gables,miami,Coral Gables,VILLA,5051377.881812064,5918,4.0,2.0,1984.0,2024-10-10,Pending,8,3.8
PROP-13158,Commercial Space / Office in Bronx,N.Y.,Bronx,commercial,10874143.166009799,10170,,10.0,1962.0,2025-09-20,Active,5,4.3
PROP-12863,2 BHK Apartment for sale in SOMA,SAN FRANCISCO,SOMA,Apartment,2239604.120984485,1603,2.0,1.0,2017.0,2025/06/13,Pending,10,
PROP-11344,Commercial Space / Office in Pacific Heights,SF,Pacific Heights,commercial,21748192.129756477,11594,,6.0,2013.0,2025/08/15,Sold,3,3.8
PROP-11291,2 BHK Apartment for sale in Lincoln Park,chicago,Lincoln Park,Apt,379011.2725344104,815 sqft,2.0,2.0,2022.0,2025-07-10,Active,7,3.2
PROP-11690,5 BHK Villa for sale in Coral Gables,miami,Coral Gables,Villa,3409281.9217500594,3788,5.0,5.0,1987.0,2024-08-02,Sold,8,4.4
PROP-12219,Residential plot of 9660 sqft in South Beach,Miami,South Beach,Land,5704807.026226752,9660,,,,2024-08-04,Sold,7,
PROP-10952,3 BHK Villa for sale in West Lake Hills,AUSTIN,West Lake Hills,villa,1866344.6102147289,3233,3.0,3.0,1981.0,2025-03-21,Sold,9,4.4
PROP-12166,Residential plot of 2942 sqft in West Lake Hills,AUSTIN,West Lake Hills,land,1988224.3060539737,2942,,,,2024-01-14,Sold,4,4.2
PROP-11504,Residential plot of 2684 sqft in South Austin,austin,South Austin,plot,1276332.0414677197,2684,,,,2025-01-13,Sold,4,5.0
PROP-11806,4 BHK Villa for sale in Downtown,austin,Downtown,Villa,1556240.8702870207,3112,4.0,3.0,1994.0,2024-11-25,Active,10,4.5
PROP-12441,Residential plot of 7032 sqft in South Austin,Austin,South Austin,Land,3026872.345944858,7032,,,,2025/07/27,Active,3,4.3
PROP-11121,6 BHK Villa for sale in SOMA,SF,SOMA,VILLA,"$6,238,985",3904 SQFT,6.0,5.0,1996.0,2024-12-15,Sold,10,4.0
PROP-11866,Commercial Space / Office in Mission District,San Francisco,Mission District,Commercial,26971220.65236101,17561,,3.0,2007.0,2024-02-14,Active,3,4.2
PROP-13319,Commercial Space / Office in Pacific Heights,SAN FRANCISCO,Pacific Heights,Commercial,44638065.29228404,0,,2.0,1986.0,2025-07-14,Sold,3,3.4
PROP-13014,4 BHK Apartment for sale in Coral Gables,MIAMI,Coral Gables,Apartment,1079278.7871972832,1277,4.0,1.0,1993.0,2025-06-21,Active,7,3.3
PROP-13194,Residential plot of 7521 sqft in Mission District,San Francisco,Mission District,Land,9702296.18843276,7521,,,,2024-04-14,Pending,7,3.1
PROP-12726,Residential plot of 4711 sqft in Loop,CHICAGO,Loop,plot,1625440 USD,4711,,,,2024-01-21,Sold,4,3.8
PROP-10416,3 BHK Apartment for sale in South Austin,Austin,South Austin,APT,512644.45122534625,994 SQFT,3.0,3.0,1974.0,2024-04-23,Pending,5,4.3
PROP-11715,4 BHK Apartment for sale in Mission District,san francisco,Mission District,apartment,2033913 USD,1469,4.0,3.0,1953.0,2024-01-27,Sold,3,3.6
PROP-10564,Residential plot of 2306 sqft in East Austin,AUSTIN,East Austin,land,844218.8097537452,2306,,,,2024-11-16,Active,7,3.6
PROP-11224,Residential plot of 1817 sqft in Marina,San Francisco,Marina,land,1915822.08872669,1817,,,,2025-10-25,Sold,2,3.6
PROP-10142,Residential plot of 8496 sqft in Brickell,MIAMI,Brickell,plot,4507229.05759999,8496,,,,17/11/2025,Sold,6,4.2
PROP-11490,Residential plot of 7133 sqft in Bronx,NY,Bronx,land,7080382.787606255,7133,,,,2025-12-01,Active,5,4.7
PROP-12318,3 BHK Villa for sale in Little Havana,MIAMI,Little Havana,VILLA,1806003.3226581418,4107,,4.0,2011.0,2025-11-12,Active,1,3.6
PROP-12582,2 BHK Apartment for sale in Bronx,New York,Bronx,Apt,855671.0883334848,1003,2.0,2.0,1927.0,2024/07/11,Sold,6,3.8
PROP-12004,Commercial Space / Office in Queens,new york,Queens,COMMERCIAL,9957136.787785793,8012,,2.0,1971.0,2025-04-28,Active,4,
PROP-11194,1 BHK Apartment for sale in Little Havana,miami,Little Havana,APT,351444.69925843127,859,1.0,2.0,1994.0,21/08/2025,Active,3,3.1
PROP-12289,Residential plot of 4038 sqft in South Beach,MIA,South Beach,Land,2083813.6528629113,4038,,,,2024-11-18,Sold,8,4.8
PROP-11756,Commercial Space / Office in Lincoln Park,chicago,Lincoln Park,commercial,3877520.24204566,8179,,9.0,2003.0,2024-12-11,Active,2,3.1
PROP-10497,Residential plot of 3105 sqft in SOMA,san francisco,SOMA,Land,4645775.053670689,3105,,,,2025-03-08,Pending,7,3.8
PROP-12288,3 BHK Apartment for sale in Queens,NY,Queens,apartment,1205424.1443758334,1142,3.0,1.0,1988.0,2025-09-10,Pending,9,4.9
PROP-10870,1 BHK Apartment for sale in South Beach,miami,South Beach,APT,897393.5065129045,1575,1.0,2.0,1953.0,19/05/2024,Active,9,4.8
PROP-13381,4 BHK Villa for sale in Lincoln Park,Chicago,Lincoln Park,Villa,2401008.358015966,4020,4.0,2.0,1985.0,2025-01-09,Pending,3,4.0
PROP-10721,5 BHK Villa for sale in Little Havana,MIAMI,Little Havana,VILLA,2479472.2582018855,4586,5.0,5.0,1988.0,16/04/2024,Sold,5,4.2
PROP-10886,Residential plot of 3194 sqft in Brickell,MIA,Brickell,Land,2138252.3963245284,3194,,,,2024-03-19,Active,2,4.7
PROP-11724,Commercial Space / Office in SOMA,San Francisco,SOMA,commercial,7480604.323190823,4855,,8.0,1961.0,2025-11-09,Sold,10,4.1
PROP-11496,Commercial Space / Office in River North,Chicago,River North,Office,8552395.740533007,22919,,2.0,1977.0,2025-08-20,Sold,7,4.1
PROP-12407,6 BHK Villa for sale in Lincoln Park,CHICAGO,Lincoln Park,Villa,3085422.973081024,5152,6.0,2.0,2015.0,2024-12-16,Sold,6,4.1
PROP-11520,Commercial Space / Office in River North,CHI,River North,Commercial,6966777.552587603,21015,,8.0,1977.0,2025-07-18,Pending,5,4.1
PROP-10780,3 BHK Apartment for sale in Manhattan,N.Y.,Manhattan,Apartment,4317841.53176512,2439,3.0,1.0,1958.0,2025/08/04,Active,3,3.7
PROP-12713,Commercial Space / Office in Brickell,miami,Brickell,commercial,9969511.849125754,15338,,4.0,1977.0,03/12/2024,Active,8,3.7
PROP-13445,Residential plot of 8235 sqft in East Austin,AUSTIN,East Austin,Plot,3195554.7241391526,8235,,,,2024-08-25,Active,1,3.1
PROP-12674,5 BHK Villa for sale in South Beach,MIA,South Beach,villa,1652756.5607072765,3048,5.0,5.0,2011.0,2024-01-27,Pending,5,3.9
PROP-10327,Commercial Space / Office in Brooklyn,New York,Brooklyn,Office,6844950.166308179,4971,,10.0,2019.0,2024-12-07,Pending,1,4.3
PROP-10108,Residential plot of 2465 sqft in Pacific Heights,SAN FRANCISCO,Pacific Heights,Plot,5413012.31340431,2465,,,,2024-08-25,Sold,1,4.8
PROP-11754,Residential plot of 8089 sqft in Bronx,new york,Bronx,Plot,7800245.751951058,8089,,,,2024-05-30,Pending,8,3.8
PROP-12033,3 BHK Villa for sale in Bronx,NY,Bronx,Villa,4073407.993049062,4013,3.0,2.0,1996.0,2024-05-16,Pending,4,3.5
PROP-11351,Commercial Space / Office in South Beach,miami,South Beach,Commercial,2156941.9596222066,3616,,7.0,2010.0,2024-03-29,Active,6,4.8
PROP-11996,Residential plot of 1751 sqft in Mission District,SF,Mission District,Plot,2086525.2488929043,1751,,,,09/10/2024,Active,7,3.5
PROP-10910,3 BHK Apartment for sale in East Austin,austin,East Austin,Apt,646730.6140055945,0,3.0,1.0,2019.0,2025/04/03,Sold,5,3.8
PROP-12946,Commercial Space / Office in Hyde Park,chicago,Hyde Park,Office,4996533.811006677,17486,,4.0,1961.0,2025-07-15,Active,3,3.3
PROP-11973,5 BHK Villa for sale in Downtown,AUSTIN,Downtown,villa,2324550.8582750387,5944,5.0,3.0,2020.0,2024-04-21,Sold,10,4.2
PROP-10336,4 BHK Villa for sale in Hyde Park,CHI,Hyde Park,VILLA,1148873 USD,4468,4.0,2.0,2000.0,2024-08-30,Active,7,4.8
PROP-10275,2 BHK Apartment for sale in Brickell,Miami,Brickell,Apt,707420.0026744811,1228,2.0,1.0,1953.0,2025-08-19,Pending,5,3.2
PROP-12890,4 BHK Villa for sale in Little Havana,MIA,Little Havana,Villa,1661814.4583197297,3116 sqft,4.0,5.0,,2025-01-22,Active,6,4.9
PROP-13440,4 BHK Villa for sale in Loop,chicago,Loop,VILLA,1413793.4781758788,4044,4.0,4.0,1989.0,2024-10-26,Sold,4,3.6
PROP-12626,Commercial Space / Office in South Austin,AUSTIN,South Austin,COMMERCIAL,8792141.746059112,19099,,4.0,2008.0,24/07/2025,Pending,1,4.3
PROP-10724,Commercial Space / Office in SOMA,San Francisco,SOMA,COMMERCIAL,5925171.809276536,4434,,5.0,2006.0,2025/10/22,Active,10,4.8
PROP-10765,4 BHK Apartment for sale in Queens,New York,Queens,APT,2082962.7522040436,1945,4.0,3.0,1957.0,2025/06/15,Active,7,4.0
PROP-13056,5 BHK Villa for sale in Manhattan,NY,Manhattan,Villa,"$4,829,507",2480,5.0,4.0,1994.0,2024-10-27,Sold,10,4.9
PROP-11150,1 BHK Apartment for sale in Loop,chicago,Loop,Apartment,601290.746998961,1677,1.0,2.0,1988.0,2024-04-03,Pending,9,5.0
PROP-10307,Commercial Space / Office in Lincoln Park,Chicago,Lincoln Park,Commercial,8724497.190070972,15928,,6.0,2003.0,2025-04-21,Active,3,4.7
PROP-11278,5 BHK Villa for sale in Marina,san francisco,Marina,Villa,5190235.965521391,5116,5.0,4.0,1982.0,2025/07/28,Pending,4,4.5
PROP-13098,4 BHK Apartment for sale in South Beach,Miami,South Beach,apartment,1060737.6064237917,2010,4.0,2.0,1973.0,06/01/2025,Sold,3,3.9
PROP-12955,2 BHK Apartment for sale in Hyde Park,Chicago,Hyde Park,Apt,216501.93213258823,903,2.0,2.0,2001.0,2024-07-13,Sold,2,3.5
PROP-10826,6 BHK Villa for sale in Coral Gables,miami,Coral Gables,Villa,5454568.532542152,5354,6.0,4.0,2001.0,2024-11-03,Sold,7,3.1
PROP-13271,Residential plot of 7863 sqft in Little Havana,Miami,Little Havana,Land,3846597.3791558226,7863,,,,17/01/2025,Sold,5,4.3
PROP-10698,Commercial Space / Office in Marina,San Francisco,Marina,Office,17051591.537307225,14080,,5.0,1973.0,27/08/2025,Active,3,4.0
PROP-11791,3 BHK Apartment for sale in Little Havana,MIA,Little Havana,Apartment,692784.2623707217,1310,3.0,2.0,1940.0,17/05/2025,Pending,1,3.3
PROP-13309,3 BHK Villa for sale in Bronx,NEW YORK,Bronx,VILLA,2354314.8502945513,2873,3.0,5.0,2018.0,2025-05-24,Sold,10,4.7
PROP-12899,Commercial Space / Office in Hyde Park,CHICAGO,Hyde Park,Commercial,5987884.763244909,21388,,4.0,2017.0,2024-02-22,Pending,5,4.0
PROP-11229,Commercial Space / Office in SOMA,SF,SOMA,Office,24273443.313829232,19829,,6.0,2009.0,2024-01-17,Pending,10,4.4
PROP-12053,Residential plot of 7796 sqft in Downtown,austin,Downtown,plot,3575801.482394079,-7796,,,,2024-11-23,Pending,6,4.7
PROP-12446,Residential plot of 2787 sqft in Brickell,MIA,Brickell,land,1489905.760644387,2787,,,,2024-03-03,Pending,5,3.8
PROP-10071,Residential plot of 7626 sqft in Bronx,New York,Bronx,land,7781080.055306311,7626,,,,2025-03-03,Pending,1,4.9
PROP-12304,Residential plot of 7065 sqft in Coral Gables,MIA,Coral Gables,plot,6147606.416887321,7065,,,,2025-10-07,Pending,5,4.9
PROP-13272,6 BHK Villa for sale in Loop,CHICAGO,Loop,Villa,1609024.0523204256,4116,6.0,3.0,1981.0,2025-03-26,Pending,6,4.9
PROP-11260,4 BHK Villa for sale in Marina,SF,Marina,VILLA,2420181.984283559,2126 sqft,4.0,4.0,2014.0,2025/12/01,Sold,1,4.3
PROP-11666,Commercial Space / Office in Mission District,San Francisco,Mission District,Commercial,20867585.56444697,16409,,6.0,1964.0,2024-11-12,Pending,10,4.5
PROP-12812,1 BHK Apartment for sale in Marina,San Francisco,Marina,Apt,790557.3777987548,627,1.0,1.0,1920.0,2024-05-23,Active,3,4.4
PROP-13180,5 BHK Villa for sale in East Austin,Austin,East Austin,Villa,1986842.3058154783,5967,5.0,5.0,2002.0,2025-06-09,Sold,5,3.1
PROP-13468,1 BHK Apartment for sale in Mission District,san francisco,Mission District,Apt,1373870.3400287775,899,1.0,2.0,1928.0,2025-08-28,Pending,4,3.4
PROP-12440,Residential plot of 5137 sqft in West Lake Hills,ATX,West Lake Hills,Plot,3250553.38342207,5137,,,,2024-05-26,Sold,8,3.2
PROP-11445,6 BHK Villa for sale in Manhattan,NEW YORK,Manhattan,VILLA,10318593.98940877,5496 SQFT,6.0,2.0,2008.0,20/12/2024,Sold,10,4.1
PROP-11695,4 BHK Apartment for sale in Brickell,MIA,Brickell,APT,1461997.0928100832,2471,4.0,1.0,2009.0,2025/11/10,Sold,10,4.4
PROP-11095,Residential plot of 6351 sqft in Mission District,San Francisco,Mission District,Plot,"$9,717,268",6351,,,,2024-10-03,Sold,4,4.1
PROP-11574,Residential plot of 3252 sqft in Downtown,ATX,Downtown,land,1533005.9736471123,3252,,,,2024-03-10,Pending,9,4.9
PROP-12043,1 BHK Apartment for sale in Hyde Park,chicago,Hyde Park,Apartment,477007.95797547715,1825,1.0,2.0,1930.0,2024-10-03,Pending,1,4.3
PROP-13496,5 BHK Villa for sale in Coral Gables,Miami,Coral Gables,VILLA,,5177,5.0,4.0,1998.0,2024-05-13,Active,10,4.3
PROP-11630,3 BHK Villa for sale in Queens,New York,Queens,villa,2348427.9211866204,0,3.0,2.0,2022.0,2024-04-23,Sold,1,3.2
PROP-10269,Commercial Space / Office in Little Havana,miami,Little Havana,commercial,9848345.934941104,21088,,6.0,,2024-11-25,Sold,2,3.1
PROP-11881,3 BHK Villa for sale in Marina,San Francisco,Marina,VILLA,5423457.225428921,4937 sqft,3.0,2.0,2015.0,2024-01-21,Active,10,4.8
PROP-11016,Commercial Space / Office in South Beach,Miami,South Beach,Office,11523330.050889209,18940,,2.0,1964.0,2025-03-25,Active,6,5.0
PROP-11612,Commercial Space / Office in Brickell,MIAMI,Brickell,commercial,16477478.851782335,24730,,3.0,1975.0,2024-08-28,Pending,6,3.1
PROP-10978,3 BHK Apartment for sale in Lincoln Park,chicago,Lincoln Park,apartment,463863.7969865887,811,3.0,1.0,,2025/03/14,Pending,8,3.6
PROP-13144,4 BHK Villa for sale in Marina,SAN FRANCISCO,Marina,villa,4481818.8508430375,4048,4.0,4.0,2023.0,2024-06-25,Active,6,4.6
PROP-11252,6 BHK Villa for sale in Queens,NY,Queens,Villa,3111414.6081035463,2497,6.0,4.0,1995.0,2024-01-03,Pending,7,3.2
PROP-12631,Commercial Space / Office in Bronx,N.Y.,Bronx,Office,12755903.936952867,15629,,7.0,1981.0,2024-11-24,Sold,6,4.0
PROP-10848,Residential plot of 7666 sqft in Downtown,ATX,Downtown,Land,2955770.818033893,7666,,,,2024-10-18,Sold,4,4.7
PROP-12974,Residential plot of 1206 sqft in River North,Chicago,River North,Plot,440892.12407671125,1206,,,,2024-09-18,Active,9,5.0
PROP-13120,Commercial Space / Office in Downtown,austin,Downtown,commercial,598656.466594957,1343,,8.0,,15/10/2025,Active,3,4.9
PROP-11830,Commercial Space / Office in South Austin,AUSTIN,South Austin,COMMERCIAL,4544376.846972453,9833,,9.0,1993.0,2024-12-15,Pending,3,3.8
PROP-13213,Residential plot of 7120 sqft in Little Havana,MIA,Little Havana,land,3240590.9787717434,7120,,,,2025-11-17,Active,6,3.4
PROP-10047,Residential plot of 4912 sqft in Little Havana,MIA,Little Havana,plot,2408544.482509896,4912,,,,27/08/2024,Pending,1,3.6
PROP-13369,Commercial Space / Office in River North,CHI,River North,commercial,6125675.17987307,15907,,10.0,2004.0,2024-09-01,Active,7,4.8
PROP-11350,Residential plot of 1981 sqft in East Austin,AUSTIN,East Austin,plot,651014.4969769956,1981,,,,2024-07-21,Active,8,4.1
PROP-12444,6 BHK Villa for sale in South Austin,Austin,South Austin,villa,1324777 USD,2564,6.0,5.0,1991.0,2025-07-13,Sold,6,3.6
PROP-10446,2 BHK Apartment for sale in Little Havana,Miami,Little Havana,apartment,1118174.9355112878,2307,2.0,1.0,1944.0,2025-01-18,Pending,4,4.8
PROP-11743,2 BHK Apartment for sale in West Lake Hills,ATX,West Lake Hills,apartment,,598,2.0,2.0,1961.0,2025-10-14,Sold,8,3.2
PROP-10844,3 BHK Villa for sale in South Austin,ATX,South Austin,VILLA,1556976.335283639,3850,3.0,2.0,1984.0,2024-12-16,Sold,9,5.0
PROP-13339,Commercial Space / Office in Manhattan,New York,Manhattan,Commercial,1854549.126146609,1115,,9.0,1966.0,2025-05-08,Sold,10,4.9
PROP-12466,Commercial Space / Office in Brooklyn,new york,Brooklyn,Commercial,11424358.355444966,9974,,8.0,,2025-08-30,Pending,10,4.1
PROP-10678,Residential plot of 3593 sqft in Pacific Heights,SAN FRANCISCO,Pacific Heights,Land,7698409.067583885,3593,,,,2024-11-08,Pending,5,3.3
PROP-12690,Commercial Space / Office in South Beach,MIA,South Beach,Commercial,7607433.850019057,11116,,7.0,1981.0,2024/01/28,Active,10,4.8
PROP-11998,Commercial Space / Office in Pacific Heights,san francisco,Pacific Heights,Commercial,50452715.653969385,21552,,10.0,2017.0,2025/04/01,Pending,8,3.2
PROP-11294,3 BHK Apartment for sale in East Austin,AUSTIN,East Austin,Apt,946120.09651188,2410,3.0,1.0,1938.0,2024-07-25,Pending,9,4.0
PROP-12199,Commercial Space / Office in Downtown,Austin,Downtown,COMMERCIAL,7229529.450945543,14209,,6.0,,2024-12-25,Sold,8,
PROP-13031,Residential plot of 8065 sqft in Downtown,ATX,Downtown,Land,4061852.2198503343,8065,,,,2025-01-25,Pending,10,4.6
PROP-10935,Commercial Space / Office in Loop,chicago,Loop,Office,343595.52381785057,1088,,4.0,1996.0,2024-03-12,Pending,4,4.3
PROP-10971,Residential plot of 9821 sqft in Marina,SF,Marina,land,11386945.062774396,9821,,,,2024-09-11,Sold,7,4.4
PROP-10529,Commercial Space / Office in River North,CHI,River North,COMMERCIAL,,5529,,5.0,1984.0,2025-05-24,Pending,9,4.2
PROP-10687,Residential plot of 7830 sqft in SOMA,san francisco,SOMA,land,11882002.004607495,7830,,,,2024-10-02,Pending,10,4.8
PROP-11112,6 BHK Villa for sale in Queens,new york,Queens,VILLA,5056336.8384458255,4215,6.0,2.0,1996.0,2025/05/06,Pending,9,4.8
PROP-10776,Residential plot of 7507 sqft in Queens,New York,Queens,plot,8232177.695049901,7507,,,,2025-07-03,Sold,10,4.6
PROP-10225,Residential plot of 1182 sqft in Coral Gables,miami,Coral Gables,Land,1080881.7092830918,1182,,,,2025-07-22,Active,1,4.1
PROP-12153,Residential plot of 1137 sqft in Loop,CHICAGO,Loop,land,381733.948755186,1137,,,,2024-06-09,Pending,1,4.1
PROP-11462,1 BHK Apartment for sale in West Lake Hills,austin,West Lake Hills,Apt,606395.8699218591,909,1.0,1.0,1996.0,10/01/2025,Pending,3,4.5
PROP-12996,Commercial Space / Office in Coral Gables,MIA,Coral Gables,Office,2994104.727584905,3233,,9.0,1961.0,2025-01-16,Active,4,4.4
PROP-13293,Commercial Space / Office in Pacific Heights,San Francisco,Pacific Heights,commercial,6841131.26523674,3349,,6.0,2022.0,2024-08-25,Pending,8,3.4
PROP-11366,3 BHK Villa for sale in Little Havana,MIAMI,Little Havana,VILLA,"$2,485,129",5097,3.0,4.0,2001.0,2024/12/18,Pending,10,
PROP-13480,Residential plot of 4432 sqft in Pacific Heights,SAN FRANCISCO,Pacific Heights,Plot,10454092.943641625,4432,,,,2024-10-08,Sold,10,
PROP-11851,Commercial Space / Office in SOMA,SAN FRANCISCO,SOMA,Office,20796675.0256559,14590,,10.0,1963.0,2025-09-19,Active,7,5.0
PROP-11963,Commercial Space / Office in Coral Gables,Miami,Coral Gables,Office,12165717.324430445,15717,,6.0,2021.0,23/07/2025,Sold,7,4.1
PROP-12335,Residential plot of 3114 sqft in Brooklyn,new york,Brooklyn,land,3244470.7678994867,3114,,,,2024-08-09,Sold,1,4.7
PROP-11447,Residential plot of 4370 sqft in Brooklyn,New York,Brooklyn,Plot,4887107.788476366,4370,,,,2025-04-15,Pending,2,4.1
PROP-13066,6 BHK Villa for sale in Marina,SAN FRANCISCO,Marina,VILLA,4531077.489187862,3973,6.0,2.0,2019.0,12/08/2025,Sold,1,3.7
PROP-10485,Commercial Space / Office in South Beach,MIAMI,South Beach,Office,,22427,,10.0,2021.0,2024-08-26,Active,7,3.2
PROP-13233,4 BHK Apartment for sale in Pacific Heights,SF,Pacific Heights,apartment,5082121.030309681,2400,4.0,1.0,1963.0,20/05/2025,Sold,8,4.5
PROP-12011,3 BHK Villa for sale in East Austin,Austin,East Austin,VILLA,1151595.312949771,3727,3.0,3.0,2014.0,2025-02-08,Active,5,3.9
PROP-10010,4 BHK Apartment for sale in River North,chicago,River North,Apartment,629890.9513836763,1849,4.0,2.0,1974.0,2024-02-25,Sold,2,3.1
PROP-10030,Commercial Space / Office in Hyde Park,Chicago,Hyde Park,Commercial,4993632.791193852,18675,,2.0,,2025-10-27,Sold,1,4.5
PROP-11879,Residential plot of 7319 sqft in Loop,CHICAGO,Loop,Plot,2446672.0218282924,7319,,,,2025-10-06,Pending,3,5.0
PROP-12356,Commercial Space / Office in Downtown,ATX,Downtown,Commercial,3711658.295084831,8108,,3.0,1962.0,2025-06-27,Sold,3,4.2
PROP-12476,Commercial Space / Office in East Austin,AUSTIN,East Austin,COMMERCIAL,6773875.96964529,18086,,8.0,1973.0,2025-07-22,Active,8,4.3
PROP-12688,Commercial Space / Office in River North,CHICAGO,River North,Office,6666991.886040636,17969,,6.0,1983.0,18/04/2025,Sold,4,4.3
PROP-12148,Residential plot of 5468 sqft in Queens,N.Y.,Queens,land,7321020.122089506,5468,,,,2024-05-09,Active,5,3.8
PROP-10035,2 BHK Apartment for sale in River North,CHI,River North,Apartment,355997.8405121796,1102,2.0,2.0,2008.0,2025-11-10,Pending,9,4.4
PROP-13364,Residential plot of 1369 sqft in Marina,SAN FRANCISCO,Marina,plot,1610483.7725618847,1369,,,,2025-06-19,Pending,6,3.9
PROP-10636,6 BHK Villa for sale in Queens,new york,Queens,VILLA,2675852.928928247,2568,,4.0,1986.0,2025-04-24,Active,6,4.3
PROP-10038,2 BHK Apartment for sale in Bronx,NY,Bronx,Apartment,680831.0023106725,810,2.0,3.0,1958.0,2024-09-11,Pending,10,4.6
PROP-12423,Residential plot of 3296 sqft in Bronx,N.Y.,Bronx,Plot,"$2,892,919",3296,,,,2024-06-21,Sold,10,4.8
PROP-11083,6 BHK Villa for sale in Bronx,New York,Bronx,Villa,2631838.515837918,2964,6.0,5.0,1996.0,2025-07-24,Active,1,3.7
PROP-10861,Residential plot of 7224 sqft in South Austin,ATX,South Austin,Plot,3223351.3585149767,7224,,,,19/07/2024,Pending,1,4.7
PROP-13176,Commercial Space / Office in Queens,NY,Queens,Commercial,2826360.1425499674,2101,,4.0,2021.0,2024-06-24,Pending,2,4.2
PROP-10903,5 BHK Villa for sale in River North,Chicago,River North,VILLA,929037.2314566177,2347,5.0,2.0,2005.0,2025-11-21,Active,4,3.4
PROP-12902,Commercial Space / Office in River North,CHICAGO,River North,commercial,5108364.020916747,16607,,5.0,,2025-09-08,Pending,4,3.9
PROP-10109,3 BHK Villa for sale in Bronx,NY,Bronx,VILLA,4085799.0588094876,4171,3.0,2.0,1999.0,2024/04/19,Pending,5,3.9
PROP-11930,Commercial Space / Office in Queens,new york,Queens,COMMERCIAL,9518375.306080189,7091,,2.0,2003.0,2025-01-02,Pending,6,4.5
PROP-10359,4 BHK Villa for sale in River North,CHICAGO,River North,Villa,1365454.567658755,3584,4.0,3.0,1992.0,2025-07-26,Sold,9,4.7
PROP-12581,Residential plot of 9804 sqft in River North,CHI,River North,Plot,3692479 USD,9804,,,,02/09/2025,Pending,10,4.2
PROP-12822,Commercial Space / Office in Marina,SF,Marina,COMMERCIAL,9887388.987311462,9423,,10.0,2000.0,26/05/2025,Sold,5,5.0
PROP-10235,2 BHK Apartment for sale in South Beach,miami,South Beach,apartment,635185.1160179737,1028,2.0,3.0,1971.0,2025-07-31,Sold,7,4.9
PROP-12557,Commercial Space / Office in Lincoln Park,chicago,Lincoln Park,commercial,8720102.269670254,17424,,9.0,1984.0,2025-04-05,Pending,6,3.3
PROP-10583,3 BHK Villa for sale in South Austin,AUSTIN,South Austin,VILLA,,4203,3.0,5.0,1988.0,2024-01-07,Sold,8,4.7
PROP-11831,Commercial Space / Office in Hyde Park,CHI,Hyde Park,Commercial,5179180.491970995,16757,,3.0,2000.0,2025-07-08,Active,3,4.2
PROP-12707,Commercial Space / Office in Loop,CHI,Loop,COMMERCIAL,7313460.467411749,23270,,9.0,1970.0,21/09/2024,Pending,9,4.5
PROP-10782,2 BHK Apartment for sale in Coral Gables,MIAMI,Coral Gables,Apt,548699.0373699964,629,2.0,1.0,,2025-01-21,Pending,7,4.7
PROP-10563,Residential plot of 7599 sqft in Manhattan,NY,Manhattan,plot,11778331 USD,7599,,,,2025/06/30,Active,8,4.3
PROP-13400,3 BHK Villa for sale in East Austin,Austin,East Austin,Villa,1265207.85284828,3654,3.0,5.0,2018.0,2024-10-01,Active,3,3.6
PROP-13204,4 BHK Apartment for sale in East Austin,austin,East Austin,Apartment,765831.7045379071,2084,4.0,2.0,1954.0,2025-05-14,Sold,5,4.9
PROP-12919,3 BHK Apartment for sale in Queens,NEW YORK,Queens,APT,2081833.5491926714,1693,,1.0,1955.0,2025-10-29,Sold,4,4.1
PROP-11825,4 BHK Apartment for sale in Brickell,miami,Brickell,apartment,805765.3076360617,1333,4.0,2.0,2014.0,10/10/2024,Active,8,
PROP-11094,Commercial Space / Office in Manhattan,new york,Manhattan,Office,27438503.875363383,14429,,2.0,2007.0,2024-06-21,Active,3,3.7
PROP-11969,Commercial Space / Office in West Lake Hills,austin,West Lake Hills,Commercial,14669019.145253977,23864,,5.0,1961.0,2024-10-02,Active,7,3.7
PROP-13169,1 BHK Apartment for sale in River North,CHI,River North,APT,495257.9217369418,1334,1.0,2.0,1944.0,2024/11/04,Sold,6,4.3
PROP-12672,Residential plot of 8613 sqft in River North,CHICAGO,River North,land,3381436.1780612627,8613,,,,2024-07-10,Sold,4,3.8
PROP-11938,Residential plot of 7224 sqft in Hyde Park,Chicago,Hyde Park,plot,1803096 USD,7224,,,,03/04/2024,Sold,3,3.4
PROP-12794,Residential plot of 8778 sqft in Coral Gables,MIA,Coral Gables,plot,9070363.451518806,8778,,,,2024-08-30,Pending,2,4.5
PROP-12285,2 BHK Apartment for sale in South Beach,MIA,South Beach,apartment,788165.783623062,1494,2.0,1.0,1973.0,2025-07-05,Active,3,3.6
PROP-11654,5 BHK Villa for sale in South Austin,austin,South Austin,villa,2250401.5533871306,4490,5.0,4.0,2018.0,2024-02-16,Pending,10,4.3
PROP-11332,3 BHK Villa for sale in Downtown,AUSTIN,Downtown,Villa,2034376 USD,4161,3.0,2.0,1998.0,2024-01-28,Pending,3,3.2
PROP-10884,Commercial Space / Office in Little Havana,MIAMI,Little Havana,Commercial,7526379.131789903,16129,,10.0,2014.0,2025-07-19,Sold,1,
PROP-12403,6 BHK Villa for sale in Hyde Park,Chicago,Hyde Park,villa,700830.6798663498,2453,6.0,4.0,1983.0,2025-11-17,Sold,4,4.3
PROP-11774,1 BHK Apartment for sale in West Lake Hills,ATX,West Lake Hills,APT,,1703,1.0,1.0,1981.0,2025-03-27,Pending,10,
PROP-10464,2 BHK Apartment for sale in Mission District,san francisco,Mission District,apartment,2785205.583776834,1982,2.0,1.0,1973.0,2024-11-30,Sold,4,4.2
PROP-12648,1 BHK Apartment for sale in South Beach,MIAMI,South Beach,Apt,404723.7500299298,688,1.0,2.0,1923.0,2025-04-28,Sold,10,4.9
PROP-11828,2 BHK Apartment for sale in Marina,SAN FRANCISCO,Marina,APT,"$2,185,492",1717,2.0,1.0,2010.0,2025-08-12,Active,1,4.8
PROP-12718,4 BHK Apartment for sale in Hyde Park,CHICAGO,Hyde Park,Apt,595630.7000776656,2189,4.0,3.0,1976.0,2024-07-07,Pending,5,5.0
PROP-10178,Residential plot of 5088 sqft in West Lake Hills,Austin,West Lake Hills,plot,3633433.1749553257,5088,,,,2024-12-24,Active,1,3.1
PROP-12507,Commercial Space / Office in East Austin,AUSTIN,East Austin,commercial,6312799.578293169,17547,,6.0,1998.0,2025-01-28,Sold,8,4.1
PROP-12978,Residential plot of 9386 sqft in Little Havana,miami,Little Havana,Plot,3972208.588472827,9386,,,,2025-02-02,Sold,3,3.5
PROP-12641,Residential plot of 5592 sqft in Coral Gables,MIAMI,Coral Gables,plot,4369509.031318497,5592,,,,22/09/2025,Pending,9,4.3
PROP-11204,1 BHK Apartment for sale in Pacific Heights,SAN FRANCISCO,Pacific Heights,apartment,4590504.321819688,2301,1.0,2.0,2019.0,2025-09-04,Sold,10,5.0
PROP-12202,2 BHK Apartment for sale in Lincoln Park,Chicago,Lincoln Park,APT,246467.83343883618,501,2.0,1.0,1982.0,16/07/2025,Pending,4,
PROP-12703,Residential plot of 2352 sqft in Little Havana,MIAMI,Little Havana,Land,1158426.0992887677,2352,,,,2024-02-15,Pending,4,4.0
PROP-13353,6 BHK Villa for sale in Bronx,NY,Bronx,Villa,3723957.5686170524,4451,6.0,4.0,2013.0,22/01/2025,Pending,8,3.1
PROP-11262,Commercial Space / Office in River North,Chicago,River North,Commercial,8225365.101624176,20548,,4.0,1962.0,2024-04-30,Sold,2,4.1
PROP-12425,Residential plot of 8994 sqft in Coral Gables,MIAMI,Coral Gables,plot,7206616.155789611,8994,,,,25/04/2024,Active,7,4.7
PROP-10975,Residential plot of 8067 sqft in West Lake Hills,ATX,West Lake Hills,land,5441146.71315461,8067,,,,2024-02-21,Pending,5,3.3
PROP-11770,Commercial Space / Office in Coral Gables,MIAMI,Coral Gables,commercial,20830684.61884579,23566 sqft,,5.0,1994.0,16/07/2025,Sold,6,3.3
PROP-10829,Residential plot of 2357 sqft in Pacific Heights,san francisco,Pacific Heights,land,4356715.792575505,2357,,,,2024-03-25,Active,3,4.1
PROP-13063,2 BHK Apartment for sale in Downtown,Austin,Downtown,Apt,555479.1951581716,1249,2.0,2.0,1953.0,2025-02-06,Sold,9,4.6
PROP-12509,4 BHK Villa for sale in West Lake Hills,austin,West Lake Hills,VILLA,4070112.730153179,5451,4.0,2.0,2023.0,2025-07-28,Pending,6,4.3
PROP-10627,4 BHK Villa for sale in Brooklyn,NEW YORK,Brooklyn,Villa,"$6,793,090",5040 sqft,4.0,4.0,1990.0,2024-12-05,Sold,4,4.9
PROP-10639,Commercial Space / Office in Marina,SF,Marina,COMMERCIAL,10820266.45090505,10914,,10.0,2008.0,2025-07-27,Pending,8,3.7
PROP-10925,Residential plot of 3912 sqft in Little Havana,MIAMI,Little Havana,Land,1878904.2111828562,3912,,,,2024/11/07,Active,2,4.6
PROP-10295,Commercial Space / Office in Manhattan,New York,Manhattan,commercial,11861048.937165003,6286,,6.0,,2025-09-01,Sold,5,4.9
PROP-11052,3 BHK Apartment for sale in SOMA,san francisco,SOMA,Apartment,2729485.178615836,2044,3.0,2.0,1939.0,17/11/2025,Sold,5,4.4
PROP-12546,2 BHK Apartment for sale in Manhattan,NY,Manhattan,apartment,2316597.356332331,1430,2.0,3.0,2004.0,2025-08-31,Active,10,4.3
PROP-11610,Residential plot of 7763 sqft in Brickell,Miami,Brickell,Plot,4521624.938341168,7763,,,,2024-02-14,Active,3,3.4
PROP-12287,Residential plot of 7301 sqft in South Austin,Austin,South Austin,plot,3588107.215023913,7301,,,,2025-03-27,Active,3,3.0
PROP-10944,Residential plot of 2081 sqft in Brickell,MIAMI,Brickell,land,1364893.8340701186,2081,,,,2025-11-01,Active,10,
PROP-10804,2 BHK Apartment for sale in Marina,san francisco,Marina,APT,2199880.7024206286,1807,2.0,1.0,1996.0,2024-12-11,Sold,8,3.7
PROP-11857,Commercial Space / Office in Marina,SF,Marina,commercial,15234050.77822742,15494,,7.0,1993.0,2025-07-16,Pending,5,4.2
PROP-10012,Commercial Space / Office in SOMA,SF,SOMA,Office,9721873.451378474,8004,,8.0,2017.0,2025-01-23,Pending,7,4.9
PROP-11117,Residential plot of 4267 sqft in Loop,CHICAGO,Loop,land,1385902.5460373578,4267,,,,2025-09-09,Pending,4,4.0
PROP-10089,Commercial Space / Office in Queens,N.Y.,Queens,COMMERCIAL,27697741.594837766,21954,,2.0,1964.0,2025-02-19,Sold,3,
PROP-12793,Commercial Space / Office in Marina,SF,Marina,Commercial,4763950.626972179,4838 sqft,,4.0,1974.0,2024-05-20,Pending,6,3.2
PROP-12477,3 BHK Villa for sale in East Austin,ATX,East Austin,VILLA,1442555.7211894798,4125,3.0,2.0,2016.0,2024-01-30,Pending,2,3.8
PROP-11141,3 BHK Apartment for sale in Downtown,Austin,Downtown,Apt,786859.4116671821,1912,3.0,1.0,1992.0,2024-10-04,Active,10,4.1
PROP-11319,1 BHK Apartment for sale in SOMA,San Francisco,SOMA,Apt,2590515.478487242,1656,1.0,3.0,1956.0,2024-04-11,Pending,7,4.3
PROP-10779,Commercial Space / Office in South Austin,ATX,South Austin,COMMERCIAL,7749787.479515915,16003,,8.0,1998.0,2025-05-18,Sold,5,4.6
PROP-10206,6 BHK Villa for sale in Queens,NEW YORK,Queens,Villa,6713905.987019039,5083 SQFT,6.0,5.0,1997.0,2025-05-04,Sold,3,3.2
PROP-11066,Residential plot of 5670 sqft in Brickell,MIAMI,Brickell,land,3122779.1010168437,5670,,,,03/10/2024,Pending,1,4.1
PROP-12859,6 BHK Villa for sale in Brooklyn,N.Y.,Brooklyn,Villa,5426093.036969184,4879,6.0,5.0,2009.0,2024-04-07,Sold,9,4.6
PROP-12968,3 BHK Villa for sale in Bronx,new york,Bronx,Villa,4874180.324741574,5944,3.0,3.0,2011.0,2024-11-23,Sold,5,3.2
PROP-13235,Residential plot of 1890 sqft in East Austin,austin,East Austin,Plot,603910.7637798402,1890,,,,2024-11-17,Pending,4,4.1
PROP-10653,4 BHK Villa for sale in Brooklyn,N.Y.,Brooklyn,villa,3904270.3920923625,3425,,3.0,2022.0,2024/02/25,Pending,3,4.6
PROP-12931,2 BHK Apartment for sale in West Lake Hills,ATX,West Lake Hills,Apt,"$1,639,642",2451 SQFT,2.0,3.0,,2025-01-01,Pending,7,4.8
PROP-11749,1 BHK Apartment for sale in South Beach,MIA,South Beach,apartment,902066.9316399036,1498 sqft,1.0,3.0,2000.0,2025/03/02,Sold,9,4.9
PROP-10405,2 BHK Apartment for sale in River North,Chicago,River North,apartment,808305.8669439831,2348,2.0,3.0,2009.0,2025-05-11,Pending,10,4.3
PROP-12428,3 BHK Villa for sale in Mission District,san francisco,Mission District,Villa,3574180.720160657,2888,3.0,5.0,2013.0,2024-01-18,Sold,4,4.7
PROP-11678,Commercial Space / Office in Pacific Heights,san francisco,Pacific Heights,Commercial,47153360.46805062,20619,,4.0,1992.0,30/05/2024,Sold,2,
PROP-12878,Commercial Space / Office in SOMA,SF,SOMA,COMMERCIAL,13306491.390845735,8816,,7.0,2006.0,2025-08-08,Pending,8,4.9
PROP-10832,3 BHK Villa for sale in South Beach,MIA,South Beach,VILLA,2596889.1660897024,4124,3.0,5.0,2001.0,29/04/2025,Pending,10,4.7
PROP-12471,Residential plot of 4627 sqft in West Lake Hills,Austin,West Lake Hills,Land,2975796.7100774487,4627,,,,2025-04-08,Pending,9,4.1
PROP-10917,Commercial Space / Office in SOMA,SAN FRANCISCO,SOMA,commercial,11568701.66373537,7375,,10.0,2021.0,2025/08/09,Pending,9,4.1
PROP-12547,Residential plot of 2449 sqft in Little Havana,MIAMI,Little Havana,Land,1017888.5643139167,2449,,,,2024-05-24,Sold,4,4.9
PROP-11000,3 BHK Apartment for sale in East Austin,austin,East Austin,APT,750045.6094944075,1894,3.0,2.0,1982.0,2024-02-16,Sold,3,
PROP-10570,4 BHK Villa for sale in Loop,Chicago,Loop,Villa,,5575,4.0,4.0,1981.0,2025-06-27,Pending,2,4.9
PROP-11448,2 BHK Apartment for sale in South Beach,Miami,South Beach,apartment,Contact Agent,2200,2.0,2.0,1942.0,2024-11-17,Active,7,3.8
PROP-12090,5 BHK Villa for sale in West Lake Hills,ATX,West Lake Hills,VILLA,1323709.7104913823,2210,5.0,5.0,2014.0,2024-06-13,Active,3,4.9
PROP-12560,Commercial Space / Office in Downtown,AUSTIN,Downtown,commercial,3264515.0131352064,7416,,9.0,1962.0,2024-12-08,Active,10,4.4
PROP-11745,5 BHK Villa for sale in Manhattan,N.Y.,Manhattan,Villa,10677894.10527001,5547,5.0,4.0,1991.0,05/11/2024,Pending,6,4.9
PROP-12232,1 BHK Apartment for sale in Marina,SF,Marina,Apt,1118904.3469551099,1076,1.0,2.0,1975.0,2024-10-03,Active,7,4.4
PROP-13011,Residential plot of 8317 sqft in West Lake Hills,AUSTIN,West Lake Hills,Land,5924605.84263742,8317,,,,2024-09-09,Sold,4,3.3
PROP-10287,5 BHK Villa for sale in SOMA,San Francisco,SOMA,Villa,2593058.5620877454,2014,5.0,3.0,2018.0,2024-01-27,Sold,10,4.8
PROP-11738,2 BHK Apartment for sale in Hyde Park,CHICAGO,Hyde Park,APT,,2161,2.0,3.0,1965.0,2025-09-19,Pending,10,4.1
PROP-11037,Residential plot of 7058 sqft in River North,Chicago,River North,Land,2739735.9439575537,7058,,,,2025/02/03,Sold,5,4.0
PROP-11944,Commercial Space / Office in River North,CHI,River North,COMMERCIAL,3502505 USD,10347,,6.0,1996.0,2025-08-24,Pending,7,3.6
PROP-12719,Residential plot of 5127 sqft in Marina,San Francisco,Marina,plot,6558502.492583727,5127,,,,2024-10-30,Pending,3,3.9
PROP-11136,4 BHK Apartment for sale in Bronx,N.Y.,Bronx,Apt,1565138.9557390306,1514,4.0,2.0,2008.0,06/11/2025,Sold,1,4.1
PROP-11781,6 BHK Villa for sale in Downtown,Austin,Downtown,villa,1086270.7156907578,-2398,6.0,5.0,2003.0,2024-12-23,Sold,10,4.0
PROP-12884,Commercial Space / Office in River North,chicago,River North,Commercial,6670810.034325107,18457,,3.0,2022.0,2025-01-02,Pending,5,4.8
PROP-11585,Commercial Space / Office in Queens,new york,Queens,commercial,5408895.77638057,4562,,3.0,2008.0,2024-07-05,Active,5,
PROP-11684,5 BHK Villa for sale in Manhattan,New York,Manhattan,VILLA,10632236.962964216,5655,5.0,5.0,1997.0,2025-11-21,Sold,8,4.3
PROP-10900,2 BHK Apartment for sale in Loop,Chicago,Loop,Apt,562907.4853766279,1531 SQFT,2.0,1.0,1930.0,2025-09-18,Active,1,4.9
PROP-11338,Commercial Space / Office in Mission District,SF,Mission District,COMMERCIAL,6755433.965270306,4448,,6.0,1990.0,2025-01-13,Pending,10,4.2
PROP-13010,4 BHK Apartment for sale in Brickell,miami,Brickell,apartment,433007.4753934552,825,4.0,3.0,1935.0,2025-10-30,Active,1,3.3
PROP-11645,3 BHK Apartment for sale in East Austin,AUSTIN,East Austin,Apartment,194089.4659954853,537,3.0,1.0,,2025-09-25,Sold,5,4.4
PROP-13052,Commercial Space / Office in River North,CHI,River North,commercial,7139644.647991828,23671,,10.0,1961.0,2025-04-18,Sold,7,4.0
PROP-11943,1 BHK Apartment for sale in South Beach,MIAMI,South Beach,Apt,722400.6648676159,1147,1.0,2.0,2011.0,2024-03-31,Sold,10,4.4
PROP-12258,Commercial Space / Office in East Austin,ATX,East Austin,commercial,1079008.2558644062,3436 sqft,,5.0,1988.0,26/04/2025,Sold,5,3.2
PROP-11299,Residential plot of 6441 sqft in Brooklyn,New York,Brooklyn,plot,7776930.557690731,6441 SQFT,,,,17/09/2025,Active,8,3.4
PROP-10572,1 BHK Apartment for sale in Manhattan,new york,Manhattan,apartment,1230196.1452980835,735,1.0,1.0,1993.0,2024-03-08,Pending,6,4.8
PROP-13112,2 BHK Apartment for sale in Lincoln Park,Chicago,Lincoln Park,Apartment,592200.5063890041,1148,2.0,3.0,,09/01/2024,Sold,10,4.1
PROP-12549,4 BHK Apartment for sale in Hyde Park,chicago,Hyde Park,apartment,507952.1996221464,1702,4.0,1.0,,2025-09-07,Active,10,4.4
PROP-10382,3 BHK Apartment for sale in Lincoln Park,chicago,Lincoln Park,apartment,456152.3851611504,938,3.0,2.0,1972.0,2025-08-26,Sold,6,4.4
PROP-11564,3 BHK Villa for sale in Loop,chicago,Loop,villa,2229418.8106808853,5702,3.0,5.0,2008.0,2025-03-25,Pending,1,4.5
PROP-11596,Commercial Space / Office in Loop,CHI,Loop,commercial,2446948.8047931236,6691,,10.0,2000.0,2024-10-11,Active,7,3.2
PROP-10067,Residential plot of 6751 sqft in Brooklyn,NEW YORK,Brooklyn,Land,6900859.266335076,6751 sqft,,,,2024-05-26,Pending,2,3.3
PROP-12498,Residential plot of 6250 sqft in Mission District,San Francisco,Mission District,Land,8612837.055016777,6250,,,,2025-01-22,Sold,3,4.8
PROP-12185,Commercial Space / Office in Loop,Chicago,Loop,COMMERCIAL,5176358.421601444,13921,,8.0,2016.0,2025-02-26,Pending,5,3.9
PROP-13053,Commercial Space / Office in SOMA,SAN FRANCISCO,SOMA,COMMERCIAL,34740420 USD,23649,,3.0,2019.0,2024-06-28,Sold,10,4.3
PROP-11231,3 BHK Apartment for sale in South Austin,austin,South Austin,Apt,272520.5691563339,620,3.0,3.0,1991.0,2024-03-20,Pending,8,3.1
PROP-10514,Residential plot of 7292 sqft in East Austin,austin,East Austin,plot,2300049.6892730673,7292,,,,2024-04-18,Sold,10,4.6
PROP-11258,Residential plot of 7429 sqft in Queens,NY,Queens,Land,9366985.984393688,7429,,,,2024-09-11,Active,7,3.1
PROP-12254,3 BHK Apartment for sale in Downtown,Austin,Downtown,Apartment,982636.6270205098,2223,3.0,2.0,2018.0,2024-08-26,Active,9,4.4
PROP-11951,3 BHK Villa for sale in Brickell,MIA,Brickell,villa,3358752.9620164162,4974,3.0,5.0,2006.0,2024-10-04,Sold,5,5.0
PROP-10991,1 BHK Apartment for sale in Little Havana,MIA,Little Havana,Apartment,748358.4363259113,1621,1.0,2.0,1944.0,2024-04-05,Sold,4,4.8
PROP-10113,6 BHK Villa for sale in West Lake Hills,ATX,West Lake Hills,Villa,1875945.3712141744,2470,6.0,4.0,1984.0,2024-04-24,Sold,9,4.5
PROP-10919,Residential plot of 1420 sqft in South Beach,MIA,South Beach,Land,967436.2074186786,1420,,,,2025-05-16,Pending,10,4.6
PROP-10165,2 BHK Apartment for sale in Brooklyn,NEW YORK,Brooklyn,Apartment,3035719.4615547773,2386,2.0,3.0,1972.0,2025-01-16,Sold,2,4.2
PROP-12691,Residential plot of 8336 sqft in Mission District,san francisco,Mission District,land,12337896.960984362,8336,,,,2024-09-21,Pending,6,4.6
PROP-10507,2 BHK Apartment for sale in Brooklyn,NY,Brooklyn,Apt,566116.6618947542,514,2.0,3.0,1952.0,2025-02-08,Pending,7,4.8
PROP-12046,Residential plot of 5599 sqft in Coral Gables,Miami,Coral Gables,Plot,5518783.910328434,5599 sqft,,,,2024-08-23,Active,6,4.9
PROP-13216,Commercial Space / Office in Pacific Heights,SF,Pacific Heights,Office,40598019.88520406,21408,,5.0,1967.0,2024-02-21,Active,9,5.0
PROP-13191,Residential plot of 5672 sqft in Hyde Park,CHICAGO,Hyde Park,land,1776537.2228215297,5672,,,,2025-11-29,Pending,1,4.0
PROP-12860,Residential plot of 5022 sqft in Manhattan,new york,Manhattan,Plot,8593039.872833354,5022,,,,2025-06-07,Sold,4,4.8
PROP-13469,3 BHK Villa for sale in Little Havana,MIAMI,Little Havana,VILLA,2605709 USD,5026,3.0,5.0,,2025/04/13,Active,8,4.3
PROP-11904,Commercial Space / Office in Queens,new york,Queens,COMMERCIAL,6423263.754217687,6040,,2.0,2017.0,15/06/2024,Active,2,3.9
PROP-12300,Residential plot of 2632 sqft in Pacific Heights,san francisco,Pacific Heights,Plot,6115851.495827754,2632,,,,2025-04-10,Active,9,4.3
PROP-10350,4 BHK Villa for sale in Bronx,NY,Bronx,villa,4851912.014281375,4423,4.0,2.0,2014.0,2024-12-05,Pending,8,4.8
PROP-11698,6 BHK Villa for sale in SOMA,San Francisco,SOMA,villa,4422867.2066728445,-3243,6.0,2.0,2014.0,2025-10-26,Pending,10,4.4
PROP-10364,Commercial Space / Office in Brooklyn,NEW YORK,Brooklyn,Office,9358325.842979908,8021,,10.0,,2024-11-17,Active,9,4.8
PROP-11474,Residential plot of 6235 sqft in Manhattan,new york,Manhattan,land,11615253.607080333,6235,,,,2024-07-04,Sold,5,3.1
PROP-11114,Commercial Space / Office in Lincoln Park,chicago,Lincoln Park,Office,3004688.692888466,6146,,8.0,2009.0,2025-10-19,Active,10,4.3
PROP-10956,1 BHK Apartment for sale in Queens,new york,Queens,APT,2192347.959376741,-1750,1.0,3.0,1958.0,04/09/2025,Pending,10,4.5
PROP-10298,3 BHK Villa for sale in Brickell,MIAMI,Brickell,Villa,1808644.0273204094,2768,3.0,5.0,2020.0,2024-07-31,Pending,7,3.1
PROP-13488,6 BHK Villa for sale in Pacific Heights,san francisco,Pacific Heights,VILLA,8875241.029984292,3803,6.0,4.0,1984.0,2024-12-24,Active,1,3.9
PROP-12074,Commercial Space / Office in Manhattan,NY,Manhattan,commercial,8962081.296357378,4536,,3.0,1996.0,2025-03-11,Sold,3,
PROP-12687,Commercial Space / Office in Marina,SF,Marina,Commercial,12530954.218388695,10391,,6.0,1994.0,2025-04-14,Sold,9,4.1
PROP-10892,3 BHK Apartment for sale in Brickell,MIA,Brickell,apartment,"$520,633",978,3.0,3.0,2012.0,2024-04-14,Pending,1,4.2
PROP-11205,6 BHK Villa for sale in East Austin,AUSTIN,East Austin,Villa,748587.5514588604,1921,6.0,3.0,2018.0,2024-10-01,Sold,4,4.8
PROP-12897,5 BHK Villa for sale in Little Havana,miami,Little Havana,Villa,1428792.2397347253,3332,5.0,2.0,2003.0,2025-05-29,Pending,7,4.7
PROP-10229,2 BHK Apartment for sale in Loop,chicago,Loop,APT,734165.3033092327,2258,2.0,3.0,1945.0,2025-10-03,Active,1,4.7
PROP-10076,Residential plot of 5634 sqft in River North,chicago,River North,Land,,5634,,,,2024-12-12,Active,6,3.1
PROP-12928,6 BHK Villa for sale in East Austin,Austin,East Austin,VILLA,,4528 sqft,6.0,3.0,2014.0,2025-05-17,Pending,8,3.1
PROP-10454,Residential plot of 7867 sqft in Bronx,NEW YORK,Bronx,plot,7384022.624418989,7867 sqft,,,,2025-02-17,Sold,9,4.6
PROP-13287,Commercial Space / Office in Lincoln Park,Chicago,Lincoln Park,commercial,5215840.064603768,9269,,10.0,1979.0,2024-10-21,Active,6,3.4
PROP-10365,Commercial Space / Office in Bronx,NEW YORK,Bronx,COMMERCIAL,22937584.612098657,23513,,9.0,1974.0,2024/10/24,Pending,4,4.7
PROP-12103,Commercial Space / Office in Hyde Park,CHI,Hyde Park,Commercial,6535640.461635888,22266,,7.0,1963.0,2025-06-28,Sold,9,4.7
PROP-11240,2 BHK Apartment for sale in River North,chicago,River North,Apartment,575899.6700710163,1586,2.0,1.0,1950.0,2025-04-12,Active,7,3.4
PROP-12732,Commercial Space / Office in SOMA,SF,SOMA,commercial,14901113.90349808,11114,,5.0,2019.0,2025-11-30,Sold,10,4.6
PROP-12608,1 BHK Apartment for sale in Brickell,MIAMI,Brickell,apartment,546842.3359465164,891,1.0,2.0,1978.0,2024-02-26,Sold,4,4.6
PROP-11540,Commercial Space / Office in South Beach,MIA,South Beach,commercial,11594105.008780748,18334,,7.0,1980.0,2025/02/11,Active,4,4.5
PROP-11614,6 BHK Villa for sale in South Beach,Miami,South Beach,VILLA,2808322.2131198957,4383,6.0,3.0,1999.0,2025-02-23,Sold,6,3.6
PROP-10607,Commercial Space / Office in East Austin,Austin,East Austin,commercial,3780257.3442712,9454,,6.0,1976.0,2024-05-10,Active,3,4.7
PROP-13037,3 BHK Villa for sale in Mission District,san francisco,Mission District,Villa,7555754.241183799,5823,3.0,4.0,1997.0,2025/07/02,Pending,1,3.2
PROP-11093,4 BHK Apartment for sale in Queens,NY,Queens,Apartment,1707390.6698576116,1464,4.0,1.0,2017.0,2025-09-16,Sold,5,4.2
PROP-10768,Residential plot of 7293 sqft in River North,Chicago,River North,Plot,2744138.5241778973,7293,,,,2025-09-30,Sold,8,3.9
PROP-10391,Residential plot of 1087 sqft in South Austin,ATX,South Austin,Plot,453000.37927038234,1087 SQFT,,,,2025-09-26,Pending,6,3.3
PROP-10160,Commercial Space / Office in Manhattan,NEW YORK,Manhattan,COMMERCIAL,34779699.973923475,18165,,3.0,1976.0,2025-08-13,Pending,10,4.1
PROP-10203,1 BHK Apartment for sale in Brickell,MIA,Brickell,Apartment,588325.398237487,1078,1.0,1.0,1983.0,2024-07-23,Sold,4,3.7
PROP-12387,Residential plot of 1924 sqft in Little Havana,MIAMI,Little Havana,land,997895.6479500004,1924 SQFT,,,,2024-12-25,Active,6,3.5
PROP-12912,Residential plot of 4074 sqft in Brooklyn,NY,Brooklyn,land,4591225.030682709,4074,,,,2025/04/12,Sold,4,3.9
PROP-12007,Commercial Space / Office in Coral Gables,miami,Coral Gables,Commercial,"$21,067,205",23282,,6.0,1973.0,2025-06-01,Sold,6,4.8
PROP-10837,2 BHK Apartment for sale in Coral Gables,MIAMI,Coral Gables,Apartment,1271912.3993556178,1488,2.0,1.0,1938.0,05/11/2025,Sold,9,4.4
PROP-11814,1 BHK Apartment for sale in Brooklyn,NEW YORK,Brooklyn,Apt,1127800.9255561484,1026,1.0,3.0,1964.0,2025-07-22,Sold,9,
PROP-11230,4 BHK Villa for sale in Bronx,NY,Bronx,VILLA,"$5,457,907",5197,4.0,4.0,2023.0,2025-06-11,Sold,8,5.0
PROP-10974,Residential plot of 7209 sqft in Queens,NEW YORK,Queens,Plot,8613190.11685615,7209,,,,2024-02-20,Sold,10,4.1
PROP-11609,4 BHK Villa for sale in Brooklyn,new york,Brooklyn,Villa,3302807.86431306,2862,4.0,4.0,1982.0,2025-04-24,Active,3,3.7
PROP-10922,Residential plot of 2787 sqft in Manhattan,N.Y.,Manhattan,plot,4690739.929786273,2787,,,,2024-03-30,Pending,5,3.9
PROP-10155,4 BHK Villa for sale in Marina,SF,Marina,Villa,3140473.503178194,2623,4.0,2.0,2017.0,2024/12/25,Pending,3,3.5
PROP-11921,Residential plot of 1613 sqft in Marina,SAN FRANCISCO,Marina,Plot,2032937.469723039,1613,,,,2024-05-12,Active,5,3.2
PROP-12622,6 BHK Villa for sale in Mission District,San Francisco,Mission District,Villa,6394712.778037052,4208,6.0,5.0,1985.0,2024-11-07,Active,4,
PROP-12108,4 BHK Villa for sale in Marina,San Francisco,Marina,Villa,3717651.927010591,3069 sqft,4.0,4.0,1985.0,2024/06/28,Sold,4,3.3
PROP-13305,Commercial Space / Office in Marina,SF,Marina,commercial,11383703.481020683,11759,,3.0,2019.0,2025-10-14,Active,5,
PROP-12892,1 BHK Apartment for sale in Bronx,N.Y.,Bronx,apartment,2197443.2220171755,2059,1.0,2.0,1963.0,2024-02-25,Sold,10,5.0
PROP-12109,3 BHK Apartment for sale in South Austin,AUSTIN,South Austin,APT,415451.49658311676,1062,3.0,2.0,1955.0,2025-07-06,Pending,9,4.9
PROP-12488,5 BHK Villa for sale in Little Havana,MIA,Little Havana,VILLA,1240938.591766445,2444,5.0,2.0,2014.0,2024-11-27,Sold,10,4.1
PROP-12667,Residential plot of 6233 sqft in Queens,New York,Queens,Plot,6486220.630603751,6233 sqft,,,,2024-03-14,Active,7,3.1
PROP-10657,Commercial Space / Office in Loop,CHICAGO,Loop,commercial,4935631.618677661,14949,,4.0,1978.0,22/11/2025,Active,5,4.9
PROP-10790,3 BHK Apartment for sale in South Beach,MIA,South Beach,Apt,734075.1757655714,1154,3.0,1.0,,2025-01-27,Active,9,
PROP-12436,Residential plot of 6910 sqft in Brooklyn,N.Y.,Brooklyn,Land,8319043.307434311,6910,,,,2025-11-22,Pending,7,4.7
PROP-10370,Commercial Space / Office in South Beach,Miami,South Beach,Commercial,9003930.738987325,13570,,9.0,1980.0,2025-03-29,Active,5,4.1
PROP-11359,Commercial Space / Office in Mission District,SF,Mission District,commercial,14160581.892002981,9541,,2.0,2010.0,2025-03-31,Active,1,3.0
PROP-10394,6 BHK Villa for sale in SOMA,San Francisco,SOMA,Villa,3111253.713974787,2093,6.0,4.0,1990.0,2025-03-22,Pending,3,3.9
PROP-12347,4 BHK Villa for sale in Lincoln Park,Chicago,Lincoln Park,VILLA,2191327.014773891,4828,4.0,3.0,2018.0,2024-02-22,Active,7,4.6
PROP-10649,Residential plot of 6606 sqft in Marina,SAN FRANCISCO,Marina,plot,7841874.827581263,6606,,,,2025-05-30,Sold,5,3.2
PROP-12574,3 BHK Apartment for sale in Lincoln Park,CHICAGO,Lincoln Park,apartment,876952.1861529297,1639,3.0,1.0,1998.0,2025-03-25,Pending,10,4.0
PROP-10954,Residential plot of 7796 sqft in Manhattan,New York,Manhattan,land,13719434.433361946,7796,,,,2024/11/14,Sold,10,4.1
PROP-11848,Commercial Space / Office in Pacific Heights,SF,Pacific Heights,Commercial,13026796.428080885,6047,,7.0,,2024/12/17,Active,8,3.9
PROP-12768,4 BHK Villa for sale in Hyde Park,Chicago,Hyde Park,villa,669437.5819412107,2623,4.0,4.0,2015.0,2025-09-07,Pending,10,4.5
PROP-13254,Commercial Space / Office in West Lake Hills,ATX,West Lake Hills,COMMERCIAL,5984826.372642136,8563,,4.0,1979.0,2024-12-10,Sold,4,3.1
PROP-10053,4 BHK Apartment for sale in Bronx,NEW YORK,Bronx,Apartment,2472913.5328845973,2364,4.0,2.0,2019.0,13/09/2025,Active,4,4.2
PROP-13222,Residential plot of 6467 sqft in South Beach,MIAMI,South Beach,plot,4187311.581865981,6467,,,,19/02/2025,Active,4,4.2
PROP-13288,3 BHK Villa for sale in East Austin,Austin,East Austin,Villa,990508.961594027,2991,3.0,5.0,1985.0,2025-04-13,Sold,6,4.4
PROP-11493,Commercial Space / Office in Coral Gables,Miami,Coral Gables,COMMERCIAL,12673182.282184696,14055,,7.0,2006.0,2024-09-04,Sold,5,3.7
PROP-11780,2 BHK Apartment for sale in Downtown,ATX,Downtown,Apt,275457.1225182765,671,2.0,3.0,1948.0,2024-05-23,Active,7,4.2
PROP-13411,3 BHK Villa for sale in South Austin,AUSTIN,South Austin,VILLA,"$989,649",2182,3.0,3.0,2020.0,06/10/2025,Sold,5,3.0
PROP-10803,Residential plot of 4085 sqft in Little Havana,MIAMI,Little Havana,land,2118633.058663478,4085,,,,22/05/2024,Sold,5,3.4
PROP-10857,Residential plot of 7982 sqft in South Austin,AUSTIN,South Austin,plot,3881824.0485049454,7982,,,,2025-04-29,Sold,2,4.2
PROP-11812,Residential plot of 7099 sqft in Bronx,NEW YORK,Bronx,Land,6963709.033502257,7099,,,,2024-09-21,Sold,4,4.0
PROP-13447,1 BHK Apartment for sale in Marina,San Francisco,Marina,Apt,2866076.477748372,2278,1.0,2.0,1981.0,12/06/2024,Active,3,4.2
PROP-11925,Commercial Space / Office in SOMA,SAN FRANCISCO,SOMA,Office,7114205.768452027,5275,,3.0,1991.0,2024-03-19,Sold,10,4.6
PROP-10219,5 BHK Villa for sale in Lincoln Park,Chicago,Lincoln Park,villa,1180906 USD,2216,5.0,5.0,2016.0,2024-03-15,Pending,9,4.2
PROP-11288,6 BHK Villa for sale in Manhattan,New York,Manhattan,VILLA,11094335.506636241,5489,6.0,3.0,1988.0,2025/08/28,Sold,7,4.9
PROP-10582,Residential plot of 8643 sqft in East Austin,ATX,East Austin,land,3037276.4899186553,8643,,,,2025-02-24,Sold,1,4.9
PROP-10043,3 BHK Apartment for sale in Hyde Park,CHI,Hyde Park,Apt,168461.4418737363,680,3.0,2.0,1961.0,17/02/2025,Active,9,4.1
PROP-11234,Residential plot of 7857 sqft in South Beach,Miami,South Beach,Land,4642979.497629997,7857,,,,2025-01-24,Active,10,4.5
PROP-12712,5 BHK Villa for sale in Downtown,ATX,Downtown,VILLA,1263367.675525234,2500 sqft,5.0,2.0,2020.0,2025/03/02,Sold,10,4.8
PROP-11853,1 BHK Apartment for sale in Mission District,SF,Mission District,APT,2451556.929262851,1823,1.0,1.0,1924.0,2025-07-19,Active,2,
PROP-11892,Residential plot of 2215 sqft in South Beach,MIA,South Beach,plot,1494312.3053934607,2215,,,,2025-11-16,Pending,8,3.4
PROP-12361,5 BHK Villa for sale in Brickell,MIA,Brickell,VILLA,1246493.423971081,2119,5.0,5.0,2006.0,2024-02-02,Active,8,4.0
PROP-10249,Commercial Space / Office in Brickell,Miami,Brickell,Office,"$10,716,852",18719,,2.0,1992.0,2024-06-27,Active,9,4.7
PROP-11159,Commercial Space / Office in Coral Gables,MIA,Coral Gables,Office,4573992.30890737,5858,,2.0,1966.0,2024-05-21,Sold,1,4.6
PROP-11955,Residential plot of 9138 sqft in Little Havana,MIA,Little Havana,plot,"$3,818,155",9138,,,,2024-12-31,Active,1,3.7
PROP-11071,Residential plot of 5888 sqft in Brickell,Miami,Brickell,Land,3203351.4603306046,5888,,,,2024-12-01,Active,2,
PROP-10718,3 BHK Apartment for sale in Pacific Heights,SF,Pacific Heights,APT,3072777.3465185356,1438,3.0,1.0,1946.0,2025-07-14,Sold,7,4.5
PROP-12364,4 BHK Villa for sale in Lincoln Park,CHI,Lincoln Park,Villa,1367336.4668449778,2905,4.0,5.0,1988.0,24/10/2025,Pending,9,4.2
PROP-11505,Residential plot of 8736 sqft in Brooklyn,New York,Brooklyn,plot,,8736,,,,2024-10-29,Active,5,4.4
PROP-10670,Commercial Space / Office in Hyde Park,chicago,Hyde Park,COMMERCIAL,2830653.3544257395,11466,,7.0,2000.0,2025-10-10,Pending,9,4.4
PROP-12395,Residential plot of 8097 sqft in Downtown,Austin,Downtown,Plot,3665131 USD,8097,,,,2025-09-21,Sold,5,3.5
PROP-11279,4 BHK Villa for sale in Brickell,MIAMI,Brickell,villa,3632599.34964975,5678,4.0,3.0,1994.0,2024-12-12,Active,3,3.5
PROP-11085,Residential plot of 9314 sqft in Brooklyn,New York,Brooklyn,land,11794948.74247656,9314,,,,2024-03-14,Pending,4,4.6
PROP-10897,Commercial Space / Office in Downtown,AUSTIN,Downtown,Commercial,2190919.408090985,5668,,8.0,1981.0,2024-05-30,Pending,10,4.4
PROP-12143,Residential plot of 8296 sqft in Marina,SF,Marina,Land,9940339.50598309,8296,,,,2025-01-10,Pending,9,4.9
PROP-12893,Residential plot of 6831 sqft in SOMA,SAN FRANCISCO,SOMA,Land,10836830.940742673,6831,,,,2024-12-12,Active,5,3.2
PROP-11530,Commercial Space / Office in Manhattan,NY,Manhattan,COMMERCIAL,24156010.46442423,13134,,3.0,1969.0,2024-10-10,Pending,10,4.3
PROP-12990,Residential plot of 3265 sqft in Little Havana,Miami,Little Havana,Plot,1453337.8446423972,3265,,,,2024-06-16,Pending,1,3.7
PROP-12106,4 BHK Villa for sale in Brickell,MIA,Brickell,VILLA,1282539.1193653608,1861,4.0,3.0,1997.0,2024-05-28,Pending,2,4.3
PROP-13013,Residential plot of 7995 sqft in Little Havana,MIAMI,Little Havana,Land,3425067.6957297395,7995,,,,2024/04/19,Active,8,3.1
PROP-12872,2 BHK Apartment for sale in Bronx,NEW YORK,Bronx,Apt,1166952.905993463,1303,2.0,2.0,1931.0,2025-05-10,Pending,6,4.9
PROP-12966,Commercial Space / Office in Manhattan,New York,Manhattan,Office,17118849.57770596,9165,,5.0,1961.0,2024/01/02,Pending,10,4.1
PROP-12666,Residential plot of 6011 sqft in Brooklyn,New York,Brooklyn,land,7255098.298557992,0,,,,2024-07-29,Pending,5,4.0
PROP-10002,3 BHK Apartment for sale in Loop,CHI,Loop,APT,816513.1340800421,2198,3.0,3.0,1944.0,2024-02-16,Pending,2,4.7
PROP-11874,1 BHK Apartment for sale in East Austin,Austin,East Austin,apartment,"$787,374",1976,1.0,2.0,1928.0,2025/10/30,Pending,5,4.1
PROP-12370,3 BHK Apartment for sale in Manhattan,NY,Manhattan,apartment,3009362.1353425393,1870,3.0,1.0,2001.0,2024/02/04,Pending,7,3.4
PROP-11769,Commercial Space / Office in South Beach,miami,South Beach,Commercial,9905550.385915684,14593,,6.0,2018.0,2025-11-03,Sold,10,4.3
PROP-10634,3 BHK Villa for sale in South Beach,miami,South Beach,villa,1476733.5634893933,2731,3.0,5.0,2011.0,2025-06-21,Sold,10,4.0
PROP-13028,Commercial Space / Office in River North,Chicago,River North,Commercial,523075.6686583141,1508,,3.0,1978.0,2025-07-03,Pending,6,4.8
PROP-11983,Residential plot of 8601 sqft in Pacific Heights,SF,Pacific Heights,Plot,18892918.64663104,8601,,,,2024-05-24,Sold,7,4.8
PROP-10531,4 BHK Villa for sale in Pacific Heights,SF,Pacific Heights,VILLA,"$9,554,205",5249,4.0,3.0,1994.0,2024-05-21,Sold,3,3.8
PROP-12382,Residential plot of 3505 sqft in SOMA,SF,SOMA,land,"$4,175,832",3505,,,,2025-05-22,Active,7,4.5
PROP-13350,Commercial Space / Office in Mission District,san francisco,Mission District,commercial,21763843.376928028,16145,,6.0,1990.0,2025-09-09,Pending,8,4.5
PROP-10081,Residential plot of 3626 sqft in Downtown,Austin,Downtown,Plot,1520479.069062965,3626,,,,2025-06-09,Pending,4,4.9
PROP-13079,4 BHK Villa for sale in Brooklyn,NY,Brooklyn,VILLA,1945335.5038688288,1892,4.0,4.0,1985.0,2025/11/19,Active,8,4.2
PROP-12163,5 BHK Villa for sale in Brickell,Miami,Brickell,Villa,1431753.2705156328,2447,5.0,5.0,2003.0,2024-12-28,Active,7,
PROP-10731,Residential plot of 6718 sqft in South Beach,MIAMI,South Beach,Plot,4252129.678648763,6718,,,,2025-08-27,Active,10,4.2
PROP-12339,3 BHK Villa for sale in Little Havana,Miami,Little Havana,VILLA,2077998.4029045103,4155,3.0,2.0,1983.0,2025-03-23,Sold,5,4.0
PROP-11895,4 BHK Apartment for sale in Manhattan,New York,Manhattan,APT,"$1,425,171",798,4.0,3.0,1995.0,2025-09-29,Pending,10,4.9
PROP-12232,1 BHK Apartment for sale in Marina,SF,Marina,Apt,1118904.3469551099,1076,1.0,2.0,1975.0,2024-10-03,Active,7,4.4
PROP-10193,3 BHK Apartment for sale in Little Havana,Miami,Little Havana,APT,698462.069414792,1649,3.0,2.0,2007.0,2024-03-06,Pending,6,4.7
PROP-12984,Residential plot of 6655 sqft in Lincoln Park,CHICAGO,Lincoln Park,plot,3452396.288511773,6655,,,,2024-03-21,Sold,4,3.4
PROP-12482,Residential plot of 4529 sqft in Brickell,Miami,Brickell,Land,3079156.6698239925,4529,,,,2024-03-12,Active,4,3.5
PROP-11255,Residential plot of 8349 sqft in South Austin,AUSTIN,South Austin,Land,3516536.236220353,8349,,,,2025-09-15,Pending,8,3.9
PROP-12104,Residential plot of 1845 sqft in Brooklyn,NY,Brooklyn,land,2047036.1276836665,1845,,,,2025-10-02,Sold,6,3.8
PROP-13123,Commercial Space / Office in Manhattan,NEW YORK,Manhattan,commercial,28057357.78186371,16093,,10.0,1981.0,2025-10-11,Active,10,4.7
PROP-10138,2 BHK Apartment for sale in West Lake Hills,Austin,West Lake Hills,Apartment,698491.937672816,1029,2.0,3.0,2015.0,2025-08-17,Active,8,3.7
PROP-10898,4 BHK Apartment for sale in Loop,chicago,Loop,Apt,829444.4390829072,2156,4.0,1.0,2006.0,2024-05-29,Sold,6,4.1
PROP-10428,6 BHK Villa for sale in South Beach,miami,South Beach,villa,3079599.4094451168,5132,6.0,2.0,,2024-05-25,Active,6,4.1
PROP-10961,Residential plot of 7861 sqft in Mission District,San Francisco,Mission District,Plot,,7861,,,,2025-04-29,Active,4,3.8
PROP-12870,Commercial Space / Office in Lincoln Park,Chicago,Lincoln Park,Office,9763951.284335854,20842,,6.0,2006.0,2025-10-19,Active,1,4.6
PROP-10338,Residential plot of 5835 sqft in River North,chicago,River North,plot,,5835,,,,2025/10/15,Active,10,4.9
PROP-10717,Commercial Space / Office in South Beach,MIA,South Beach,Commercial,5037206.648094795,8079,,4.0,1961.0,2024-12-02,Pending,3,4.5
PROP-11222,Commercial Space / Office in Coral Gables,miami,Coral Gables,commercial,11407735.83347843,14697,,10.0,1996.0,2025-04-23,Sold,7,
PROP-11387,6 BHK Villa for sale in Mission District,SF,Mission District,villa,8287628.03899382,5223,6.0,3.0,2018.0,2024-11-23,Sold,8,4.2
PROP-13091,Commercial Space / Office in Downtown,Austin,Downtown,COMMERCIAL,"$5,407,464",11673,,3.0,1988.0,2024-12-20,Active,9,4.9
PROP-12383,Commercial Space / Office in Marina,SF,Marina,COMMERCIAL,Contact Agent,6343,,5.0,1999.0,21/03/2025,Active,7,4.1
PROP-11621,Commercial Space / Office in Manhattan,New York,Manhattan,Office,2022046.886262235,1128,,3.0,1988.0,2024-08-15,Pending,10,4.6
PROP-10504,2 BHK Apartment for sale in Coral Gables,miami,Coral Gables,Apt,2243214.844880353,2475,2.0,3.0,2017.0,2024-08-18,Pending,3,4.0
PROP-13238,Residential plot of 9391 sqft in Lincoln Park,chicago,Lincoln Park,plot,5389474.029738407,9391,,,,2025-09-09,Pending,5,4.5
PROP-11096,4 BHK Apartment for sale in Lincoln Park,Chicago,Lincoln Park,Apt,743455.1403376769,1315,4.0,1.0,1978.0,06/09/2024,Active,9,4.2
PROP-12072,Commercial Space / Office in Little Havana,MIAMI,Little Havana,Office,9134471.608642524,19135,,6.0,1993.0,2025-06-03,Pending,4,3.2
PROP-11167,Commercial Space / Office in Bronx,NY,Bronx,COMMERCIAL,20550490.732191443,23897,,8.0,2020.0,2024-05-13,Active,10,4.9
PROP-11403,3 BHK Apartment for sale in River North,CHI,River North,Apartment,714916.6390226984,2299 sqft,3.0,1.0,1960.0,2025-05-07,Pending,4,
PROP-12071,Commercial Space / Office in SOMA,SAN FRANCISCO,SOMA,commercial,11212839.459170315,7139,,4.0,1976.0,2024-03-17,Pending,9,4.1
PROP-12026,Commercial Space / Office in Coral Gables,MIA,Coral Gables,Office,7444660.681230862,7397,,3.0,1970.0,17/09/2024,Pending,10,4.6
PROP-11788,5 BHK Villa for sale in Downtown,AUSTIN,Downtown,VILLA,981021.7961365454,1931,5.0,4.0,2009.0,2025-10-28,Pending,5,3.6
PROP-10250,Residential plot of 5413 sqft in Coral Gables,miami,Coral Gables,plot,4829820.9640189,5413,,,,2025-09-19,Active,8,3.8
PROP-13110,2 BHK Apartment for sale in Manhattan,NY,Manhattan,apartment,1118717.6022780125,588,2.0,2.0,1966.0,2025-05-06,Active,10,
PROP-10528,Commercial Space / Office in Pacific Heights,san francisco,Pacific Heights,Office,45020013.383851215,24636,,9.0,2012.0,2025-08-14,Sold,5,3.3
PROP-13203,5 BHK Villa for sale in Coral Gables,MIA,Coral Gables,villa,3855752.911024104,4801,5.0,2.0,1984.0,2025-11-04,Sold,2,3.5
PROP-10192,4 BHK Villa for sale in Bronx,new york,Bronx,VILLA,1958459.0195019927,1869,4.0,4.0,2018.0,2024-11-08,Sold,5,3.8
PROP-12759,Residential plot of 7840 sqft in Pacific Heights,San Francisco,Pacific Heights,Plot,14696850.42912316,7840,,,,2025-04-20,Sold,3,3.1
PROP-11126,6 BHK Villa for sale in Downtown,Austin,Downtown,Villa,2315569.219236591,5447,6.0,2.0,2003.0,27/07/2025,Pending,10,4.8
PROP-13290,4 BHK Villa for sale in Mission District,san francisco,Mission District,Villa,4407148.220616841,3626,4.0,3.0,2010.0,2025-09-16,Active,8,4.9
PROP-12697,3 BHK Villa for sale in Downtown,ATX,Downtown,Villa,1585418.9371457356,3327,3.0,4.0,1987.0,2025-04-22,Sold,9,4.8
PROP-12746,Residential plot of 4028 sqft in Brooklyn,NEW YORK,Brooklyn,land,4867488.910740426,4028,,,,2024-09-11,Sold,7,3.3
PROP-10304,Commercial Space / Office in Manhattan,NEW YORK,Manhattan,Commercial,8256257.931820012,4378,,10.0,2009.0,2024-11-15,Pending,6,3.6
PROP-12810,2 BHK Apartment for sale in Marina,san francisco,Marina,Apt,2477933.064319567,2142,2.0,2.0,1964.0,2025-05-17,Active,2,3.1
PROP-11292,Residential plot of 9564 sqft in River North,CHICAGO,River North,land,3796308.366942698,9564,,,,2024-11-26,Pending,8,3.7
PROP-10070,5 BHK Villa for sale in Brooklyn,NEW YORK,Brooklyn,Villa,3981693.309458759,3893,5.0,4.0,1987.0,2025-03-16,Pending,9,
PROP-12813,2 BHK Apartment for sale in Manhattan,New York,Manhattan,Apt,3065055.4774121074,1659 sqft,2.0,2.0,2012.0,2024-01-06,Pending,9,4.9
PROP-10855,Commercial Space / Office in Queens,new york,Queens,commercial,6704408.291302216,5816,,3.0,2015.0,2025-02-24,Sold,5,3.9
PROP-13349,Commercial Space / Office in Loop,CHICAGO,Loop,COMMERCIAL,3382846.3395744697,9069 sqft,,2.0,2016.0,2025-03-25,Pending,7,4.8
PROP-10831,2 BHK Apartment for sale in South Beach,Miami,South Beach,apartment,1120119.2528830525,-2116,2.0,2.0,1982.0,2025-08-30,Sold,4,4.7
PROP-13135,Commercial Space / Office in Lincoln Park,CHI,Lincoln Park,Commercial,1283793.630516118,2545,,6.0,1992.0,2024/04/12,Sold,1,4.5
PROP-11456,Residential plot of 6131 sqft in West Lake Hills,Austin,West Lake Hills,land,3985850.8007198465,6131,,,,2025-08-01,Sold,8,4.9
PROP-10204,1 BHK Apartment for sale in Hyde Park,chicago,Hyde Park,Apartment,Contact Agent,1875,1.0,1.0,1993.0,2024/06/01,Sold,2,4.4
PROP-10238,Commercial Space / Office in Little Havana,miami,Little Havana,Office,5334580.402616133,12485,,3.0,,2025-05-03,Active,5,4.2
PROP-10092,Commercial Space / Office in Bronx,new york,Bronx,Commercial,21385385.329633474,23345,,7.0,2002.0,2024-03-07,Pending,5,4.7
PROP-13160,1 BHK Apartment for sale in East Austin,AUSTIN,East Austin,Apt,876366.8625771683,2443,1.0,3.0,1971.0,2025-05-18,Sold,9,4.0
PROP-10051,Commercial Space / Office in SOMA,San Francisco,SOMA,commercial,23947401.051182676,17307,,4.0,1974.0,2024-09-17,Sold,3,4.8
PROP-13151,3 BHK Apartment for sale in Loop,chicago,Loop,APT,646083.350343157,2051,3.0,3.0,2005.0,2025-11-17,Sold,4,3.3
PROP-11377,Residential plot of 1040 sqft in Loop,CHICAGO,Loop,Land,388798.6759683868,1040,,,,2025/08/16,Active,4,3.0
PROP-12698,6 BHK Villa for sale in South Austin,AUSTIN,South Austin,Villa,851588.8194908425,2068,6.0,2.0,1998.0,2024/02/16,Pending,3,3.3
PROP-13405,Commercial Space / Office in Manhattan,N.Y.,Manhattan,Commercial,"$39,919,010",20057,,3.0,2016.0,2025-03-17,Active,9,4.9
PROP-10448,Commercial Space / Office in West Lake Hills,ATX,West Lake Hills,COMMERCIAL,15239252.916280951,20044,,8.0,2000.0,2025-08-20,Active,4,4.8
PROP-11001,3 BHK Apartment for sale in South Beach,Miami,South Beach,Apt,646378.1785746389,949,3.0,2.0,1955.0,2025-04-15,Active,7,4.7
PROP-13286,1 BHK Apartment for sale in Downtown,austin,Downtown,apartment,264700.08269530616,541,1.0,3.0,1933.0,2024-01-08,Active,4,3.2
PROP-11959,Commercial Space / Office in Mission District,San Francisco,Mission District,Commercial,25366876.154109806,20824 sqft,,6.0,2020.0,2024-12-10,Sold,5,3.2
PROP-12377,Residential plot of 8693 sqft in South Beach,Miami,South Beach,Land,5315557.938975981,8693,,,,2025-08-04,Sold,7,3.5
PROP-12242,5 BHK Villa for sale in Loop,CHI,Loop,Villa,1666507.7684284195,4913,5.0,2.0,1998.0,2024-05-24,Sold,3,4.6
PROP-12840,Commercial Space / Office in Hyde Park,chicago,Hyde Park,Office,3036376.9551170156,11830,,3.0,1980.0,2025-11-04,Active,1,
PROP-12598,Residential plot of 1152 sqft in Mission District,San Francisco,Mission District,Land,"$1,475,886",1152,,,,2025-01-08,Sold,8,4.1
PROP-11532,Commercial Space / Office in Pacific Heights,san francisco,Pacific Heights,Office,45001235.61970635,22536,,9.0,1966.0,24/02/2025,Active,3,4.5
PROP-12410,Residential plot of 3374 sqft in Lincoln Park,chicago,Lincoln Park,plot,1741095.352162712,3374,,,,2025-05-12,Pending,1,4.1
PROP-11687,1 BHK Apartment for sale in Little Havana,MIA,Little Havana,Apt,"$947,409",2071,1.0,3.0,1960.0,31/03/2024,Pending,5,4.2
PROP-10411,1 BHK Apartment for sale in South Beach,Miami,South Beach,apartment,963495.8867585222,1790,1.0,1.0,1966.0,2024-10-26,Sold,10,4.1
PROP-12844,6 BHK Villa for sale in East Austin,AUSTIN,East Austin,Villa,721819.7142556638,1832,6.0,4.0,2001.0,2025-04-06,Pending,5,3.2
PROP-10146,Residential plot of 9880 sqft in South Beach,Miami,South Beach,Land,6501731.27399287,9880,,,,2024-02-12,Pending,10,4.4
PROP-12294,1 BHK Apartment for sale in Downtown,Austin,Downtown,apartment,758709.9143272204,1867 sqft,1.0,2.0,1965.0,2025-11-04,Sold,4,
PROP-12253,4 BHK Apartment for sale in Brooklyn,new york,Brooklyn,Apartment,744405.5452902616,630 SQFT,4.0,1.0,2008.0,2025-09-08,Pending,6,3.9
PROP-11257,Residential plot of 7283 sqft in Pacific Heights,San Francisco,Pacific Heights,Land,13883793.900346195,7283,,,,2024-09-18,Active,9,4.5
PROP-13388,1 BHK Apartment for sale in West Lake Hills,Austin,West Lake Hills,Apt,,793,1.0,3.0,1949.0,2024-07-04,Sold,2,3.8
PROP-12887,2 BHK Apartment for sale in Marina,SAN FRANCISCO,Marina,Apartment,1727187.002959608,1452 sqft,2.0,3.0,2006.0,2024-08-20,Sold,6,4.0
PROP-10114,4 BHK Apartment for sale in Loop,CHI,Loop,Apt,233743.0187383946,770,4.0,2.0,,2025-04-18,Pending,1,3.8
PROP-12030,Commercial Space / Office in Lincoln Park,CHICAGO,Lincoln Park,commercial,8685454.496556303,16026,,4.0,1999.0,2024-07-13,Sold,6,4.4
PROP-12689,Commercial Space / Office in Queens,NY,Queens,COMMERCIAL,11336505.12623575,10335,,3.0,2012.0,2024-12-09,Sold,6,3.7
PROP-10633,Commercial Space / Office in Queens,new york,Queens,Office,13350673.287485594,0,,5.0,1980.0,2025-05-09,Sold,2,
PROP-10498,4 BHK Villa for sale in West Lake Hills,austin,West Lake Hills,Villa,2831668.764368792,4006,4.0,4.0,2016.0,2025-06-07,Pending,3,3.6
PROP-12463,3 BHK Villa for sale in Marina,san francisco,Marina,VILLA,6186084.110693266,5792 sqft,3.0,2.0,2003.0,2024-07-31,Active,6,4.4
PROP-12282,6 BHK Villa for sale in Pacific Heights,San Francisco,Pacific Heights,VILLA,9828066.968646243,0,6.0,5.0,2017.0,2024/06/18,Sold,8,4.5
PROP-10637,Commercial Space / Office in Hyde Park,CHICAGO,Hyde Park,COMMERCIAL,5687597.976298714,19386,,10.0,2001.0,2024-03-20,Active,4,3.6
PROP-10720,3 BHK Villa for sale in West Lake Hills,AUSTIN,West Lake Hills,Villa,3073354.785773209,4444,3.0,2.0,1992.0,2025-06-02,Sold,5,4.5
PROP-10288,1 BHK Apartment for sale in SOMA,san francisco,SOMA,Apt,2650371.2683964865,2065,1.0,2.0,1972.0,2025/11/18,Active,4,3.4
PROP-10757,3 BHK Villa for sale in Pacific Heights,San Francisco,Pacific Heights,VILLA,8381925.540748185,3741,3.0,2.0,1980.0,15/12/2024,Sold,2,3.3
PROP-12595,1 BHK Apartment for sale in Marina,san francisco,Marina,Apt,1809533.7774549117,1849,1.0,2.0,1987.0,2024-02-10,Sold,1,3.2
PROP-12692,Residential plot of 8062 sqft in Bronx,NY,Bronx,Land,7323250.79601812,8062,,,,2025-10-27,Active,5,3.4
PROP-10645,6 BHK Villa for sale in Loop,CHICAGO,Loop,VILLA,2232946.890683716,5940,6.0,3.0,2020.0,2024-01-04,Sold,6,3.2
PROP-10484,Commercial Space / Office in Brooklyn,NEW YORK,Brooklyn,COMMERCIAL,9795065.288004523,8221,,6.0,2002.0,2025-11-17,Active,9,4.5
PROP-10755,1 BHK Apartment for sale in Loop,CHICAGO,Loop,apartment,684396.9771975861,2285,1.0,3.0,1993.0,2025-01-24,Pending,7,3.8
PROP-10596,Residential plot of 5274 sqft in Downtown,Austin,Downtown,land,2160067.0097737014,5274,,,,2024-03-01,Sold,8,4.8
PROP-12848,Residential plot of 6215 sqft in South Austin,ATX,South Austin,plot,2866445.7321103276,6215 sqft,,,,2025-02-01,Active,2,4.1
PROP-11068,6 BHK Villa for sale in Downtown,austin,Downtown,Villa,887407.4944875535,1865,6.0,3.0,1983.0,27/04/2024,Active,10,4.9
PROP-11942,4 BHK Villa for sale in Coral Gables,Miami,Coral Gables,Villa,2503362.9368210197,2894,4.0,4.0,2015.0,23/08/2024,Sold,1,4.4
PROP-11647,3 BHK Villa for sale in South Beach,MIA,South Beach,VILLA,1124891.6921929633,2046,3.0,5.0,2005.0,08/03/2025,Pending,10,4.6
PROP-13125,Residential plot of 5651 sqft in SOMA,SAN FRANCISCO,SOMA,Land,7516566.319654865,5651,,,,2024-01-04,Sold,5,3.3
PROP-11700,3 BHK Villa for sale in Brooklyn,N.Y.,Brooklyn,villa,3555089.755884455,2942,3.0,3.0,2022.0,2025-07-07,Sold,1,4.8
PROP-11308,4 BHK Apartment for sale in South Beach,MIAMI,South Beach,Apartment,528143.9474704642,816,4.0,3.0,2020.0,2025-06-07,Active,10,
PROP-12504,4 BHK Apartment for sale in Bronx,New York,Bronx,APT,1959692.8081956396,2079,4.0,1.0,2001.0,2024-12-02,Active,4,3.2
PROP-12753,3 BHK Villa for sale in SOMA,San Francisco,SOMA,Villa,6383113.824259516,4658,3.0,5.0,2004.0,2025-06-29,Active,4,4.8
PROP-13005,Commercial Space / Office in Lincoln Park,CHI,Lincoln Park,Office,1484172.0098108426,2794 sqft,,8.0,2002.0,2025-06-18,Pending,5,
PROP-12123,4 BHK Villa for sale in Mission District,san francisco,Mission District,villa,3136673.4574180488,2175,4.0,5.0,1996.0,2024-06-04,Active,9,5.0
PROP-13292,Commercial Space / Office in Marina,san francisco,Marina,COMMERCIAL,22830170.137594227,19946,,2.0,1997.0,2025-11-03,Active,9,4.9
PROP-10086,Commercial Space / Office in Coral Gables,miami,Coral Gables,Office,17390601.273229018,21700,,4.0,2011.0,2025-04-13,Active,1,4.6
PROP-12308,4 BHK Apartment for sale in South Austin,AUSTIN,South Austin,Apartment,1210718.9082769968,2467,4.0,3.0,1970.0,2025-03-18,Pending,8,4.7
PROP-12472,Commercial Space / Office in Loop,chicago,Loop,COMMERCIAL,4006033.5958251287,11225,,10.0,,2024-06-19,Sold,7,3.1
PROP-12758,Commercial Space / Office in Marina,SAN FRANCISCO,Marina,Office,"$26,258,063",21228,,7.0,1962.0,2025-07-12,Pending,7,3.8
PROP-12594,3 BHK Apartment for sale in Queens,new york,Queens,apartment,1108859.3029849604,834,3.0,1.0,2014.0,2025-02-15,Pending,5,3.9
PROP-12904,6 BHK Villa for sale in Marina,SF,Marina,Villa,7302078.90988244,5772,6.0,3.0,2020.0,2024-04-21,Active,1,4.2
PROP-11029,2 BHK Apartment for sale in West Lake Hills,austin,West Lake Hills,Apartment,803516 USD,1205 sqft,2.0,2.0,1978.0,2025/02/11,Active,10,4.1
PROP-13114,3 BHK Apartment for sale in River North,CHICAGO,River North,Apartment,336238.3758475919,910,3.0,1.0,1980.0,2024-07-04,Sold,9,4.6
PROP-11236,Residential plot of 2686 sqft in South Austin,Austin,South Austin,Plot,1165046.7138117156,2686,,,,15/09/2024,Sold,3,
PROP-12144,5 BHK Villa for sale in Manhattan,NEW YORK,Manhattan,VILLA,5655857.275848091,2970,5.0,2.0,2007.0,2025-05-22,Sold,8,3.4
PROP-10313,Commercial Space / Office in West Lake Hills,ATX,West Lake Hills,Office,11484421.938427743,18862,,5.0,2002.0,2024-05-22,Pending,6,4.7
PROP-11200,Residential plot of 7859 sqft in Loop,CHI,Loop,Plot,"$2,955,449",7859,,,,2025-01-07,Active,3,3.1
PROP-12025,1 BHK Apartment for sale in South Beach,MIAMI,South Beach,apartment,584145.9372560269,0,1.0,2.0,,2025-11-21,Sold,7,4.7
PROP-10621,Residential plot of 1583 sqft in Bronx,New York,Bronx,plot,1724464.118952675,1583,,,,2025-10-04,Active,10,4.9
PROP-11571,Commercial Space / Office in Lincoln Park,chicago,Lincoln Park,Office,2976918.0936926086,6225,,10.0,1991.0,2024-03-19,Active,5,4.1
PROP-10566,3 BHK Apartment for sale in Manhattan,NEW YORK,Manhattan,Apartment,1021286.9123636457,598,3.0,1.0,1953.0,2025-09-19,Pending,7,4.4
PROP-13481,1 BHK Apartment for sale in Coral Gables,MIAMI,Coral Gables,apartment,2055272.4567890714,2120,1.0,1.0,2021.0,2024-04-09,Sold,6,4.1
PROP-11837,Residential plot of 7935 sqft in West Lake Hills,Austin,West Lake Hills,plot,5547842.857818042,7935 sqft,,,,2024-02-25,Pending,3,3.4
PROP-11334,3 BHK Apartment for sale in South Beach,Miami,South Beach,apartment,628385.4791121305,1024,3.0,1.0,1948.0,2024-07-16,Active,8,3.4
PROP-13057,6 BHK Villa for sale in Manhattan,NY,Manhattan,villa,7195655.382103948,4390,6.0,3.0,1996.0,17/01/2025,Sold,3,4.9
PROP-12200,Commercial Space / Office in Little Havana,MIA,Little Havana,COMMERCIAL,3905318.5582263,9311,,9.0,1987.0,2024-08-05,Sold,9,4.4
PROP-12099,Residential plot of 6857 sqft in Hyde Park,CHI,Hyde Park,Plot,1921965.27048339,6857,,,,2024-07-09,Active,4,3.8
PROP-13019,5 BHK Villa for sale in SOMA,san francisco,SOMA,VILLA,7003414.10199087,0,5.0,3.0,2008.0,2025-05-07,Sold,8,4.1
PROP-12699,Commercial Space / Office in Brickell,MIA,Brickell,COMMERCIAL,3713785.0756662185,6386,,10.0,2006.0,2024-03-25,Pending,8,4.3
PROP-10276,Residential plot of 7251 sqft in Marina,San Francisco,Marina,Plot,7094149.304873102,7251,,,,2024/02/27,Pending,6,4.8
PROP-11688,3 BHK Apartment for sale in Queens,NEW YORK,Queens,Apartment,"$1,009,067",933,3.0,3.0,1971.0,2024-02-16,Pending,5,3.5
PROP-10745,Residential plot of 8073 sqft in Hyde Park,chicago,Hyde Park,Plot,2467575.744184636,8073,,,,2024-05-27,Pending,9,5.0
PROP-12359,4 BHK Villa for sale in Brooklyn,NY,Brooklyn,VILLA,,4539,4.0,5.0,1986.0,2025-06-22,Active,5,5.0
PROP-12876,4 BHK Villa for sale in SOMA,San Francisco,SOMA,VILLA,4584077.842725283,2956,4.0,5.0,2015.0,2025-02-16,Active,6,3.9
PROP-12187,Residential plot of 9716 sqft in Coral Gables,miami,Coral Gables,Land,8601400.932491798,9716,,,,2025-01-23,Pending,1,3.9
PROP-10195,Commercial Space / Office in Pacific Heights,san francisco,Pacific Heights,COMMERCIAL,33344330.237876568,17623,,6.0,2014.0,04/11/2025,Active,5,3.2
PROP-11152,Residential plot of 2404 sqft in South Beach,MIA,South Beach,plot,1415217.922289905,2404,,,,2024-02-14,Sold,10,4.8
PROP-12705,4 BHK Apartment for sale in Downtown,Austin,Downtown,Apt,469221.18706628686,1155,4.0,3.0,1950.0,2024-07-09,Pending,10,4.1
PROP-10963,Residential plot of 7938 sqft in South Austin,Austin,South Austin,Plot,3156835.8694278505,7938,,,,2025-03-13,Sold,4,3.4
PROP-10802,Residential plot of 5734 sqft in Downtown,AUSTIN,Downtown,Land,2653400.2742632404,5734,,,,2024-08-21,Pending,6,4.1
PROP-11619,Commercial Space / Office in Manhattan,NEW YORK,Manhattan,Office,17659094.26615193,8911,,3.0,2003.0,2024-03-24,Sold,10,4.3
PROP-12350,4 BHK Villa for sale in Little Havana,MIA,Little Havana,Villa,Contact Agent,2179,,3.0,1980.0,2024-08-03,Active,9,
PROP-12502,Commercial Space / Office in Marina,San Francisco,Marina,Commercial,11661278.80372598,9128 SQFT,,10.0,1978.0,2025-04-10,Active,4,4.5
PROP-10241,5 BHK Villa for sale in Lincoln Park,Chicago,Lincoln Park,VILLA,2578779.388665833,5081,5.0,2.0,1990.0,2025-10-13,Active,3,3.9
PROP-12068,Residential plot of 6302 sqft in Bronx,NEW YORK,Bronx,land,6672514.299649406,6302,,,,2025-05-14,Sold,3,4.4
PROP-12032,4 BHK Apartment for sale in South Austin,austin,South Austin,Apt,906642.3276482924,1854,4.0,2.0,1941.0,2024-06-08,Pending,4,4.7
PROP-10644,Residential plot of 7605 sqft in East Austin,austin,East Austin,Plot,2669118.504321055,7605,,,,2025-11-14,Active,4,4.7
PROP-10924,Commercial Space / Office in Queens,N.Y.,Queens,Office,21038284.896877125,18659,,9.0,1977.0,2024-06-20,Sold,6,4.0
PROP-11007,6 BHK Villa for sale in West Lake Hills,AUSTIN,West Lake Hills,villa,2274874.410957575,3040,6.0,2.0,2005.0,2025-07-12,Sold,7,3.9
PROP-12730,Commercial Space / Office in West Lake Hills,Austin,West Lake Hills,Commercial,7945421.203854393,10665,,5.0,1994.0,2024-10-05,Sold,8,3.3
PROP-11637,2 BHK Apartment for sale in Little Havana,Miami,Little Havana,Apartment,531780.7312943658,1133,2.0,1.0,1925.0,2024-01-25,Sold,1,3.6
PROP-10120,Commercial Space / Office in Marina,San Francisco,Marina,Office,20850202.00449105,19261,,10.0,1968.0,2024-09-18,Sold,2,4.8
PROP-11777,3 BHK Villa for sale in Pacific Heights,SF,Pacific Heights,VILLA,,1894,3.0,2.0,1984.0,28/10/2024,Pending,2,4.9
PROP-10309,Commercial Space / Office in Downtown,AUSTIN,Downtown,Office,9489573.401048632,20350,,8.0,1975.0,2025-07-15,Pending,9,4.2
PROP-10822,Commercial Space / Office in Coral Gables,Miami,Coral Gables,Office,11143235.132096749,11945,,9.0,,2024-10-18,Sold,10,4.4
PROP-12135,Commercial Space / Office in Downtown,AUSTIN,Downtown,commercial,7036506.734400352,14155,,10.0,2017.0,2025-08-17,Active,10,4.0
PROP-13332,3 BHK Villa for sale in West Lake Hills,Austin,West Lake Hills,villa,1445621.8060280853,2395,3.0,3.0,2018.0,2025-07-03,Sold,2,3.0
PROP-10874,Residential plot of 7191 sqft in South Beach,Miami,South Beach,plot,4114426.932347791,7191,,,,2024-12-15,Sold,10,4.1
PROP-10134,1 BHK Apartment for sale in Lincoln Park,CHI,Lincoln Park,apartment,649997.0137429605,1123,1.0,2.0,1962.0,24/01/2025,Pending,8,3.7
PROP-10255,Residential plot of 5773 sqft in Pacific Heights,san francisco,Pacific Heights,Land,12888644.481034236,5773,,,,2025-09-11,Pending,8,4.6
PROP-13461,1 BHK Apartment for sale in Marina,SF,Marina,Apt,"$1,735,044",1475,1.0,1.0,1960.0,2024-11-03,Pending,5,3.5
PROP-13155,1 BHK Apartment for sale in SOMA,San Francisco,SOMA,Apt,2628000.595274005,1849,1.0,3.0,2020.0,2024-01-03,Pending,10,4.4
PROP-12559,Residential plot of 9351 sqft in South Austin,austin,South Austin,land,4017483.861875062,9351,,,,2025-08-22,Sold,9,4.5
PROP-10062,Commercial Space / Office in Manhattan,NY,Manhattan,Office,44960908 USD,23482,,3.0,1991.0,2025-03-30,Active,8,4.2
PROP-12139,Residential plot of 4167 sqft in Downtown,AUSTIN,Downtown,Land,1855573.0636900072,4167,,,,2024-08-20,Pending,6,3.9
PROP-11358,Residential plot of 5243 sqft in Pacific Heights,SF,Pacific Heights,Plot,10623117.030889424,5243,,,,2024-01-09,Sold,1,3.2
PROP-11420,Residential plot of 4068 sqft in Loop,CHI,Loop,plot,1445283.8346480725,4068,,,,2025-10-18,Sold,9,4.0
PROP-13424,Residential plot of 5289 sqft in Brooklyn,NY,Brooklyn,Land,6602828.238008733,5289 sqft,,,,2025-11-23,Pending,3,4.8
PROP-12467,2 BHK Apartment for sale in West Lake Hills,Austin,West Lake Hills,APT,1023210.0942382682,1384,2.0,1.0,1926.0,2025-02-02,Active,2,4.4
PROP-10679,3 BHK Apartment for sale in Hyde Park,chicago,Hyde Park,apartment,404889.04547663475,1694,3.0,1.0,1994.0,2025-01-07,Sold,9,4.6
PROP-12041,2 BHK Apartment for sale in Loop,CHICAGO,Loop,Apartment,224692.7618427003,720,2.0,2.0,1920.0,2024-07-14,Active,1,4.8
PROP-10741,3 BHK Villa for sale in South Beach,miami,South Beach,VILLA,2516632.9840044156,4404,3.0,2.0,1989.0,2024/09/13,Pending,10,4.6
PROP-11211,4 BHK Apartment for sale in Queens,N.Y.,Queens,apartment,1506462.9195176947,1196,4.0,3.0,1989.0,2025-03-19,Sold,6,4.3
PROP-12170,5 BHK Villa for sale in Lincoln Park,CHICAGO,Lincoln Park,villa,1181994.911068414,2582,5.0,3.0,2019.0,2024-08-10,Active,2,4.7
PROP-10362,2 BHK Apartment for sale in Queens,New York,Queens,Apartment,2590267.1531261224,2384,2.0,3.0,1945.0,2024-12-25,Active,5,4.9
PROP-10444,Commercial Space / Office in Brooklyn,NEW YORK,Brooklyn,commercial,29735291.61132786,21687,,7.0,1962.0,2024-07-22,Active,4,4.8
PROP-10567,4 BHK Apartment for sale in Little Havana,MIA,Little Havana,apartment,923284.2425699668,1683,4.0,3.0,1982.0,2024-11-25,Pending,4,3.2
PROP-11873,Commercial Space / Office in East Austin,Austin,East Austin,COMMERCIAL,5837641.2656098865,16501,,2.0,2017.0,2024-10-30,Active,9,4.1
PROP-13357,4 BHK Apartment for sale in East Austin,Austin,East Austin,Apt,628929.9086760686,1816,4.0,2.0,1921.0,2025-06-09,Pending,10,4.3
PROP-12596,4 BHK Apartment for sale in Coral Gables,miami,Coral Gables,Apartment,1858665.8279954195,2013,4.0,2.0,2011.0,2024-01-21,Pending,10,4.1
PROP-11717,5 BHK Villa for sale in South Beach,MIAMI,South Beach,villa,3206187.142135319,5717,5.0,2.0,1981.0,2025-05-04,Pending,4,
PROP-11392,Commercial Space / Office in Marina,SF,Marina,Commercial,22656275.816650707,17695,,4.0,2020.0,2025-07-07,Pending,2,4.4
PROP-10294,Residential plot of 1801 sqft in South Beach,miami,South Beach,plot,978431.4271053796,1801,,,,2024-02-26,Active,5,4.7
PROP-12875,Residential plot of 2436 sqft in Hyde Park,CHI,Hyde Park,Land,714551.3122407681,2436,,,,2025-07-07,Sold,5,4.2
PROP-12556,5 BHK Villa for sale in Manhattan,NY,Manhattan,villa,8563751.23432196,5569 sqft,5.0,2.0,2012.0,27/09/2024,Active,3,4.4
PROP-10489,Residential plot of 1353 sqft in Marina,SF,Marina,plot,1537155.2302205572,1353,,,,2024-12-11,Pending,6,4.5
PROP-10493,2 BHK Apartment for sale in Manhattan,New York,Manhattan,Apt,3334850.748376062,1813,2.0,1.0,1995.0,2025-08-09,Sold,4,4.6
PROP-10690,3 BHK Villa for sale in Bronx,NY,Bronx,villa,4873038.008194531,4872,3.0,2.0,1983.0,2024-10-09,Pending,5,3.2
PROP-13435,1 BHK Apartment for sale in Hyde Park,chicago,Hyde Park,Apt,454787.5809899927,1500,1.0,1.0,1966.0,2025-03-28,Pending,7,3.7
PROP-10602,4 BHK Villa for sale in Brickell,MIAMI,Brickell,Villa,"$3,083,152",4850,4.0,2.0,1995.0,2025-10-27,Active,1,4.0
PROP-11911,6 BHK Villa for sale in Bronx,N.Y.,Bronx,VILLA,3202633.731491748,3257,6.0,5.0,1994.0,2024-11-22,Active,9,4.8
PROP-11014,3 BHK Apartment for sale in Brooklyn,N.Y.,Brooklyn,Apartment,1427043.7386160786,1068,3.0,1.0,1924.0,2025-03-14,Sold,5,3.1
PROP-13148,Residential plot of 6345 sqft in South Beach,MIAMI,South Beach,land,"$3,329,539",6345,,,,28/08/2024,Sold,10,
PROP-11993,Residential plot of 2609 sqft in Brooklyn,New York,Brooklyn,Plot,2856254.5971327103,2609,,,,17/09/2024,Active,4,4.1
PROP-13260,4 BHK Apartment for sale in SOMA,SF,SOMA,APT,1380252 USD,1157,4.0,2.0,2011.0,19/07/2025,Active,10,4.6
PROP-12963,Commercial Space / Office in Brooklyn,N.Y.,Brooklyn,Office,11301562.54782416,8983,,10.0,2012.0,2025-09-08,Sold,8,3.8
PROP-12636,3 BHK Apartment for sale in Queens,NEW YORK,Queens,apartment,1853411.9488262993,1425,3.0,3.0,1920.0,2025-06-28,Active,7,4.6
PROP-12366,4 BHK Apartment for sale in Loop,Chicago,Loop,apartment,845502.0621509224,2183 sqft,4.0,2.0,1956.0,13/10/2025,Sold,7,
PROP-11187,Residential plot of 8520 sqft in Hyde Park,Chicago,Hyde Park,Land,2508495.812044044,8520,,,,2025-01-27,Sold,3,3.7
PROP-10274,1 BHK Apartment for sale in River North,Chicago,River North,APT,"$691,110",1720,1.0,3.0,1937.0,2024-11-05,Active,4,4.7
PROP-12686,Residential plot of 5572 sqft in Manhattan,NY,Manhattan,Land,8672842.21883444,5572,,,,2024-06-08,Pending,10,4.2
PROP-11573,Residential plot of 3458 sqft in Little Havana,MIAMI,Little Havana,Plot,1878439.2860483949,3458,,,,2024-05-30,Sold,1,3.2
PROP-11361,Residential plot of 6353 sqft in Pacific Heights,San Francisco,Pacific Heights,land,14807488.30797352,6353 sqft,,,,2025-06-22,Sold,10,4.0
PROP-12991,Commercial Space / Office in Downtown,AUSTIN,Downtown,commercial,4788052.5075765895,9700,,6.0,2013.0,2024-03-23,Sold,10,4.8
PROP-11526,Commercial Space / Office in Little Havana,MIA,Little Havana,Commercial,"$5,516,821",12335,,7.0,1976.0,2024-01-17,Sold,3,4.8
PROP-13378,Commercial Space / Office in Brickell,MIAMI,Brickell,COMMERCIAL,955871.421773859,1507,,9.0,1996.0,2024/11/05,Pending,5,3.6
PROP-13082,Residential plot of 6867 sqft in Brickell,Miami,Brickell,Plot,3606324.541574467,6867 sqft,,,,2024-07-10,Sold,7,4.8
PROP-10337,Commercial Space / Office in Little Havana,miami,Little Havana,COMMERCIAL,2384255.9913631333,5469 SQFT,,9.0,2006.0,2025/01/02,Active,6,3.3
PROP-13273,4 BHK Villa for sale in Brooklyn,new york,Brooklyn,villa,2465411.060006964,2246,4.0,2.0,1983.0,2025-05-03,Active,4,
PROP-13263,3 BHK Apartment for sale in Downtown,Austin,Downtown,Apartment,644785.2746044106,1315,3.0,3.0,1939.0,2025-08-15,Active,4,4.5
PROP-11184,Commercial Space / Office in Mission District,SF,Mission District,COMMERCIAL,6081620.087392124,4227,,4.0,1974.0,2025-07-30,Active,6,3.7
PROP-11337,Residential plot of 7285 sqft in West Lake Hills,Austin,West Lake Hills,plot,5628186.16908906,7285,,,,2025-02-17,Pending,10,4.3
PROP-10945,2 BHK Apartment for sale in Brooklyn,NY,Brooklyn,apartment,"$1,295,835",1064,2.0,2.0,1965.0,2025-07-06,Pending,3,
PROP-10060,Residential plot of 2801 sqft in South Austin,austin,South Austin,plot,"$1,321,351",2801,,,,2024-01-27,Pending,4,4.2
PROP-12250,Residential plot of 1223 sqft in Brickell,MIA,Brickell,Plot,816243.2149950734,1223,,,,2025-05-26,Active,10,4.7
PROP-12343,Residential plot of 7271 sqft in South Austin,ATX,South Austin,Plot,2938126.206529587,7271,,,,2024-06-17,Active,8,3.3
PROP-10839,5 BHK Villa for sale in Brickell,MIAMI,Brickell,villa,"$2,501,101",3968,5.0,2.0,1994.0,2025-08-16,Pending,1,4.1
PROP-13103,3 BHK Villa for sale in Loop,Chicago,Loop,Villa,"$1,755,380",5564,3.0,5.0,2006.0,2025-09-13,Pending,3,4.8
PROP-12346,2 BHK Apartment for sale in Queens,NEW YORK,Queens,APT,1785782.8770695457,1376,2.0,1.0,2022.0,2025-04-29,Sold,3,4.6
PROP-10068,Commercial Space / Office in Marina,SF,Marina,COMMERCIAL,7354267.101459591,6157,,7.0,1979.0,2025-08-04,Active,3,3.3
PROP-11389,Commercial Space / Office in Queens,NEW YORK,Queens,Office,7303453.884377757,5487,,7.0,1967.0,2024-10-25,Active,8,3.0
PROP-12040,Commercial Space / Office in River North,chicago,River North,COMMERCIAL,7997498.721060946,20894 sqft,,3.0,2016.0,2024-03-06,Pending,10,4.6
PROP-11598,2 BHK Apartment for sale in Little Havana,MIA,Little Havana,APT,365370 USD,888,2.0,3.0,1974.0,2025-06-01,Sold,1,3.2
PROP-13375,4 BHK Apartment for sale in Little Havana,miami,Little Havana,Apartment,1054408.4419461775,2457,4.0,2.0,1933.0,2024-02-11,Sold,6,
PROP-11070,5 BHK Villa for sale in Brooklyn,New York,Brooklyn,VILLA,6753783.158357285,5580 sqft,5.0,5.0,2002.0,2025-09-01,Pending,10,4.7
PROP-11459,Residential plot of 3032 sqft in SOMA,san francisco,SOMA,land,4268478.198747325,3032,,,,2024-01-21,Active,10,4.8
PROP-11503,3 BHK Villa for sale in Hyde Park,chicago,Hyde Park,VILLA,984746.6817805149,3483,3.0,3.0,1999.0,2025-08-08,Sold,1,4.5
PROP-12941,3 BHK Apartment for sale in Manhattan,new york,Manhattan,apartment,2241673.416083019,1444,3.0,3.0,1973.0,2025-10-06,Sold,8,4.1
PROP-10150,Commercial Space / Office in East Austin,ATX,East Austin,COMMERCIAL,7819015.083529758,20069,,2.0,2015.0,2024-04-05,Pending,6,4.7
PROP-12896,2 BHK Apartment for sale in Hyde Park,Chicago,Hyde Park,Apartment,384936.6247051436,1428,2.0,1.0,2007.0,2025-09-07,Sold,3,3.1
PROP-12086,Residential plot of 3526 sqft in Manhattan,N.Y.,Manhattan,Plot,6607877.646467379,3526,,,,2024-02-01,Active,10,4.7
PROP-11516,Residential plot of 5539 sqft in Marina,San Francisco,Marina,land,"$6,511,523",5539,,,,2025/04/02,Active,10,4.2
PROP-12259,Residential plot of 1080 sqft in East Austin,Austin,East Austin,land,352881.43642102147,1080,,,,08/01/2024,Sold,2,4.9
PROP-13108,2 BHK Apartment for sale in South Beach,MIA,South Beach,Apartment,1018978.4006496879,1548,2.0,1.0,2009.0,2024-12-08,Pending,4,4.8
PROP-13157,Residential plot of 5742 sqft in Coral Gables,Miami,Coral Gables,land,5445379.339932924,5742,,,,2025-04-14,Active,10,4.9
PROP-12424,1 BHK Apartment for sale in Little Havana,Miami,Little Havana,Apartment,1036847.5493352247,2311,,2.0,1932.0,2024/06/27,Active,7,3.1
PROP-13466,Commercial Space / Office in East Austin,Austin,East Austin,Office,1297504.9726266318,3780,,4.0,1977.0,2024-03-26,Sold,1,4.6
PROP-10859,Residential plot of 2619 sqft in Mission District,SAN FRANCISCO,Mission District,Land,3415597.8848800464,2619,,,,2025-11-05,Pending,7,3.0
PROP-12756,Commercial Space / Office in Hyde Park,CHICAGO,Hyde Park,COMMERCIAL,4967721.168184597,17308,,8.0,1986.0,2025-11-10,Pending,8,4.4
PROP-12774,Residential plot of 8795 sqft in Loop,CHI,Loop,Land,2719396.159826702,8795 sqft,,,,05/02/2024,Active,6,5.0
PROP-12426,1 BHK Apartment for sale in Lincoln Park,chicago,Lincoln Park,Apartment,1001233.7005559598,1900,1.0,2.0,1949.0,2024-10-31,Active,10,4.6
PROP-13255,4 BHK Apartment for sale in SOMA,SF,SOMA,apartment,2834423.7391531793,2106,4.0,1.0,2000.0,24/03/2025,Pending,5,4.7
PROP-10366,Commercial Space / Office in Bronx,New York,Bronx,Office,15539235.961719315,18126,,3.0,1967.0,2025-02-14,Active,3,3.1
PROP-11432,4 BHK Villa for sale in Bronx,NY,Bronx,VILLA,5807381.52366863,-5814,4.0,4.0,1997.0,2024-12-19,Sold,1,3.5
PROP-11364,2 BHK Apartment for sale in South Austin,AUSTIN,South Austin,APT,1153611.1957318508,2285,2.0,3.0,2017.0,2025-11-02,Pending,9,4.5
PROP-11779,Commercial Space / Office in Little Havana,Miami,Little Havana,Office,1706042.6050003644,3516,,9.0,1960.0,2025-10-19,Active,10,4.7
PROP-10689,4 BHK Apartment for sale in East Austin,AUSTIN,East Austin,APT,503905 USD,1375,4.0,2.0,1991.0,2024-07-23,Sold,9,4.3
PROP-13322,6 BHK Villa for sale in Little Havana,Miami,Little Havana,VILLA,3039268.9406436086,5589,6.0,3.0,1994.0,04/01/2024,Pending,2,3.5
PROP-11818,4 BHK Villa for sale in SOMA,SF,SOMA,villa,5778111.593443197,4303,4.0,3.0,1983.0,2025-01-31,Pending,5,4.8
PROP-10369,Residential plot of 2253 sqft in Coral Gables,miami,Coral Gables,Plot,2125686.9424814857,2253,,,,2025-06-16,Pending,4,3.6
PROP-10841,3 BHK Villa for sale in Hyde Park,chicago,Hyde Park,Villa,1375394.8195422888,5318,3.0,4.0,2021.0,2025-05-06,Active,5,3.3
PROP-12704,4 BHK Apartment for sale in Loop,CHICAGO,Loop,apartment,459933.81884634256,1158,4.0,1.0,,2024/07/10,Pending,7,4.3
PROP-11189,Commercial Space / Office in Pacific Heights,san francisco,Pacific Heights,Office,31791778.750594743,14682,,4.0,,11/08/2024,Pending,9,4.6
PROP-10175,2 BHK Apartment for sale in Pacific Heights,San Francisco,Pacific Heights,apartment,3958604.2204835033,1701,2.0,1.0,1987.0,2024-03-15,Sold,7,4.2
PROP-12309,Commercial Space / Office in Downtown,Austin,Downtown,commercial,9958825.250647763,0,,8.0,1997.0,27/04/2025,Pending,10,4.0
PROP-10617,Commercial Space / Office in Hyde Park,CHICAGO,Hyde Park,COMMERCIAL,2097442.7237837445,6846,,4.0,1962.0,2024-08-03,Pending,10,4.3
PROP-12093,3 BHK Apartment for sale in South Beach,MIAMI,South Beach,apartment,431116.67905658187,719,3.0,3.0,1968.0,2025-06-20,Active,6,4.9
PROP-13016,1 BHK Apartment for sale in Hyde Park,chicago,Hyde Park,Apartment,458998.0796137762,0,1.0,1.0,1937.0,2024-03-16,Active,3,4.3
PROP-10082,Commercial Space / Office in Bronx,New York,Bronx,COMMERCIAL,8061680.565764166,8725,,8.0,1965.0,2024-01-29,Active,6,4.6
PROP-10816,Commercial Space / Office in South Beach,Miami,South Beach,commercial,3482348.2268162207,6472,,2.0,1990.0,2024-05-15,Sold,8,4.1
PROP-11030,Commercial Space / Office in Bronx,NEW YORK,Bronx,Commercial,5284183.712820156,6214,,10.0,1973.0,2024-01-30,Sold,9,4.1
PROP-13219,Commercial Space / Office in South Austin,austin,South Austin,Office,5559796.0461963,14428,,3.0,1999.0,2024-11-16,Pending,2,3.2
PROP-10300,6 BHK Villa for sale in River North,Chicago,River North,villa,1166803.502551746,3072,6.0,4.0,2009.0,2025/02/27,Active,9,4.7
PROP-11472,5 BHK Villa for sale in Brooklyn,NEW YORK,Brooklyn,villa,2131108.191943068,1859,,5.0,2006.0,2024-04-03,Sold,9,4.1
PROP-10283,1 BHK Apartment for sale in Lincoln Park,CHI,Lincoln Park,APT,783452.9368659578,1492,1.0,1.0,1945.0,2025-04-13,Sold,1,
PROP-12028,Commercial Space / Office in Brickell,Miami,Brickell,Office,7482442.719139752,11040,,7.0,,09/05/2025,Pending,1,3.3
PROP-13109,1 BHK Apartment for sale in Pacific Heights,San Francisco,Pacific Heights,Apt,3274638.2275767815,1677,1.0,3.0,1958.0,2024-12-16,Pending,7,4.5
PROP-12461,Residential plot of 2534 sqft in Lincoln Park,Chicago,Lincoln Park,plot,1336847.1929229966,2534,,,,2024-07-13,Active,3,
PROP-10609,Residential plot of 1404 sqft in Loop,CHI,Loop,plot,465828.6066575276,1404,,,,2025-01-03,Pending,6,3.9
PROP-11813,Residential plot of 3904 sqft in Lincoln Park,CHI,Lincoln Park,land,2042750.941801352,3904,,,,2025-04-17,Pending,8,4.0
PROP-11271,Residential plot of 7654 sqft in Pacific Heights,SAN FRANCISCO,Pacific Heights,land,14418966.207789766,7654,,,,2024-06-20,Sold,6,3.3
PROP-12772,4 BHK Villa for sale in Manhattan,new york,Manhattan,villa,7062261.716048579,4468,4.0,3.0,1992.0,2024-08-28,Active,10,4.5
PROP-10661,Commercial Space / Office in Pacific Heights,SAN FRANCISCO,Pacific Heights,Commercial,34181679.07012127,15639,,7.0,1979.0,2025-09-02,Sold,1,4.1
PROP-10820,5 BHK Villa for sale in Marina,San Francisco,Marina,Villa,2812468.7534965416,2629,5.0,4.0,1983.0,30/01/2025,Pending,2,4.2
PROP-12313,2 BHK Apartment for sale in Coral Gables,Miami,Coral Gables,apartment,547477.8371351836,556,2.0,1.0,1992.0,2024/03/01,Sold,7,5.0
PROP-12008,4 BHK Villa for sale in Lincoln Park,CHI,Lincoln Park,villa,2446758.864311371,4915,4.0,3.0,1989.0,2024-06-11,Sold,5,4.4
PROP-11177,2 BHK Apartment for sale in Bronx,New York,Bronx,Apt,2525307.3331921147,2498,2.0,1.0,1945.0,2025-08-25,Pending,5,
PROP-12642,Commercial Space / Office in South Beach,MIA,South Beach,commercial,5048753.135195247,9353,,4.0,1991.0,25/03/2025,Active,4,3.7
PROP-13330,3 BHK Villa for sale in Little Havana,MIA,Little Havana,Villa,2365104.0970358173,4908,3.0,3.0,2010.0,2024/07/19,Sold,5,4.1
PROP-10412,Commercial Space / Office in Loop,chicago,Loop,COMMERCIAL,3185849.578754286,10396,,10.0,1970.0,2025-01-16,Pending,6,4.3
PROP-12305,5 BHK Villa for sale in River North,CHI,River North,Villa,1699960.1303039622,4571,5.0,3.0,1980.0,2024-12-07,Sold,6,4.9
PROP-10325,6 BHK Villa for sale in Queens,NEW YORK,Queens,villa,2750073.0119022606,2368,6.0,3.0,2019.0,2025-10-22,Active,9,4.2
PROP-13256,Commercial Space / Office in South Beach,miami,South Beach,Commercial,9591387.787164455,16312,,3.0,1995.0,05/07/2025,Active,10,4.4
PROP-10099,Commercial Space / Office in Marina,SF,Marina,COMMERCIAL,"$21,960,240",17297,,2.0,1965.0,2025-06-01,Active,4,4.2
PROP-11466,1 BHK Apartment for sale in Bronx,NEW YORK,Bronx,apartment,Contact Agent,1160,1.0,3.0,2014.0,17/09/2024,Pending,3,4.8
PROP-10744,Commercial Space / Office in Little Havana,MIAMI,Little Havana,Office,3901481.5416188478,8787,,9.0,1999.0,2025-10-13,Active,8,4.1
PROP-10559,6 BHK Villa for sale in Loop,CHICAGO,Loop,Villa,2087224.3799461236,5796,6.0,5.0,2007.0,05/10/2024,Sold,2,4.2
PROP-10480,Residential plot of 6164 sqft in Little Havana,MIAMI,Little Havana,Land,3239958.6372151235,6164,,,,2025-01-04,Pending,10,4.4
PROP-10072,4 BHK Apartment for sale in Downtown,ATX,Downtown,apartment,606812 USD,1392,4.0,3.0,1930.0,2024-11-13,Active,8,4.6
PROP-11306,5 BHK Villa for sale in South Beach,MIA,South Beach,villa,1403317.0072460936,2343,5.0,2.0,2000.0,2024-02-29,Pending,8,4.0
PROP-11742,Residential plot of 5017 sqft in East Austin,Austin,East Austin,plot,1705002.1583998802,5017,,,,2024-12-25,Sold,4,4.3
PROP-11157,3 BHK Villa for sale in Coral Gables,miami,Coral Gables,villa,2182312.7795029185,2772,3.0,3.0,2008.0,2024-04-08,Active,6,3.2
PROP-11437,Commercial Space / Office in Mission District,SF,Mission District,commercial,12312321.20771647,9108,,9.0,1976.0,23/05/2024,Sold,6,4.7
PROP-12414,Commercial Space / Office in River North,CHICAGO,River North,commercial,6070890.748778711,19078,,2.0,1991.0,2024-08-16,Active,7,4.4
PROP-10595,3 BHK Apartment for sale in West Lake Hills,AUSTIN,West Lake Hills,apartment,1713224 USD,2482,3.0,1.0,1988.0,2025/06/14,Sold,5,3.8
PROP-10402,Residential plot of 4066 sqft in Little Havana,MIA,Little Havana,Land,Contact Agent,4066,,,,2024-03-21,Sold,5,
PROP-12195,Residential plot of 6786 sqft in Queens,new york,Queens,Plot,8867530.415138856,6786,,,,2024-03-28,Sold,6,3.7
PROP-10949,Commercial Space / Office in East Austin,AUSTIN,East Austin,commercial,3597415.5252737156,9064,,6.0,1990.0,20/05/2024,Pending,8,3.9
PROP-13027,3 BHK Villa for sale in Manhattan,N.Y.,Manhattan,Villa,4557701.834264304,2847,3.0,4.0,1995.0,2024-06-19,Sold,6,
PROP-12067,Residential plot of 1702 sqft in Bronx,new york,Bronx,land,1718681.6309847294,1702,,,,2024-04-18,Active,5,3.0
PROP-13296,Residential plot of 6717 sqft in West Lake Hills,AUSTIN,West Lake Hills,land,"$5,018,955",6717,,,,2025-08-18,Sold,3,5.0
PROP-11518,2 BHK Apartment for sale in River North,chicago,River North,APT,745338.9520825164,1992,2.0,1.0,2004.0,2025-05-20,Sold,5,4.7
PROP-10668,Residential plot of 8657 sqft in East Austin,AUSTIN,East Austin,land,2676683.5703061526,8657,,,,2025-10-01,Sold,6,4.1
PROP-10218,5 BHK Villa for sale in Lincoln Park,CHICAGO,Lincoln Park,VILLA,2034872.0962910056,3385,5.0,5.0,1991.0,2024-03-17,Active,9,
PROP-11962,Residential plot of 5247 sqft in South Austin,AUSTIN,South Austin,Plot,2649209.07743786,5247,,,,2024-05-29,Pending,5,4.3
PROP-13069,3 BHK Villa for sale in SOMA,san francisco,SOMA,VILLA,6000431.383469423,4472,3.0,3.0,1993.0,2024/03/25,Active,8,3.9
PROP-10021,Commercial Space / Office in Pacific Heights,San Francisco,Pacific Heights,Commercial,40368912.86268315,18036,,10.0,2003.0,2025-11-17,Pending,2,4.9
PROP-12213,Commercial Space / Office in Hyde Park,chicago,Hyde Park,commercial,2482596.556673162,10108,,7.0,1995.0,2025-08-27,Sold,8,4.3
PROP-12633,Residential plot of 5332 sqft in River North,Chicago,River North,plot,1951625.0460109804,5332,,,,2025-03-02,Pending,2,3.9
PROP-11659,2 BHK Apartment for sale in Lincoln Park,Chicago,Lincoln Park,Apartment,718434.424599928,1463,2.0,2.0,1995.0,2025/08/19,Sold,5,4.6
PROP-12864,3 BHK Apartment for sale in Marina,SAN FRANCISCO,Marina,apartment,591090.0433917874,601,3.0,1.0,1953.0,2024-10-06,Active,8,5.0
PROP-10207,5 BHK Villa for sale in Little Havana,MIA,Little Havana,VILLA,2625440.022286764,-4910,5.0,2.0,,2024-05-13,Pending,2,4.8
PROP-11826,Residential plot of 6148 sqft in Lincoln Park,chicago,Lincoln Park,Plot,2843629.2956413724,6148,,,,2024-05-24,Sold,4,4.7
PROP-12145,3 BHK Villa for sale in Queens,New York,Queens,villa,5198536.1467222655,4888,,2.0,1998.0,2024-04-11,Pending,8,3.9
PROP-10777,6 BHK Villa for sale in Coral Gables,MIAMI,Coral Gables,villa,3310952.6601404655,3932,6.0,2.0,2021.0,2024-01-30,Sold,9,4.2
PROP-12434,4 BHK Apartment for sale in Bronx,NEW YORK,Bronx,apartment,1054671.5616457905,1192,4.0,2.0,1963.0,2025-07-30,Pending,4,4.3
PROP-11712,Residential plot of 9104 sqft in Coral Gables,MIA,Coral Gables,Land,7801847.436956761,9104,,,,2024-12-17,Pending,6,3.1
PROP-11968,Residential plot of 3324 sqft in Hyde Park,Chicago,Hyde Park,plot,988137.790426542,3324,,,,2024-07-04,Pending,7,3.0
PROP-10424,Residential plot of 5018 sqft in Brickell,Miami,Brickell,plot,3308589.6933345655,5018,,,,2025-08-16,Sold,10,4.6
PROP-11491,Residential plot of 4932 sqft in Marina,SF,Marina,Plot,5484396.798385607,4932 sqft,,,,2025-04-21,Pending,5,3.1
PROP-12975,5 BHK Villa for sale in Queens,N.Y.,Queens,villa,2859271.237458194,2556,5.0,3.0,1981.0,2024-10-29,Sold,8,4.1
PROP-13377,1 BHK Apartment for sale in Manhattan,new york,Manhattan,apartment,3894518.2173877913,2256,1.0,3.0,2009.0,2025/08/07,Active,10,4.5
PROP-12842,Commercial Space / Office in Downtown,austin,Downtown,commercial,1853825.6781175174,4256,,10.0,1962.0,2025-11-03,Sold,6,4.5
PROP-11435,6 BHK Villa for sale in Marina,SAN FRANCISCO,Marina,VILLA,5717882.743994463,5356,6.0,3.0,2022.0,2024-02-22,Pending,4,4.1
PROP-11348,4 BHK Apartment for sale in Queens,New York,Queens,Apartment,"$2,493,430",2271,4.0,2.0,1996.0,2024/03/16,Sold,2,3.2
PROP-10517,4 BHK Apartment for sale in Marina,SF,Marina,apartment,1512039.6503590688,1396,4.0,3.0,2019.0,2025-09-13,Active,1,3.3
PROP-13105,3 BHK Villa for sale in Mission District,San Francisco,Mission District,villa,5029529.909227613,3624,3.0,4.0,2005.0,2024-11-12,Pending,2,4.1
PROP-13306,Residential plot of 3681 sqft in Coral Gables,MIA,Coral Gables,land,3397790.3767452706,3681,,,,2025-10-24,Sold,2,3.8
PROP-10201,4 BHK Villa for sale in Hyde Park,chicago,Hyde Park,villa,500227.39941242134,1956 sqft,4.0,3.0,1988.0,2024-01-23,Active,2,3.7
PROP-11692,3 BHK Apartment for sale in Loop,chicago,Loop,APT,518168.8518956189,1463,3.0,3.0,2013.0,2025-04-02,Active,5,3.3
PROP-11597,3 BHK Villa for sale in Coral Gables,MIA,Coral Gables,villa,2538561.7182637574,2876,3.0,2.0,2009.0,2024-03-15,Pending,3,3.1
PROP-13406,Commercial Space / Office in Downtown,AUSTIN,Downtown,Office,3690169.699742924,-8907,,7.0,1962.0,2024-05-03,Sold,7,4.2
PROP-11415,4 BHK Apartment for sale in River North,CHI,River North,apartment,734319.0025992118,2077,4.0,2.0,1941.0,2025-10-20,Active,3,5.0
PROP-10568,Commercial Space / Office in Mission District,San Francisco,Mission District,Commercial,10197545.650733959,7962,,2.0,2002.0,2025-01-29,Active,6,3.4
PROP-10360,Residential plot of 3277 sqft in Bronx,NEW YORK,Bronx,Land,"$3,445,133",3277,,,,2025-09-03,Pending,3,4.4
PROP-13183,Commercial Space / Office in East Austin,ATX,East Austin,Office,2032672.0524309333,5866,,5.0,1999.0,2025-11-13,Active,10,4.4
PROP-12385,Residential plot of 4668 sqft in River North,Chicago,River North,Land,1483359.9575024478,0,,,,2024-07-28,Sold,8,4.1
PROP-13315,2 BHK Apartment for sale in River North,CHI,River North,Apartment,316589.68904899707,866,2.0,1.0,1923.0,2024-09-12,Pending,5,4.5
PROP-13396,1 BHK Apartment for sale in Manhattan,New York,Manhattan,Apt,,809,1.0,3.0,1986.0,2025-05-06,Pending,9,5.0
PROP-10759,1 BHK Apartment for sale in Marina,SAN FRANCISCO,Marina,Apt,1123249.948489853,0,1.0,1.0,1942.0,2024-09-26,Sold,10,4.7
PROP-11845,Residential plot of 2015 sqft in South Austin,AUSTIN,South Austin,Plot,908868.9686611136,2015,,,,2024-05-17,Pending,8,4.6
PROP-10127,4 BHK Apartment for sale in Pacific Heights,San Francisco,Pacific Heights,Apartment,2772894.6734005115,1330,4.0,2.0,1990.0,2025-10-14,Active,2,4.0
PROP-12262,Residential plot of 5443 sqft in Manhattan,NY,Manhattan,plot,10568362.500429844,5443,,,,2024-06-25,Sold,4,4.7
PROP-11549,4 BHK Apartment for sale in SOMA,SF,SOMA,apartment,697590.2721209147,503,4.0,2.0,1957.0,2025-05-09,Sold,3,5.0
PROP-10214,3 BHK Apartment for sale in Brickell,miami,Brickell,Apt,1080573.9217456318,1846,3.0,3.0,1969.0,2025/09/15,Active,5,3.8
PROP-12989,Residential plot of 7734 sqft in Bronx,NY,Bronx,plot,7905436.459064474,7734,,,,2025-11-28,Pending,3,4.4
PROP-11107,Residential plot of 5999 sqft in Brickell,Miami,Brickell,land,3779467.8586864555,5999,,,,2025-07-07,Sold,10,4.3
PROP-13313,Commercial Space / Office in East Austin,Austin,East Austin,Commercial,8800408.677332997,24679,,7.0,1979.0,2024-02-19,Active,7,3.5
PROP-12336,6 BHK Villa for sale in Manhattan,NY,Manhattan,VILLA,3419648.1226475094,2187,6.0,3.0,2009.0,2025/01/15,Sold,8,4.8
PROP-12866,Residential plot of 4375 sqft in Marina,San Francisco,Marina,Land,4931617.209737462,4375,,,,2025-03-10,Pending,2,3.3
PROP-13208,4 BHK Apartment for sale in South Beach,MIA,South Beach,Apt,561006.4169970012,1014,4.0,1.0,2011.0,2025/06/21,Sold,6,4.9
PROP-11473,4 BHK Villa for sale in West Lake Hills,AUSTIN,West Lake Hills,VILLA,1489060.3458059228,2332,4.0,5.0,1982.0,2025-10-13,Pending,2,4.4
PROP-12244,4 BHK Apartment for sale in Bronx,new york,Bronx,Apartment,21572265.142063446,1655,4.0,3.0,1965.0,2025-03-08,Pending,6,3.1
PROP-10725,2 BHK Apartment for sale in Mission District,SF,Mission District,APT,1976147.256315281,1476,2.0,1.0,2007.0,2024-10-09,Sold,1,4.4
PROP-10018,5 BHK Villa for sale in Queens,new york,Queens,VILLA,3407683.1455108426,2642,5.0,5.0,2019.0,30/08/2024,Active,7,3.0
PROP-10049,Commercial Space / Office in Loop,CHICAGO,Loop,COMMERCIAL,7631057.30255563,21538,,9.0,2015.0,2025-09-24,Sold,5,5.0
PROP-11341,Commercial Space / Office in South Austin,AUSTIN,South Austin,COMMERCIAL,8221679.755281713,17390,,8.0,1975.0,2024-01-27,Active,7,4.5
PROP-10887,Commercial Space / Office in South Austin,austin,South Austin,Office,4910764.919839085,12237,,2.0,1997.0,2025-02-21,Sold,3,4.9
PROP-12165,3 BHK Villa for sale in Coral Gables,miami,Coral Gables,Villa,3773132.264595848,3652,3.0,5.0,1989.0,2025/07/19,Pending,5,3.2
PROP-11947,6 BHK Villa for sale in Loop,chicago,Loop,VILLA,1380727.4708465466,3871,6.0,2.0,2008.0,2025/02/10,Pending,2,4.4
PROP-12616,Commercial Space / Office in Brooklyn,NY,Brooklyn,COMMERCIAL,25452160.99664334,0,,8.0,1988.0,2025-02-09,Pending,4,4.5
PROP-10516,Commercial Space / Office in Coral Gables,MIAMI,Coral Gables,Commercial,13426624.87821914,15290,,3.0,1990.0,2025-05-30,Active,10,5.0
PROP-13059,1 BHK Apartment for sale in River North,CHI,River North,Apartment,584604.7883727986,1886 SQFT,1.0,3.0,1979.0,2024-04-23,Pending,10,4.6
PROP-10139,Commercial Space / Office in Loop,CHICAGO,Loop,Commercial,,4803,,4.0,1982.0,2025-04-11,Sold,8,3.7
PROP-13062,Commercial Space / Office in Queens,NY,Queens,commercial,1932718.314828524,1770,,5.0,1984.0,2025-06-08,Pending,9,4.0
PROP-13172,3 BHK Villa for sale in Brooklyn,new york,Brooklyn,villa,2817422.834064207,2263,3.0,3.0,1994.0,2024-06-02,Pending,5,4.7
PROP-13456,5 BHK Villa for sale in Brickell,Miami,Brickell,VILLA,1867395.9201669258,2744,5.0,5.0,2005.0,2024-02-22,Sold,7,4.7
PROP-10790,3 BHK Apartment for sale in South Beach,MIA,South Beach,Apt,734075.1757655714,1154,3.0,1.0,,2025-01-27,Active,9,
PROP-10463,3 BHK Apartment for sale in Marina,San Francisco,Marina,Apt,2205683.256649308,1913,3.0,2.0,1926.0,2024-02-19,Active,4,3.7
PROP-10499,1 BHK Apartment for sale in South Beach,MIA,South Beach,APT,1177245.5686245486,1811,1.0,2.0,1962.0,29/05/2024,Active,7,3.0
PROP-11233,Commercial Space / Office in East Austin,austin,East Austin,COMMERCIAL,,6168,,2.0,1973.0,2025-08-28,Sold,4,4.9
PROP-10594,Commercial Space / Office in Bronx,NY,Bronx,Commercial,20461045.205063686,19649 sqft,,3.0,1968.0,2024-11-01,Pending,4,3.1
PROP-10450,Residential plot of 6194 sqft in River North,CHI,River North,land,2020278.6698895884,6194,,,,2024-01-26,Active,5,4.3
PROP-10374,4 BHK Apartment for sale in Downtown,ATX,Downtown,apartment,577085.2875668973,1188,4.0,3.0,2023.0,2024-12-13,Pending,8,4.9
PROP-13276,Residential plot of 9206 sqft in Brooklyn,New York,Brooklyn,Plot,9782160.216757672,9206,,,,2025-11-09,Pending,4,3.7
PROP-10839,5 BHK Villa for sale in Brickell,MIAMI,Brickell,villa,"$2,501,101",3968,5.0,2.0,1994.0,2025-08-16,Pending,1,4.1
PROP-10312,2 BHK Apartment for sale in Hyde Park,Chicago,Hyde Park,Apt,601247.9060395655,2235,2.0,2.0,1927.0,2025/07/16,Active,9,4.4
PROP-13141,1 BHK Apartment for sale in SOMA,SAN FRANCISCO,SOMA,Apartment,1101244.0515181425,751,1.0,1.0,1941.0,2025-07-24,Sold,4,4.6
PROP-11537,4 BHK Villa for sale in Coral Gables,Miami,Coral Gables,villa,Contact Agent,3173,4.0,3.0,2021.0,2025-10-15,Active,5,3.0
PROP-12475,3 BHK Villa for sale in Bronx,N.Y.,Bronx,VILLA,3475499.519174054,3492,3.0,3.0,1988.0,2024-02-03,Pending,6,4.2
PROP-10451,3 BHK Villa for sale in South Beach,MIAMI,South Beach,Villa,1685556.878200538,2771,3.0,4.0,1982.0,2024-12-07,Pending,7,3.6
PROP-11481,Residential plot of 2344 sqft in Loop,Chicago,Loop,land,717224.9145924828,2344,,,,2024-08-08,Pending,8,3.2
PROP-10890,4 BHK Villa for sale in Loop,CHICAGO,Loop,Villa,1083936.9988428184,3237,4.0,4.0,2001.0,2025-03-16,Active,7,4.1
PROP-12763,1 BHK Apartment for sale in Brooklyn,New York,Brooklyn,Apartment,1830742.0134359088,1622,1.0,2.0,2005.0,2025-08-11,Active,2,3.2
PROP-10658,1 BHK Apartment for sale in Loop,CHICAGO,Loop,Apt,667132.8562046051,2145,1.0,1.0,1960.0,2025-06-03,Pending,1,4.0
PROP-11506,2 BHK Apartment for sale in East Austin,austin,East Austin,Apartment,361087.8064694966,1156,2.0,1.0,1944.0,2024-11-10,Pending,8,4.1
PROP-13159,1 BHK Apartment for sale in Marina,san francisco,Marina,Apartment,1624238.771257851,1474,1.0,1.0,,2025-10-15,Sold,7,3.9
PROP-10524,6 BHK Villa for sale in Queens,New York,Queens,Villa,6534644.097639279,5735,6.0,3.0,1999.0,2024-06-07,Sold,5,4.3
PROP-10999,6 BHK Villa for sale in Manhattan,N.Y.,Manhattan,villa,4271502 USD,2552 SQFT,6.0,3.0,2007.0,2024-06-15,Pending,8,4.0
PROP-10389,4 BHK Villa for sale in River North,Chicago,River North,VILLA,1302036.2586714241,3464,4.0,4.0,1998.0,2025-01-26,Active,10,
PROP-12330,6 BHK Villa for sale in South Beach,MIAMI,South Beach,Villa,3418584.15932061,5447,6.0,2.0,2008.0,2024-02-15,Active,7,3.4
PROP-11476,2 BHK Apartment for sale in South Austin,AUSTIN,South Austin,Apt,558354.5766734661,1369,2.0,3.0,2015.0,2025-02-23,Pending,9,4.2
PROP-12240,Commercial Space / Office in Manhattan,New York,Manhattan,Office,15606968.976976085,10160,,10.0,2012.0,2024-09-12,Sold,3,4.7
PROP-12386,Commercial Space / Office in West Lake Hills,AUSTIN,West Lake Hills,Commercial,12566188.638995858,21193,,8.0,2007.0,2025-04-20,Sold,1,3.3
PROP-11191,Residential plot of 6270 sqft in Hyde Park,Chicago,Hyde Park,plot,1708985.5998212702,6270,,,,2024-02-29,Sold,10,4.5
PROP-10992,Commercial Space / Office in Bronx,NEW YORK,Bronx,commercial,6899082.666994201,7389,,7.0,,2025-08-25,Sold,2,3.1
PROP-10901,Commercial Space / Office in Queens,New York,Queens,Office,9078269.09360175,6806,,10.0,1972.0,2025-03-29,Sold,3,3.1
PROP-12775,6 BHK Villa for sale in Pacific Heights,san francisco,Pacific Heights,villa,5519919.512739381,2598,6.0,2.0,1987.0,31/10/2025,Active,2,3.5
PROP-11923,Residential plot of 5191 sqft in Queens,new york,Queens,land,5692950.264675504,5191,,,,2024-07-28,Active,2,3.1
PROP-10758,4 BHK Villa for sale in Manhattan,New York,Manhattan,Villa,3775030.860787121,2464,4.0,2.0,1985.0,2024-08-26,Sold,4,3.8
PROP-10700,Commercial Space / Office in East Austin,Austin,East Austin,COMMERCIAL,3197440.8376508057,8515 SQFT,,3.0,2001.0,03/02/2025,Active,5,4.5
PROP-10673,Residential plot of 3870 sqft in SOMA,SF,SOMA,plot,5372763.317306554,3870,,,,2024-07-23,Pending,4,4.8
PROP-11293,4 BHK Apartment for sale in Downtown,Austin,Downtown,Apt,768285.174294178,1572,4.0,2.0,1986.0,28/02/2025,Active,7,4.4
PROP-11824,5 BHK Villa for sale in West Lake Hills,AUSTIN,West Lake Hills,VILLA,2598444.239280271,3919,5.0,2.0,1995.0,2024-12-23,Active,8,4.0
PROP-12873,Commercial Space / Office in Marina,SAN FRANCISCO,Marina,Office,4212066.436830216,4163,,9.0,1967.0,2025-08-12,Active,10,4.5
PROP-10077,3 BHK Apartment for sale in Brickell,MIAMI,Brickell,apartment,1511121.6368886915,2377,3.0,2.0,2003.0,2025-02-05,Sold,2,3.6
PROP-13333,Residential plot of 6823 sqft in River North,CHICAGO,River North,Land,2060702.5467637521,6823,,,,2025-05-28,Pending,9,4.3
PROP-11907,3 BHK Villa for sale in SOMA,SAN FRANCISCO,SOMA,VILLA,6011417.195846219,3853,3.0,3.0,1989.0,2024-09-14,Pending,10,4.6
PROP-10042,4 BHK Apartment for sale in South Beach,MIAMI,South Beach,apartment,1008665.6213687413,1463,4.0,2.0,1943.0,2025-03-22,Pending,4,3.9
PROP-10850,Residential plot of 7613 sqft in South Beach,MIAMI,South Beach,Plot,4913539.427942299,7613 SQFT,,,,2024-02-11,Pending,4,4.3
PROP-10368,Residential plot of 9147 sqft in Loop,Chicago,Loop,land,2942921.828752976,9147 sqft,,,,2024-05-17,Sold,1,4.7
PROP-11937,3 BHK Apartment for sale in Hyde Park,Chicago,Hyde Park,apartment,454106.5698549994,1449,3.0,3.0,1930.0,2025-05-01,Active,5,3.5
PROP-11151,6 BHK Villa for sale in Little Havana,MIA,Little Havana,Villa,2686721.103405471,5597,6.0,2.0,1980.0,2024-10-02,Pending,1,4.0
PROP-11567,Residential plot of 4124 sqft in Bronx,N.Y.,Bronx,plot,,4124,,,,04/07/2025,Pending,3,4.2
PROP-10557,Residential plot of 4159 sqft in South Beach,miami,South Beach,Plot,2574836.6477822186,4159,,,,2025-07-02,Sold,5,
PROP-10064,Residential plot of 7132 sqft in Queens,NY,Queens,Land,9723007.860837454,7132,,,,2025-04-30,Active,2,3.9
PROP-10191,5 BHK Villa for sale in Hyde Park,CHICAGO,Hyde Park,villa,615113.5465004885,2540,5.0,2.0,,2025-08-08,Active,4,4.3
PROP-12230,Residential plot of 6652 sqft in South Austin,ATX,South Austin,Land,3157007.6998651926,6652,,,,2025-05-27,Active,10,4.4
PROP-12156,Residential plot of 2083 sqft in Pacific Heights,SAN FRANCISCO,Pacific Heights,Plot,4537565.063632065,2083,,,,2025-05-19,Active,2,3.4
PROP-10174,6 BHK Villa for sale in Downtown,AUSTIN,Downtown,VILLA,1499585.1996689148,3342,6.0,4.0,1991.0,2024-04-02,Sold,6,3.0
PROP-11903,Residential plot of 5657 sqft in Coral Gables,Miami,Coral Gables,Plot,4338052.114215132,5657,,,,2024-03-27,Sold,6,4.4
PROP-11099,3 BHK Apartment for sale in River North,CHI,River North,Apartment,406986 USD,1365,3.0,3.0,1941.0,2025-07-05,Sold,5,3.5
PROP-10560,Commercial Space / Office in Mission District,SAN FRANCISCO,Mission District,COMMERCIAL,28215319.586283896,0,,10.0,1982.0,2024-04-27,Pending,7,4.6
PROP-12985,2 BHK Apartment for sale in Downtown,ATX,Downtown,Apt,769274.1557054109,1876,2.0,1.0,1952.0,2024-05-28,Sold,10,4.2
PROP-12292,Residential plot of 5175 sqft in Downtown,Austin,Downtown,land,2572748.1378235384,5175,,,,2024-09-14,Pending,10,4.3
PROP-11331,Residential plot of 4214 sqft in Mission District,SAN FRANCISCO,Mission District,plot,5036318.694957972,4214,,,,2024-02-04,Active,1,3.4
PROP-11363,Commercial Space / Office in Downtown,AUSTIN,Downtown,Commercial,8556388.077787887,20621,,9.0,1993.0,2024/05/10,Active,4,3.0
PROP-10261,Commercial Space / Office in East Austin,AUSTIN,East Austin,commercial,1093787.0160049768,3243,,4.0,1968.0,2025-10-14,Pending,5,4.4
PROP-10581,5 BHK Villa for sale in Little Havana,MIAMI,Little Havana,VILLA,1675163.1068456722,3434,5.0,3.0,2006.0,2024-11-04,Pending,10,4.5
PROP-11164,Residential plot of 3049 sqft in Little Havana,Miami,Little Havana,Plot,1256884.9091169978,3049,,,,2024/09/27,Sold,6,3.0
PROP-12120,Commercial Space / Office in Queens,New York,Queens,Office,18907113.35877729,15565,,3.0,1976.0,2024/08/27,Sold,4,4.6
PROP-12524,Residential plot of 8925 sqft in Mission District,SF,Mission District,land,"$11,096,323",8925,,,,2024-04-12,Active,7,4.0
PROP-12997,1 BHK Apartment for sale in Lincoln Park,Chicago,Lincoln Park,Apartment,447430.4155711259,791,1.0,2.0,1978.0,2025/08/27,Pending,6,3.0
PROP-10762,Commercial Space / Office in West Lake Hills,AUSTIN,West Lake Hills,COMMERCIAL,13083035.707514243,18888,,5.0,1974.0,2024-02-13,Pending,8,4.8
PROP-12360,2 BHK Apartment for sale in Marina,san francisco,Marina,APT,2560429.8805655637,2176,2.0,1.0,1981.0,2025/02/01,Pending,8,4.2
PROP-11661,5 BHK Villa for sale in Loop,CHICAGO,Loop,villa,1345156.9895153847,3514,5.0,2.0,2009.0,2025/08/09,Pending,9,4.5
PROP-10508,2 BHK Apartment for sale in Pacific Heights,SF,Pacific Heights,APT,4536000.139789355,2309,2.0,1.0,1944.0,2024-05-16,Sold,6,4.8
PROP-10166,Residential plot of 7438 sqft in SOMA,SAN FRANCISCO,SOMA,Land,11040258.765124245,7438,,,,2024-11-30,Pending,6,3.1
PROP-13299,Residential plot of 4278 sqft in Hyde Park,CHI,Hyde Park,Land,1160398.8754242,4278,,,,2025-05-17,Active,2,3.8
PROP-10406,Residential plot of 8987 sqft in River North,CHI,River North,Plot,3050784 USD,8987 sqft,,,,2025-06-09,Sold,8,3.5
PROP-13218,Residential plot of 4589 sqft in West Lake Hills,Austin,West Lake Hills,land,3223365.8769552945,4589,,,,2025-10-17,Pending,9,5.0
PROP-11914,Residential plot of 7191 sqft in West Lake Hills,austin,West Lake Hills,land,"$4,860,577",7191,,,,2025-02-28,Active,4,4.1
PROP-10103,4 BHK Apartment for sale in Hyde Park,chicago,Hyde Park,Apt,219334.48988303158,849,4.0,1.0,2007.0,2025/08/09,Active,4,3.0
PROP-13437,Residential plot of 2591 sqft in River North,CHICAGO,River North,Plot,806007.66699879,2591,,,,2025-05-30,Pending,3,3.2
PROP-10894,Residential plot of 9769 sqft in Little Havana,Miami,Little Havana,plot,5087972.926579589,9769,,,,2025-08-16,Sold,4,3.3
PROP-13206,Commercial Space / Office in West Lake Hills,ATX,West Lake Hills,COMMERCIAL,4327168.17810741,5727,,3.0,1962.0,2025-06-22,Pending,6,3.6
PROP-11104,Residential plot of 9503 sqft in River North,chicago,River North,land,3768804.3551945486,9503,,,,2024-12-17,Sold,10,4.5
PROP-12610,6 BHK Villa for sale in River North,CHI,River North,villa,630960.3803092642,1969,6.0,3.0,,2025-08-20,Pending,1,3.8
PROP-11752,Commercial Space / Office in Coral Gables,MIA,Coral Gables,COMMERCIAL,944649.1028217501,1114,,2.0,1972.0,2024-05-15,Active,3,3.9
PROP-11214,5 BHK Villa for sale in Mission District,San Francisco,Mission District,Villa,5448443.088636641,3812,,2.0,1998.0,2024-06-28,Active,10,
PROP-11856,2 BHK Apartment for sale in Brooklyn,NEW YORK,Brooklyn,apartment,1284615.4290783347,1102,2.0,3.0,2018.0,2024-10-26,Active,7,3.6
PROP-12957,4 BHK Villa for sale in West Lake Hills,ATX,West Lake Hills,villa,3671786.725605157,5145,4.0,2.0,1985.0,2024-07-30,Pending,10,4.7
PROP-12916,Commercial Space / Office in Queens,new york,Queens,commercial,11447428.939243559,11199,,10.0,1976.0,12/03/2025,Active,8,3.1
PROP-11658,5 BHK Villa for sale in West Lake Hills,Austin,West Lake Hills,Villa,Contact Agent,5779,5.0,3.0,2012.0,2025/10/20,Sold,10,4.5
PROP-10152,2 BHK Apartment for sale in Marina,SF,Marina,Apt,918950.6147682287,914,2.0,3.0,1958.0,2024-10-07,Pending,5,3.2
PROP-11134,Residential plot of 7710 sqft in Hyde Park,chicago,Hyde Park,Land,2371378.430566592,7710 sqft,,,,2024/02/13,Active,1,3.4
PROP-12483,Commercial Space / Office in South Beach,Miami,South Beach,commercial,7956054.27600959,12227,,8.0,1984.0,2025-07-24,Active,3,3.8
PROP-11583,6 BHK Villa for sale in South Beach,MIAMI,South Beach,villa,2916199.412774744,5657,6.0,2.0,2020.0,2024-02-21,Active,10,4.7
PROP-12832,3 BHK Apartment for sale in Coral Gables,MIAMI,Coral Gables,APT,1327781.1607119553,1590,3.0,3.0,1980.0,2025-07-25,Pending,8,4.8
PROP-12552,1 BHK Apartment for sale in Mission District,San Francisco,Mission District,APT,2252154.7622798877,1435,1.0,1.0,1992.0,19/10/2024,Sold,6,3.9
PROP-13486,Commercial Space / Office in South Beach,miami,South Beach,commercial,2197723.5433471864,3564,,7.0,1974.0,2024-09-21,Pending,3,3.2
PROP-13095,Residential plot of 6797 sqft in South Austin,ATX,South Austin,Land,3233523.735697279,6797,,,,2025-06-29,Active,2,4.1
PROP-10976,Residential plot of 8382 sqft in West Lake Hills,ATX,West Lake Hills,Plot,6137381.365475428,8382 sqft,,,,2024-11-11,Active,4,4.6
PROP-10520,Residential plot of 5194 sqft in Queens,new york,Queens,plot,7114625.34154744,5194,,,,2025-07-04,Sold,2,4.4
PROP-12999,Residential plot of 8528 sqft in Brickell,Miami,Brickell,plot,"$4,394,161",8528,,,,2024-08-20,Sold,7,4.4
PROP-12814,4 BHK Villa for sale in Bronx,new york,Bronx,VILLA,2964694.957088527,3027,4.0,4.0,1987.0,2024-09-20,Sold,6,4.0
PROP-12209,Residential plot of 7487 sqft in Pacific Heights,SF,Pacific Heights,Plot,18069465.07837543,7487,,,,2024-06-09,Sold,2,4.2
PROP-10442,Residential plot of 8794 sqft in SOMA,San Francisco,SOMA,plot,13031021.858210122,8794,,,,2025-04-23,Pending,10,4.3
PROP-12079,Residential plot of 1166 sqft in Marina,SAN FRANCISCO,Marina,Land,1185446.7945822414,1166,,,,2025-12-01,Active,3,
PROP-11822,Commercial Space / Office in River North,CHICAGO,River North,COMMERCIAL,4385345.694725956,11970,,10.0,1988.0,2025-01-31,Pending,10,5.0
PROP-10271,1 BHK Apartment for sale in West Lake Hills,AUSTIN,West Lake Hills,APT,1175737.5389233332,1583,1.0,3.0,1929.0,2024/03/20,Sold,2,3.2
PROP-12800,Residential plot of 9722 sqft in South Austin,AUSTIN,South Austin,land,3787699.2682582536,9722 SQFT,,,,2024-10-05,Active,10,5.0
PROP-11991,Commercial Space / Office in South Austin,austin,South Austin,Office,9547099.10910686,21630,,5.0,1991.0,2024-12-17,Pending,2,3.9
PROP-12708,Residential plot of 9417 sqft in Brickell,miami,Brickell,Plot,5143415.306276329,9417,,,,2024-07-18,Active,7,4.7
PROP-10309,Commercial Space / Office in Downtown,AUSTIN,Downtown,Office,9489573.401048632,20350,,8.0,1975.0,2025-07-15,Pending,9,4.2
PROP-10212,2 BHK Apartment for sale in Coral Gables,Miami,Coral Gables,apartment,1447410.0013039578,1508,2.0,3.0,2015.0,2024-04-19,Active,4,3.2
PROP-13465,6 BHK Villa for sale in Hyde Park,chicago,Hyde Park,Villa,981119.4388416866,3200,6.0,4.0,1990.0,2024-01-09,Pending,8,3.2
PROP-12551,Residential plot of 1722 sqft in West Lake Hills,AUSTIN,West Lake Hills,Plot,1188962.1234365737,1722 sqft,,,,2024-06-27,Sold,9,4.3
PROP-11909,Residential plot of 9832 sqft in River North,CHI,River North,Plot,3648497.9041072484,9832,,,,2025-05-26,Active,2,3.1
PROP-10495,2 BHK Apartment for sale in Bronx,NEW YORK,Bronx,Apartment,641906.1222242501,763,2.0,3.0,1940.0,19/09/2024,Active,2,5.0
PROP-10205,5 BHK Villa for sale in Loop,Chicago,Loop,Villa,1567695.2919331861,4180,5.0,4.0,2007.0,07/04/2024,Active,1,4.7
PROP-11434,Residential plot of 2288 sqft in SOMA,SF,SOMA,plot,3489073.340010206,2288,,,,2024-04-12,Active,8,4.2
PROP-11135,4 BHK Villa for sale in Mission District,SAN FRANCISCO,Mission District,villa,8287161.892940393,5238,4.0,5.0,1988.0,05/06/2025,Pending,5,4.4
PROP-12584,4 BHK Villa for sale in SOMA,San Francisco,SOMA,VILLA,5946922.636692092,4465,4.0,3.0,1993.0,2024-01-29,Pending,3,4.5
PROP-10868,6 BHK Villa for sale in Coral Gables,MIA,Coral Gables,VILLA,3316223.6804050347,3566 sqft,6.0,5.0,1991.0,2025-03-31,Pending,10,4.7
PROP-12749,5 BHK Villa for sale in Little Havana,MIA,Little Havana,Villa,1963620.2630946888,4767,5.0,4.0,1991.0,2024-01-02,Active,6,4.4
PROP-10305,3 BHK Villa for sale in Queens,new york,Queens,villa,3326304.392349835,2737,3.0,2.0,1993.0,2025-07-16,Active,5,4.1
PROP-11849,6 BHK Villa for sale in SOMA,SF,SOMA,VILLA,8793338.197314259,5754,6.0,4.0,1992.0,16/10/2024,Active,6,3.6
PROP-13181,4 BHK Apartment for sale in Brickell,MIAMI,Brickell,Apartment,362835.0996054383,596,4.0,2.0,1942.0,2025-09-14,Active,3,
PROP-11988,Residential plot of 3154 sqft in Downtown,austin,Downtown,plot,"$1,369,593",3154 SQFT,,,,2024-11-26,Sold,4,4.9
PROP-12798,Residential plot of 3597 sqft in Hyde Park,chicago,Hyde Park,Land,1107778.4390424427,3597,,,,2024-07-27,Pending,7,3.8
PROP-10419,Commercial Space / Office in Little Havana,MIA,Little Havana,Office,10775879.201688614,24976,,8.0,2012.0,2025-06-01,Sold,8,3.3
PROP-11534,Residential plot of 4938 sqft in River North,chicago,River North,Land,1812923.9569547402,4938,,,,2025-11-06,Sold,8,3.3
PROP-10843,Residential plot of 9199 sqft in Mission District,SF,Mission District,Plot,13906311.479382874,9199,,,,2025-07-01,Active,8,4.3
PROP-11987,Commercial Space / Office in Queens,NEW YORK,Queens,commercial,13927948.129272358,10985,,6.0,1986.0,2024-06-03,Pending,6,3.9
PROP-11838,4 BHK Villa for sale in Little Havana,MIA,Little Havana,Villa,1046920.3913336073,1974,4.0,3.0,2002.0,2025-02-13,Active,4,3.1
PROP-10341,3 BHK Apartment for sale in South Austin,Austin,South Austin,Apt,831220.9521374288,1870,3.0,1.0,2010.0,2025-08-07,Active,8,3.9
PROP-11714,Commercial Space / Office in South Austin,Austin,South Austin,commercial,1458764.0116575714,3434,,8.0,2001.0,2024-03-09,Sold,3,3.2
PROP-10383,Residential plot of 1345 sqft in Pacific Heights,SF,Pacific Heights,Land,2947702.646499666,1345,,,,2025-09-12,Sold,1,4.4
PROP-11538,Commercial Space / Office in Queens,NY,Queens,commercial,12064724.44382968,10530,,3.0,1995.0,2024-11-23,Active,9,4.5
PROP-10211,Residential plot of 6952 sqft in Brooklyn,NY,Brooklyn,land,8882771.035428658,6952,,,,2024-04-26,Sold,4,3.0
PROP-11957,5 BHK Villa for sale in East Austin,Austin,East Austin,VILLA,"$1,777,528",5518,5.0,2.0,2013.0,2025-07-11,Active,10,4.2
PROP-11638,Commercial Space / Office in Bronx,new york,Bronx,Office,22692403.7751728,20980,,2.0,1970.0,2025-08-13,Active,1,4.4
PROP-12438,Commercial Space / Office in Downtown,austin,Downtown,Office,6359342.496264183,16504,,7.0,2011.0,2025-02-14,Pending,5,4.3
PROP-12727,Residential plot of 2279 sqft in Bronx,N.Y.,Bronx,plot,1973921.555748592,2279,,,,2025-04-09,Sold,5,4.7
PROP-13321,Residential plot of 9869 sqft in River North,Chicago,River North,plot,3706057.4136276417,9869,,,,2024-12-06,Sold,9,4.6
PROP-11380,Commercial Space / Office in West Lake Hills,Austin,West Lake Hills,Commercial,14794252.396492867,24637,,2.0,1969.0,2024-03-11,Pending,8,4.3
PROP-11349,6 BHK Villa for sale in Manhattan,NEW YORK,Manhattan,Villa,5302494.125948609,3033,6.0,5.0,1987.0,2025/07/11,Sold,4,4.8
PROP-12613,Commercial Space / Office in South Beach,MIA,South Beach,Commercial,12497932.137772523,20046,,3.0,,2024-04-22,Pending,10,4.2
PROP-13043,Residential plot of 1892 sqft in Brickell,MIAMI,Brickell,plot,968612.934077695,1892,,,,2024-12-24,Sold,9,4.4
PROP-10824,6 BHK Villa for sale in SOMA,SF,SOMA,villa,3620704.398455732,3042,6.0,4.0,1993.0,2024-03-08,Active,7,4.5
PROP-10680,4 BHK Villa for sale in West Lake Hills,ATX,West Lake Hills,VILLA,3314481.3145066714,5748,4.0,5.0,2004.0,2024-03-07,Pending,4,3.4
PROP-10180,4 BHK Apartment for sale in East Austin,Austin,East Austin,APT,266357.0217289081,848,4.0,1.0,2013.0,2024-04-05,Sold,8,4.4
PROP-10253,3 BHK Apartment for sale in East Austin,AUSTIN,East Austin,Apt,244960.63200968914,748,3.0,3.0,1997.0,2025-08-12,Sold,3,5.0
PROP-13168,Residential plot of 5705 sqft in Mission District,San Francisco,Mission District,plot,6951377.601280277,5705,,,,2025-01-30,Active,9,4.5
PROP-10580,6 BHK Villa for sale in Mission District,SAN FRANCISCO,Mission District,VILLA,4372630.011920628,3411,6.0,2.0,1998.0,2025/04/29,Active,7,3.8
PROP-12924,4 BHK Villa for sale in Hyde Park,CHICAGO,Hyde Park,Villa,1397034.3312732575,4617,4.0,5.0,1992.0,2025-01-13,Sold,6,4.6
PROP-10278,Commercial Space / Office in Marina,SAN FRANCISCO,Marina,commercial,5927470.470631044,5331,,7.0,1965.0,2024-02-20,Pending,2,3.8
PROP-13029,Commercial Space / Office in South Beach,MIA,South Beach,COMMERCIAL,1761555.310544105,2909,,8.0,1992.0,2025-05-29,Sold,9,4.2
PROP-13245,4 BHK Apartment for sale in Bronx,New York,Bronx,APT,886752.0228361072,967,4.0,2.0,1922.0,2024-10-05,Active,10,4.8
PROP-12480,Commercial Space / Office in Pacific Heights,SF,Pacific Heights,Office,55241514.571222514,24787 sqft,,2.0,1994.0,2024-04-28,Pending,9,4.3
PROP-10289,3 BHK Apartment for sale in Marina,SF,Marina,Apt,2502145.1780846426,1974,3.0,2.0,1998.0,2025-08-08,Sold,1,4.0
PROP-12583,6 BHK Villa for sale in Marina,san francisco,Marina,villa,4509349.413045243,4431,6.0,5.0,2009.0,2024-07-05,Active,9,4.3
PROP-12012,1 BHK Apartment for sale in Lincoln Park,Chicago,Lincoln Park,apartment,397061.02006555133,827,1.0,1.0,1969.0,2025-05-28,Active,1,3.0
PROP-10993,Residential plot of 6397 sqft in Lincoln Park,Chicago,Lincoln Park,Land,3814328.0471227043,6397,,,,2025-08-25,Active,6,3.0
PROP-12236,6 BHK Villa for sale in SOMA,SF,SOMA,villa,7497723.167258326,5463,6.0,5.0,1998.0,2025-09-21,Sold,10,4.6
PROP-11982,2 BHK Apartment for sale in Lincoln Park,CHICAGO,Lincoln Park,Apt,1275077.476808291,2461,2.0,3.0,1984.0,2024-04-01,Pending,6,4.9
PROP-10039,2 BHK Apartment for sale in Hyde Park,Chicago,Hyde Park,apartment,436023.9695837227,1781,2.0,2.0,2004.0,2024-09-02,Active,3,3.0
PROP-11390,3 BHK Villa for sale in Brickell,miami,Brickell,villa,1605255.8936538699,3078,3.0,4.0,2000.0,2025-02-08,Sold,8,3.0
PROP-12754,Residential plot of 6741 sqft in Coral Gables,miami,Coral Gables,land,5880818.37114906,6741,,,,2024-03-06,Active,10,4.3
PROP-11920,4 BHK Apartment for sale in South Austin,austin,South Austin,Apartment,"$621,680",1595,4.0,1.0,1950.0,2025-03-18,Pending,10,4.7
PROP-13113,3 BHK Villa for sale in Manhattan,NY,Manhattan,Villa,4253738.309013811,2128,3.0,2.0,2019.0,2024/02/01,Pending,9,4.8
PROP-10270,Commercial Space / Office in Mission District,San Francisco,Mission District,Office,24498726.190253988,18230,,6.0,1963.0,2025-09-12,Active,4,4.3
PROP-13061,Commercial Space / Office in Downtown,AUSTIN,Downtown,COMMERCIAL,5097228 USD,12934,,6.0,1980.0,2024/07/06,Active,8,3.7
PROP-12883,Commercial Space / Office in Coral Gables,Miami,Coral Gables,Office,5705995.514837852,6045,,4.0,1986.0,2025-03-20,Active,1,3.9
PROP-10474,5 BHK Villa for sale in Manhattan,NY,Manhattan,Villa,10280082.441506391,5374,5.0,4.0,,2025-10-12,Sold,3,4.3
PROP-12971,3 BHK Apartment for sale in Brooklyn,N.Y.,Brooklyn,APT,2071669 USD,1567,3.0,3.0,1935.0,2025-07-18,Active,2,4.7
PROP-13188,Residential plot of 2317 sqft in Downtown,ATX,Downtown,plot,1023111.1450583007,2317,,,,2025/03/08,Active,3,4.1
PROP-10614,Commercial Space / Office in Bronx,NEW YORK,Bronx,Commercial,4833819.702700921,5141,,2.0,2013.0,2024/06/19,Active,9,4.9
PROP-10111,1 BHK Apartment for sale in River North,CHICAGO,River North,Apt,650073.1122384905,1870,1.0,1.0,1937.0,2024-09-11,Pending,4,3.9
PROP-11391,2 BHK Apartment for sale in Little Havana,miami,Little Havana,Apartment,335269.45312457887,637,2.0,1.0,1923.0,20/02/2024,Sold,9,4.9
PROP-12600,4 BHK Villa for sale in River North,Chicago,River North,Villa,1421238.0452093703,4607,4.0,5.0,1987.0,2024-12-08,Active,7,3.3
PROP-10220,Residential plot of 5809 sqft in SOMA,SAN FRANCISCO,SOMA,Land,7445668.439351343,5809,,,,2025-09-25,Sold,3,3.2
PROP-12675,Residential plot of 6507 sqft in West Lake Hills,Austin,West Lake Hills,Land,3853398.907039364,6507,,,,2024-11-15,Sold,6,3.3
PROP-13119,Commercial Space / Office in SOMA,SF,SOMA,COMMERCIAL,36038350.23127553,22729,,8.0,1967.0,2024-05-15,Sold,8,3.6
PROP-11422,3 BHK Apartment for sale in South Beach,MIAMI,South Beach,Apartment,1402645.8939764649,2380,3.0,1.0,2018.0,2025-01-31,Sold,10,4.1
PROP-10083,3 BHK Apartment for sale in Marina,SF,Marina,Apartment,611382.2458403911,538,3.0,1.0,1939.0,2025-09-15,Active,5,3.5
PROP-10873,Commercial Space / Office in Mission District,san francisco,Mission District,COMMERCIAL,25854095.490520775,17093 SQFT,,10.0,2018.0,2024-06-03,Pending,9,
PROP-12838,Commercial Space / Office in River North,Chicago,River North,Commercial,3164419 USD,8568,,7.0,2020.0,2025-09-15,Sold,9,4.1
PROP-12179,2 BHK Apartment for sale in West Lake Hills,ATX,West Lake Hills,Apt,952063.9464085792,1634,2.0,1.0,1922.0,2025-10-22,Active,2,4.5
PROP-10461,Commercial Space / Office in River North,CHICAGO,River North,commercial,4532742 USD,13998,,2.0,1960.0,2024-05-19,Sold,8,4.0
PROP-10404,1 BHK Apartment for sale in Brooklyn,new york,Brooklyn,apartment,969019.117222707,729,1.0,3.0,1944.0,2024-08-02,Active,4,3.9
PROP-10551,5 BHK Villa for sale in Loop,CHICAGO,Loop,VILLA,"$1,589,584",4123,5.0,4.0,1999.0,2025-02-28,Active,7,3.1
PROP-13479,Residential plot of 9829 sqft in Loop,Chicago,Loop,land,"$3,147,701",9829,,,,2024-09-18,Sold,1,4.0
PROP-12374,Commercial Space / Office in Pacific Heights,SAN FRANCISCO,Pacific Heights,Office,38694942.95900589,17347,,6.0,2016.0,2024/10/29,Pending,8,3.3
PROP-12038,3 BHK Apartment for sale in Queens,NEW YORK,Queens,apartment,2443047.441774727,0,3.0,2.0,1992.0,2024-08-28,Pending,9,4.3
PROP-12246,Commercial Space / Office in West Lake Hills,austin,West Lake Hills,Commercial,10245734.970442602,16806,,2.0,2000.0,2025/10/29,Pending,5,4.0
PROP-10699,Commercial Space / Office in Hyde Park,CHICAGO,Hyde Park,commercial,2214340.9552654047,7892,,3.0,2011.0,2025-05-04,Active,8,3.0
PROP-11132,Residential plot of 7437 sqft in Manhattan,NY,Manhattan,plot,15219970.357065786,7437 sqft,,,,2025-09-20,Active,10,4.5
PROP-12450,3 BHK Villa for sale in South Beach,MIAMI,South Beach,VILLA,1784266.7152828213,3480,,4.0,1992.0,2025-03-19,Active,10,4.1
PROP-12329,1 BHK Apartment for sale in South Beach,MIAMI,South Beach,Apartment,738869.4658306902,1172,1.0,1.0,1976.0,2025-11-04,Active,9,4.9
PROP-12635,Commercial Space / Office in Brickell,MIAMI,Brickell,commercial,"$9,724,654",15618,,10.0,1975.0,2025-07-24,Pending,7,3.7
PROP-12146,Commercial Space / Office in River North,Chicago,River North,Office,2717612.7515126383,7979,,7.0,1960.0,2024-10-29,Sold,8,3.3
PROP-10660,Commercial Space / Office in East Austin,austin,East Austin,Office,803685.2886560586,2590,,9.0,1978.0,2025-05-16,Active,10,4.3
PROP-10946,2 BHK Apartment for sale in Loop,CHI,Loop,APT,625563.1273569815,1757,2.0,2.0,,2024-10-11,Sold,10,4.7
PROP-12871,Commercial Space / Office in Queens,New York,Queens,COMMERCIAL,2017605.7678176726,1648,,9.0,2003.0,2024-08-29,Active,5,4.4
PROP-10650,6 BHK Villa for sale in Manhattan,N.Y.,Manhattan,villa,5402412.517034192,2945,,4.0,2003.0,2025-11-05,Active,8,4.4
PROP-10708,3 BHK Villa for sale in Brickell,Miami,Brickell,villa,1808099.0272549621,2710,3.0,4.0,1988.0,2024-11-10,Sold,2,4.9
PROP-11603,Commercial Space / Office in Downtown,AUSTIN,Downtown,Commercial,1614611.8987796044,3752,,8.0,1979.0,2024-02-16,Sold,8,4.6
PROP-11650,2 BHK Apartment for sale in Loop,chicago,Loop,APT,744918.3180432862,2213,2.0,3.0,1962.0,2024-09-07,Active,9,4.3
PROP-13434,2 BHK Apartment for sale in Manhattan,New York,Manhattan,Apartment,3608429.739499071,1793,2.0,3.0,1970.0,2025-09-24,Pending,10,4.8
PROP-13346,6 BHK Villa for sale in Brooklyn,new york,Brooklyn,villa,2147176.3593045464,1843,6.0,2.0,2013.0,2025-09-21,Pending,1,3.7
PROP-12401,4 BHK Villa for sale in Little Havana,MIA,Little Havana,villa,2069038.8689934788,3877,4.0,3.0,1980.0,2024-02-06,Pending,2,4.8
PROP-11424,4 BHK Villa for sale in West Lake Hills,Austin,West Lake Hills,VILLA,1159193.4865711688,1936,4.0,3.0,1981.0,2024-06-02,Active,2,4.3
PROP-11216,3 BHK Villa for sale in SOMA,san francisco,SOMA,villa,7184030.781402133,5598,,2.0,2017.0,2024-01-06,Pending,3,4.9
PROP-11913,5 BHK Villa for sale in Brickell,Miami,Brickell,villa,2199397.202214815,3843,5.0,5.0,1983.0,2025/04/25,Sold,1,4.0
PROP-11924,3 BHK Apartment for sale in West Lake Hills,Austin,West Lake Hills,Apartment,1070022.5908537498,1788,3.0,1.0,1945.0,2024-12-10,Sold,8,4.1
PROP-10104,6 BHK Villa for sale in Loop,chicago,Loop,VILLA,1775661.7199490045,4462,6.0,5.0,2000.0,2025/04/15,Pending,9,4.8
PROP-11064,Commercial Space / Office in SOMA,SF,SOMA,commercial,24034014.542797286,14977,,6.0,1975.0,2024-11-17,Sold,10,4.8
PROP-10314,Commercial Space / Office in Manhattan,new york,Manhattan,Office,10226744.042302152,5449,,3.0,1968.0,01/03/2025,Sold,10,4.6
PROP-11289,6 BHK Villa for sale in River North,Chicago,River North,Villa,"$1,155,486",3479,6.0,5.0,1983.0,2025/07/13,Pending,2,3.8
PROP-11427,Commercial Space / Office in Queens,NEW YORK,Queens,COMMERCIAL,14913468.592451159,14369,,9.0,1976.0,2025-01-24,Pending,4,3.7
PROP-11900,6 BHK Villa for sale in Mission District,san francisco,Mission District,villa,3257727.5313918716,2674,6.0,4.0,2005.0,2025-06-10,Sold,6,3.9
PROP-10153,4 BHK Apartment for sale in Marina,San Francisco,Marina,Apartment,1078933.303349466,937,4.0,1.0,1936.0,2025-06-15,Active,1,4.4
PROP-11792,Residential plot of 4327 sqft in Pacific Heights,san francisco,Pacific Heights,plot,8651091.159194933,4327,,,,15/12/2024,Pending,1,3.0
PROP-12161,6 BHK Villa for sale in Brooklyn,New York,Brooklyn,Villa,43972833.34389304,2596,6.0,5.0,2016.0,23/01/2024,Sold,2,3.3
PROP-13008,Residential plot of 7795 sqft in Bronx,New York,Bronx,plot,7400390.752083138,7795,,,,2024/04/19,Sold,6,3.7
PROP-12371,Residential plot of 8062 sqft in Coral Gables,MIA,Coral Gables,plot,7633908.857890819,8062,,,,2024-12-30,Pending,4,3.6
PROP-11105,Residential plot of 3730 sqft in Queens,NEW YORK,Queens,Plot,4694717.065869309,3730,,,,11/06/2025,Active,6,
PROP-10692,4 BHK Villa for sale in West Lake Hills,austin,West Lake Hills,villa,3613718.3774021994,5636,4.0,5.0,2003.0,2025/11/24,Pending,5,4.2
PROP-12003,2 BHK Apartment for sale in East Austin,austin,East Austin,Apartment,564370.1243541386,1654,2.0,1.0,1936.0,2024-09-28,Pending,10,
PROP-10860,3 BHK Villa for sale in East Austin,austin,East Austin,VILLA,2004105.0747439926,5871,3.0,3.0,1981.0,2025-07-21,Pending,1,4.0
PROP-10115,Commercial Space / Office in Manhattan,New York,Manhattan,Commercial,20244163.817865405,10407,,8.0,1971.0,2025/10/18,Sold,9,4.9
PROP-10684,Residential plot of 5435 sqft in Marina,San Francisco,Marina,land,6073695.801635243,5435,,,,2024-06-29,Pending,9,4.6
PROP-10273,Residential plot of 8054 sqft in East Austin,AUSTIN,East Austin,land,3183140.034249655,8054,,,,2024-11-27,Sold,9,4.8
PROP-12765,Commercial Space / Office in Queens,N.Y.,Queens,COMMERCIAL,"$24,308,278",18033,,5.0,,2024-10-24,Sold,5,3.3
PROP-13124,Residential plot of 6940 sqft in South Austin,Austin,South Austin,Land,3038243.0806547087,-6940,,,,2024-12-25,Pending,10,4.3
PROP-10628,Residential plot of 1397 sqft in Loop,chicago,Loop,Land,449345.8185099044,1397,,,,2024-09-10,Sold,2,4.6
PROP-12451,1 BHK Apartment for sale in River North,chicago,River North,Apartment,773910.4081352289,2004,1.0,2.0,1921.0,2024-04-13,Active,10,
PROP-13236,Commercial Space / Office in Marina,SAN FRANCISCO,Marina,COMMERCIAL,24286773.35173149,21195,,3.0,1998.0,2025-07-09,Pending,2,4.7
PROP-10326,1 BHK Apartment for sale in Coral Gables,MIA,Coral Gables,Apt,699826.2278482171,804,1.0,1.0,2005.0,2024-06-04,Pending,10,4.7
PROP-12652,Commercial Space / Office in Lincoln Park,CHI,Lincoln Park,commercial,7402789.854053501,15317,,10.0,1987.0,09/10/2025,Pending,5,4.4
PROP-10600,4 BHK Apartment for sale in Brooklyn,New York,Brooklyn,Apartment,786125.896544395,759,4.0,1.0,1956.0,2024-12-24,Active,5,3.3
PROP-12176,5 BHK Villa for sale in Bronx,N.Y.,Bronx,VILLA,3260929.4365021214,3255,5.0,3.0,1988.0,2024-02-25,Pending,5,3.8
PROP-11522,Commercial Space / Office in Queens,N.Y.,Queens,commercial,19461650.36084414,15042,,9.0,1980.0,2025-10-29,Sold,10,4.3
PROP-12593,Residential plot of 5366 sqft in Marina,San Francisco,Marina,plot,5451113.200418706,5366,,,,2024-05-02,Active,6,4.4
PROP-10666,Residential plot of 8792 sqft in Little Havana,MIA,Little Havana,land,4764399.466754709,8792,,,,2024-01-13,Pending,6,4.6
PROP-12240,Commercial Space / Office in Manhattan,New York,Manhattan,Office,15606968.976976085,10160,,10.0,2012.0,2024-09-12,Sold,3,4.7
PROP-12787,5 BHK Villa for sale in Marina,san francisco,Marina,Villa,,4103,5.0,2.0,1983.0,2024-12-20,Sold,10,4.7
PROP-10009,3 BHK Villa for sale in Downtown,austin,Downtown,Villa,1201766.1818806247,2381,3.0,3.0,1984.0,2024-12-04,Active,7,4.3
PROP-13347,6 BHK Villa for sale in West Lake Hills,AUSTIN,West Lake Hills,villa,1563659.8344433552,2483,6.0,2.0,1992.0,2024-08-15,Sold,2,3.3
PROP-11676,3 BHK Apartment for sale in Loop,CHI,Loop,Apt,857224.3580298466,2314,3.0,2.0,1939.0,2024/09/20,Pending,3,3.7
PROP-10348,Residential plot of 1775 sqft in South Austin,ATX,South Austin,Land,714483.0736209943,1775,,,,2024-10-18,Active,10,4.7
PROP-12936,6 BHK Villa for sale in Marina,San Francisco,Marina,Villa,5778301.784929073,4501,6.0,4.0,1981.0,2025-08-20,Sold,10,4.5
PROP-12660,Commercial Space / Office in Marina,San Francisco,Marina,COMMERCIAL,9183525 USD,7888,,6.0,1983.0,2024-07-19,Sold,8,3.4
PROP-12837,Commercial Space / Office in Hyde Park,Chicago,Hyde Park,commercial,,22857,,5.0,1983.0,2025-02-25,Pending,10,4.1
PROP-11626,Commercial Space / Office in South Austin,austin,South Austin,Office,7557661.830099031,19134,,9.0,2002.0,2024/03/21,Active,5,4.2
PROP-10943,5 BHK Villa for sale in Brooklyn,NEW YORK,Brooklyn,Villa,3212841.556055441,2538,5.0,2.0,2015.0,2025-10-02,Pending,1,
PROP-13335,Residential plot of 6658 sqft in Loop,CHICAGO,Loop,Plot,2455833.6704981932,6658,,,,2024-05-15,Sold,9,4.0
PROP-10942,Residential plot of 8068 sqft in Brickell,Miami,Brickell,plot,4666943.061211255,8068,,,,2024-08-01,Sold,3,3.9
PROP-10871,2 BHK Apartment for sale in Loop,CHI,Loop,APT,579709.3022788869,1443,2.0,3.0,1955.0,2024-12-11,Active,1,4.6
PROP-11787,Residential plot of 8081 sqft in Marina,SAN FRANCISCO,Marina,land,9306278.881153658,8081,,,,2024-08-13,Sold,9,4.3
PROP-12217,5 BHK Villa for sale in South Beach,MIAMI,South Beach,Villa,3342842.3376295385,5142,5.0,3.0,2007.0,2025/06/12,Pending,10,4.5
PROP-13344,4 BHK Villa for sale in Little Havana,Miami,Little Havana,villa,1741759.531968993,3671 sqft,4.0,4.0,2004.0,2024-08-24,Sold,7,3.6
PROP-12218,5 BHK Villa for sale in East Austin,ATX,East Austin,VILLA,1524619.141840525,4479,5.0,2.0,1980.0,2025-10-16,Pending,8,4.8
PROP-11636,Residential plot of 7790 sqft in South Austin,austin,South Austin,plot,3780622.496832167,7790,,,,2024-09-21,Sold,5,4.5
PROP-12121,5 BHK Villa for sale in East Austin,Austin,East Austin,VILLA,968321.5819242276,3158,5.0,3.0,1990.0,2024-07-03,Sold,9,4.8
PROP-12468,Residential plot of 2723 sqft in Mission District,SAN FRANCISCO,Mission District,land,4374751.259863702,2723,,,,2024-06-11,Sold,4,4.5
PROP-13423,5 BHK Villa for sale in Little Havana,MIAMI,Little Havana,villa,1115133.2631509635,2176 SQFT,5.0,5.0,2006.0,2024-03-04,Pending,7,4.1
PROP-13115,Commercial Space / Office in Downtown,ATX,Downtown,Office,6216727.717886325,12694,,9.0,1990.0,2024-11-18,Sold,8,4.9
PROP-10085,Residential plot of 1266 sqft in Loop,CHI,Loop,Land,424103.4890051034,1266,,,,2024-03-10,Sold,2,
PROP-12140,1 BHK Apartment for sale in Little Havana,MIA,Little Havana,Apt,1085773.0507276123,2182 sqft,1.0,2.0,2016.0,2024-09-18,Sold,2,3.5
PROP-11877,Commercial Space / Office in SOMA,san francisco,SOMA,Commercial,,15715,,10.0,1983.0,2024-04-21,Sold,10,4.4
PROP-12801,1 BHK Apartment for sale in West Lake Hills,austin,West Lake Hills,Apartment,,1376,1.0,1.0,1964.0,2024-12-17,Sold,10,4.9
PROP-10186,Commercial Space / Office in Hyde Park,CHICAGO,Hyde Park,Commercial,Contact Agent,23951,,10.0,2010.0,2025-02-28,Sold,10,5.0
PROP-12640,Commercial Space / Office in Pacific Heights,san francisco,Pacific Heights,Commercial,24592715.084583875,12573,,10.0,1974.0,2025-10-26,Active,1,3.3
PROP-11062,Commercial Space / Office in Marina,SAN FRANCISCO,Marina,Commercial,"$9,039,847",9419,,7.0,1962.0,2024-09-07,Sold,4,3.9
PROP-12880,Commercial Space / Office in Hyde Park,Chicago,Hyde Park,commercial,5727454.416107629,20589,,8.0,1999.0,2024-09-07,Sold,4,4.5
PROP-13389,2 BHK Apartment for sale in Pacific Heights,San Francisco,Pacific Heights,apartment,2874951.7555800076,1355,2.0,1.0,1922.0,2024-01-14,Active,1,4.5
PROP-10494,6 BHK Villa for sale in Queens,New York,Queens,villa,2366543.4318038085,1961,6.0,5.0,1984.0,2025-08-21,Sold,2,4.5
PROP-12019,Commercial Space / Office in SOMA,SF,SOMA,Commercial,5958166.622413096,4326,,3.0,1985.0,2024-04-23,Pending,10,4.7
PROP-12525,3 BHK Villa for sale in River North,CHI,River North,villa,"$1,128,390",2854,3.0,4.0,1989.0,2025-05-10,Sold,8,3.2
PROP-10007,Commercial Space / Office in Mission District,SAN FRANCISCO,Mission District,Commercial,7481890.17776461,-4665,,7.0,2016.0,2024-11-10,Active,10,4.1
PROP-13294,5 BHK Villa for sale in East Austin,ATX,East Austin,villa,956814.4431972253,2780,5.0,2.0,2021.0,2025-04-10,Sold,1,4.5
PROP-10519,Residential plot of 6317 sqft in Mission District,San Francisco,Mission District,Land,7738093.706791889,6317,,,,2025-07-16,Active,7,4.8
PROP-11270,Residential plot of 9418 sqft in East Austin,AUSTIN,East Austin,plot,2974023.551623521,9418,,,,2025-07-24,Sold,2,4.4
PROP-10929,4 BHK Villa for sale in Mission District,san francisco,Mission District,Villa,3380892.282658523,2834,4.0,3.0,2021.0,2024-11-08,Active,7,4.5
PROP-12497,Commercial Space / Office in Marina,SF,Marina,Commercial,24652807.953177944,22353,,4.0,1990.0,2025-08-07,Active,4,3.5
PROP-12895,Residential plot of 7051 sqft in Bronx,New York,Bronx,land,7192112.676082452,-7051,,,,14/01/2024,Active,7,4.8
PROP-10244,Commercial Space / Office in South Austin,austin,South Austin,Office,8056800.913610082,19838,,2.0,1976.0,2025-06-02,Active,9,4.9
PROP-11834,Residential plot of 1174 sqft in Coral Gables,MIA,Coral Gables,plot,970380.8147918407,1174,,,,13/06/2025,Pending,8,3.4
PROP-10618,Residential plot of 4795 sqft in SOMA,SAN FRANCISCO,SOMA,Plot,7048180.65140419,4795,,,,2024-05-24,Sold,10,4.0
PROP-11296,Residential plot of 4483 sqft in Brickell,Miami,Brickell,Plot,2503489.5125889364,4483,,,,2025-08-15,Pending,2,4.6
PROP-12172,4 BHK Apartment for sale in Lincoln Park,CHI,Lincoln Park,Apartment,945922.2360163517,1815,4.0,2.0,2011.0,2025-09-27,Sold,4,3.4
PROP-10796,3 BHK Villa for sale in West Lake Hills,ATX,West Lake Hills,Villa,1923725 USD,2791,3.0,3.0,1985.0,2025-11-11,Sold,9,4.3
PROP-10882,4 BHK Villa for sale in Downtown,AUSTIN,Downtown,Villa,1764832.9018042097,3570,4.0,4.0,1992.0,2024-09-20,Sold,4,3.8
PROP-13212,3 BHK Apartment for sale in Loop,Chicago,Loop,Apartment,320846.89266593,1065 SQFT,3.0,1.0,1947.0,2024-02-14,Active,10,
PROP-11283,3 BHK Apartment for sale in Loop,CHI,Loop,apartment,554081.1714591299,1643,3.0,1.0,1950.0,2024-02-05,Pending,3,
PROP-11413,Commercial Space / Office in SOMA,SAN FRANCISCO,SOMA,commercial,16134349.682631472,-13497,,5.0,2011.0,2024-02-29,Active,10,4.8
PROP-12201,Residential plot of 8252 sqft in SOMA,san francisco,SOMA,land,10778192.298930058,8252,,,,2025-08-10,Active,6,4.9
PROP-12001,Commercial Space / Office in Pacific Heights,San Francisco,Pacific Heights,COMMERCIAL,41296745.48586897,17222,,5.0,1980.0,10/03/2024,Sold,6,3.2
PROP-10885,1 BHK Apartment for sale in Queens,NY,Queens,apartment,2560151.9415409383,2215,1.0,1.0,2008.0,2025-04-28,Pending,5,4.5
PROP-10869,1 BHK Apartment for sale in Manhattan,new york,Manhattan,apartment,3501863.4059244315,2009,1.0,3.0,1981.0,2025-10-27,Sold,5,3.1
PROP-12358,Commercial Space / Office in Mission District,San Francisco,Mission District,Office,30128020.31992863,24826,,8.0,1979.0,2025-10-17,Sold,8,4.3
PROP-12006,2 BHK Apartment for sale in Hyde Park,chicago,Hyde Park,Apt,420846.79503031913,1602,2.0,3.0,2004.0,2025-05-25,Sold,10,5.0
PROP-13090,1 BHK Apartment for sale in Downtown,Austin,Downtown,Apartment,1169882.3740472184,2323,1.0,1.0,1920.0,2024-09-10,Active,7,4.7
PROP-13340,3 BHK Villa for sale in Loop,CHI,Loop,villa,1036343.8265144385,3208,3.0,4.0,1982.0,2024/07/01,Pending,1,3.6
PROP-11624,2 BHK Apartment for sale in South Beach,MIA,South Beach,apartment,1338394.8993817843,1988,2.0,2.0,1951.0,2024-02-26,Sold,10,4.4
PROP-10356,Commercial Space / Office in Loop,CHICAGO,Loop,commercial,5307131.8786757225,17118,,5.0,1961.0,2024-10-10,Active,10,4.6
PROP-11162,4 BHK Apartment for sale in Brickell,MIAMI,Brickell,Apartment,1032678.5966849655,1906,,1.0,2000.0,2025/10/08,Pending,10,4.7
PROP-11355,Residential plot of 6294 sqft in Hyde Park,CHICAGO,Hyde Park,plot,1590758.3390209954,6294,,,,2025-11-02,Pending,2,3.0
PROP-13064,6 BHK Villa for sale in Queens,NEW YORK,Queens,villa,4231779.217822567,4056,6.0,4.0,2017.0,2024-11-19,Active,10,
PROP-13185,Residential plot of 1415 sqft in Queens,NEW YORK,Queens,Land,"$1,789,096",1415,,,,2024-07-05,Sold,6,3.8
PROP-13334,4 BHK Apartment for sale in Bronx,N.Y.,Bronx,APT,963713.7245702196,992,4.0,3.0,1987.0,2025-09-12,Pending,10,4.5
PROP-12743,Commercial Space / Office in Pacific Heights,San Francisco,Pacific Heights,Office,42210262.34894524,21488,,5.0,1973.0,2025-10-29,Sold,1,4.9
PROP-12607,Commercial Space / Office in Bronx,NY,Bronx,Office,21383811.71592435,21235,,10.0,1974.0,2025-04-11,Active,1,4.0
PROP-11275,Residential plot of 1891 sqft in South Austin,Austin,South Austin,land,804824.5713852707,1891,,,,2025-04-16,Sold,2,4.5
PROP-11890,Residential plot of 8406 sqft in Brickell,MIAMI,Brickell,Plot,4636215.72152541,8406,,,,18/06/2024,Active,10,4.4
PROP-10579,3 BHK Villa for sale in Bronx,New York,Bronx,villa,2297896.901342806,2811,3.0,5.0,1999.0,2024-12-26,Active,1,3.5
PROP-12319,4 BHK Villa for sale in Pacific Heights,san francisco,Pacific Heights,villa,4657443.567245791,0,4.0,5.0,2003.0,2024-04-12,Pending,4,4.6
PROP-11605,5 BHK Villa for sale in River North,Chicago,River North,villa,933204 USD,2682,5.0,4.0,2015.0,2024-06-06,Active,3,3.5
PROP-11691,Commercial Space / Office in Brooklyn,new york,Brooklyn,COMMERCIAL,8311722.521421962,6074,,7.0,1999.0,2025-05-22,Active,1,3.7
PROP-10862,2 BHK Apartment for sale in Lincoln Park,CHI,Lincoln Park,Apartment,414322.3596220159,711,2.0,1.0,1972.0,2024-07-28,Sold,2,3.2
PROP-11546,6 BHK Villa for sale in Bronx,N.Y.,Bronx,villa,4709976.597006449,4307,6.0,4.0,2008.0,2025-10-06,Pending,6,4.4
PROP-12097,4 BHK Villa for sale in Little Havana,Miami,Little Havana,villa,2345516.1924883192,4928,4.0,3.0,1980.0,2024/12/22,Sold,2,4.1
PROP-12380,Residential plot of 5302 sqft in Mission District,San Francisco,Mission District,Land,8019965.550309093,5302,,,,2025-07-20,Active,8,4.3
PROP-12378,Residential plot of 5345 sqft in Brooklyn,new york,Brooklyn,plot,5981503.168358746,0,,,,2025-04-23,Sold,1,3.8
PROP-10619,3 BHK Apartment for sale in Mission District,SF,Mission District,APT,1371689.4410879384,916,3.0,3.0,1974.0,2025-06-17,Pending,5,4.8
PROP-10492,4 BHK Apartment for sale in Lincoln Park,Chicago,Lincoln Park,apartment,708669.5682243207,1312,4.0,2.0,2008.0,2024-06-25,Pending,2,4.6
PROP-12567,2 BHK Apartment for sale in Pacific Heights,SAN FRANCISCO,Pacific Heights,apartment,3998937.598248121,2008,2.0,3.0,1953.0,2024-06-25,Pending,9,4.7
PROP-11116,Commercial Space / Office in South Beach,MIAMI,South Beach,Office,6103534.863915425,11068,,6.0,1990.0,2025-01-09,Pending,5,3.6
PROP-11541,Commercial Space / Office in Little Havana,MIA,Little Havana,commercial,5901715.472871133,12565 SQFT,,5.0,2010.0,2024-09-02,Sold,6,4.4
PROP-10989,4 BHK Villa for sale in Little Havana,MIAMI,Little Havana,villa,1362414.7376221411,2882,4.0,3.0,,2025-06-17,Sold,2,3.3
PROP-12050,Commercial Space / Office in West Lake Hills,austin,West Lake Hills,COMMERCIAL,14711907.815361684,19354,,7.0,2006.0,2024-06-07,Active,3,4.9
PROP-11757,Residential plot of 4401 sqft in Manhattan,N.Y.,Manhattan,plot,7330001.8631790895,4401,,,,2024-02-04,Pending,3,3.5
PROP-11932,2 BHK Apartment for sale in Coral Gables,MIA,Coral Gables,Apartment,1667990.6082936705,2102,,2.0,1971.0,2025-03-30,Pending,9,4.9
PROP-12349,Commercial Space / Office in East Austin,AUSTIN,East Austin,Commercial,4763414.34900812,13063,,2.0,2008.0,2024/11/23,Pending,7,4.4
PROP-12761,Residential plot of 7057 sqft in Brooklyn,N.Y.,Brooklyn,Land,9113164.185257858,7057,,,,2025-07-27,Sold,9,4.9
PROP-11080,3 BHK Villa for sale in Lincoln Park,CHI,Lincoln Park,villa,2948462.6671632016,5943,3.0,3.0,1989.0,11/02/2024,Sold,6,3.8
PROP-12493,4 BHK Villa for sale in SOMA,SF,SOMA,VILLA,3470732.6427337267,2777,4.0,2.0,1992.0,2025-02-23,Sold,10,4.3
PROP-12645,Residential plot of 3971 sqft in Brooklyn,new york,Brooklyn,land,4230485.569464134,3971,,,,2025-05-20,Sold,7,3.9
PROP-12500,Commercial Space / Office in East Austin,AUSTIN,East Austin,Commercial,2009561.8819292935,5177,,2.0,1974.0,2025-07-08,Pending,8,4.4
PROP-11581,Commercial Space / Office in River North,chicago,River North,Office,6296914.388614467,16729,,4.0,2016.0,2024-10-31,Pending,4,4.3
PROP-12324,3 BHK Apartment for sale in Queens,NEW YORK,Queens,Apartment,3151933.0356957433,2331,3.0,3.0,1951.0,2024-04-25,Pending,10,4.9
PROP-11145,3 BHK Villa for sale in Manhattan,NY,Manhattan,Villa,7463032.284823502,4532,3.0,2.0,2009.0,2025-04-17,Active,10,4.1
PROP-12783,3 BHK Apartment for sale in Queens,new york,Queens,Apt,2654388.0576249138,2401,3.0,1.0,1929.0,2025-09-02,Pending,10,4.5
PROP-12062,3 BHK Apartment for sale in River North,chicago,River North,apartment,604779.1478232855,1694,3.0,1.0,1975.0,2025/05/04,Pending,3,4.3
PROP-13422,3 BHK Apartment for sale in Hyde Park,CHI,Hyde Park,Apartment,"$331,533",1168,3.0,1.0,1987.0,2025-03-14,Pending,9,4.3
PROP-12469,3 BHK Villa for sale in West Lake Hills,austin,West Lake Hills,villa,3893105.3132322687,5287,3.0,5.0,1994.0,2024-05-13,Pending,7,3.1
PROP-12993,Residential plot of 5799 sqft in Brickell,Miami,Brickell,Plot,3365009.313745875,5799,,,,2024-11-15,Pending,4,4.6
PROP-11696,Commercial Space / Office in Coral Gables,MIAMI,Coral Gables,commercial,11816765.55856519,14825,,7.0,1986.0,2024/03/12,Pending,9,4.1
PROP-13476,Residential plot of 4481 sqft in Downtown,ATX,Downtown,Plot,1814420.723064527,4481,,,,2024-05-25,Pending,7,4.5
PROP-12295,3 BHK Apartment for sale in Bronx,NEW YORK,Bronx,Apt,1815350.3422619188,1900,3.0,2.0,2022.0,2025-11-08,Active,2,4.3
PROP-12506,2 BHK Apartment for sale in Little Havana,miami,Little Havana,APT,1008052.8620529429,1901,2.0,3.0,,2024-09-02,Sold,4,4.9
PROP-12408,3 BHK Villa for sale in Coral Gables,MIA,Coral Gables,villa,1517890.665104817,1855,3.0,3.0,1983.0,2025-01-09,Sold,7,3.2
PROP-11843,Commercial Space / Office in Mission District,San Francisco,Mission District,COMMERCIAL,15322906.49531373,10939,,6.0,2007.0,2025-01-31,Pending,1,4.6
PROP-12052,Residential plot of 3329 sqft in Little Havana,MIA,Little Havana,Plot,"$1,387,100",3329,,,,2024-08-17,Pending,5,3.1
PROP-11776,Residential plot of 9909 sqft in SOMA,san francisco,SOMA,plot,13522943.344243698,9909 sqft,,,,2025-11-08,Active,6,4.0
PROP-12775,6 BHK Villa for sale in Pacific Heights,san francisco,Pacific Heights,villa,5519919.512739381,2598,6.0,2.0,1987.0,31/10/2025,Active,2,3.5
PROP-10685,1 BHK Apartment for sale in Coral Gables,MIA,Coral Gables,apartment,1336270.989850807,1498,1.0,2.0,1985.0,2024-06-16,Pending,5,3.2
PROP-12536,Commercial Space / Office in Pacific Heights,SF,Pacific Heights,COMMERCIAL,9034117.545852192,4762,,8.0,1997.0,2025-05-03,Pending,2,3.5
PROP-10158,2 BHK Apartment for sale in Brickell,MIAMI,Brickell,APT,375986.7502520176,661,2.0,1.0,1988.0,2025-08-23,Sold,2,3.6
PROP-12606,Residential plot of 2360 sqft in Little Havana,MIA,Little Havana,Plot,975632.703855037,2360,,,,2024/03/12,Active,10,4.1
PROP-11592,Commercial Space / Office in Coral Gables,miami,Coral Gables,commercial,2405070.251759945,2801,,5.0,1974.0,2024/11/27,Pending,1,3.3
PROP-11723,Commercial Space / Office in West Lake Hills,Austin,West Lake Hills,Commercial,6852276.6454398455,9391,,10.0,1990.0,2024-12-19,Sold,8,3.9
PROP-10215,5 BHK Villa for sale in Coral Gables,MIAMI,Coral Gables,Villa,2816488.7467528605,3517,5.0,4.0,2023.0,2025/10/27,Active,9,4.6
PROP-13316,6 BHK Villa for sale in Coral Gables,Miami,Coral Gables,villa,4253168.747651311,4554,,3.0,2020.0,2024-05-31,Active,3,3.7
PROP-12611,1 BHK Apartment for sale in Downtown,Austin,Downtown,APT,858121.1070207693,2202,1.0,3.0,1997.0,2024-08-11,Sold,10,4.0
PROP-11072,4 BHK Villa for sale in Pacific Heights,san francisco,Pacific Heights,villa,Contact Agent,3090,4.0,2.0,1995.0,2025-04-13,Pending,7,3.4
PROP-10490,5 BHK Villa for sale in Marina,San Francisco,Marina,villa,2258704.0083969645,2243,5.0,5.0,2021.0,2024-05-20,Pending,5,4.8
PROP-11994,Residential plot of 8752 sqft in Coral Gables,miami,Coral Gables,land,7141761.803975773,8752,,,,2025-08-01,Active,10,4.9
PROP-12910,4 BHK Villa for sale in South Beach,miami,South Beach,villa,2169654.807317741,4106,4.0,3.0,2015.0,2025-03-14,Pending,9,4.5
PROP-11006,1 BHK Apartment for sale in Lincoln Park,CHICAGO,Lincoln Park,apartment,1169682 USD,2346,1.0,1.0,1953.0,2024-06-06,Sold,10,4.7
PROP-11091,4 BHK Apartment for sale in South Austin,Austin,South Austin,Apt,391194.74964599195,863,4.0,2.0,2001.0,07/09/2024,Sold,6,4.6
PROP-12503,Residential plot of 5266 sqft in Coral Gables,Miami,Coral Gables,plot,4102127.0813867543,5266,,,,2024-12-20,Pending,5,3.8
PROP-10460,3 BHK Villa for sale in Coral Gables,Miami,Coral Gables,villa,5008539.528224353,5169,3.0,4.0,1984.0,2025-05-31,Pending,7,3.9
PROP-12314,Commercial Space / Office in South Austin,austin,South Austin,COMMERCIAL,9351440.753166579,23149,,6.0,2016.0,2025-05-27,Active,8,4.4
PROP-12554,Commercial Space / Office in Pacific Heights,SAN FRANCISCO,Pacific Heights,Commercial,2717635.0836809995,1152,,4.0,2022.0,2024-04-28,Active,7,4.8
PROP-11417,Commercial Space / Office in Mission District,SF,Mission District,commercial,29171751.26378961,20813,,9.0,1999.0,2024-05-22,Sold,2,4.5
PROP-13096,Residential plot of 9356 sqft in East Austin,austin,East Austin,land,"$2,970,038",9356,,,,2024-05-31,Pending,9,4.7
PROP-10025,3 BHK Villa for sale in Manhattan,NY,Manhattan,Villa,9957223.00715057,5605,3.0,3.0,1987.0,2025-04-20,Sold,10,4.8
PROP-12409,Commercial Space / Office in Coral Gables,MIA,Coral Gables,COMMERCIAL,18557331 USD,22144,,3.0,1999.0,20/12/2024,Active,3,5.0
PROP-11113,1 BHK Apartment for sale in SOMA,SAN FRANCISCO,SOMA,Apt,2925707.6501941415,2200,1.0,1.0,1956.0,2024-12-22,Active,10,4.7
PROP-11594,Residential plot of 2289 sqft in East Austin,ATX,East Austin,Plot,847211.4938327377,2289,,,,2024-06-09,Pending,2,
PROP-11552,Residential plot of 8971 sqft in Mission District,SF,Mission District,Plot,13106385.446198825,8971,,,,2024-08-22,Pending,2,4.4
PROP-10232,Commercial Space / Office in West Lake Hills,ATX,West Lake Hills,Commercial,1652403.9559021916,2307,,7.0,1966.0,2025-06-17,Pending,5,4.2
PROP-10277,1 BHK Apartment for sale in Mission District,SF,Mission District,APT,2245085.3525450937,1573,1.0,2.0,1989.0,2024-11-30,Active,3,3.1
PROP-13376,Residential plot of 4680 sqft in Bronx,NY,Bronx,Plot,4387563.685549201,4680 sqft,,,,2025-02-21,Active,3,4.9
PROP-13214,Residential plot of 3319 sqft in East Austin,ATX,East Austin,Land,1223988.022789708,3319,,,,2025-05-21,Active,2,4.2
PROP-10433,3 BHK Villa for sale in Queens,new york,Queens,villa,6422657.301943533,4773,3.0,4.0,2011.0,2025-09-12,Active,7,3.2
PROP-10979,Residential plot of 9739 sqft in Downtown,Austin,Downtown,Land,4772879.994090832,9739 sqft,,,,2025-10-16,Active,3,4.5
PROP-12655,2 BHK Apartment for sale in Manhattan,new york,Manhattan,apartment,2880826.3791520926,1547,2.0,3.0,1995.0,2024-07-15,Sold,3,3.2
PROP-11847,3 BHK Apartment for sale in River North,Chicago,River North,Apt,226023.3230097127,627,3.0,2.0,1966.0,2024-10-18,Pending,10,4.4
PROP-10630,Commercial Space / Office in Mission District,SAN FRANCISCO,Mission District,Office,13530319.42999624,10543,,8.0,,2025-02-20,Pending,5,4.8
PROP-10392,Commercial Space / Office in Marina,SAN FRANCISCO,Marina,commercial,4449685.577382364,3937,,7.0,2005.0,2024-05-25,Pending,1,5.0
PROP-11127,Residential plot of 3073 sqft in Bronx,New York,Bronx,plot,3103485.2361835125,0,,,,2024-01-21,Active,2,4.2
PROP-11625,4 BHK Villa for sale in Little Havana,MIA,Little Havana,Villa,2805196.79698398,5522,4.0,4.0,2007.0,2024-06-07,Pending,3,4.9
PROP-10515,Residential plot of 8769 sqft in Loop,Chicago,Loop,Land,3519987.831094793,8769,,,,2024-07-25,Active,1,3.3
PROP-11241,Commercial Space / Office in Pacific Heights,SAN FRANCISCO,Pacific Heights,Commercial,8231920.905882494,3661,,4.0,1960.0,29/10/2024,Sold,3,
PROP-12518,Commercial Space / Office in Mission District,SAN FRANCISCO,Mission District,Commercial,30505530.81472765,24803,,3.0,2001.0,2024-03-03,Pending,5,3.9
PROP-11147,Commercial Space / Office in East Austin,austin,East Austin,Commercial,"$1,943,705",5741,,5.0,2008.0,2024-05-14,Active,2,4.3
PROP-11102,Commercial Space / Office in South Austin,Austin,South Austin,COMMERCIAL,10471849.04094458,21558,,9.0,,2025-02-25,Pending,2,
PROP-13470,6 BHK Villa for sale in East Austin,ATX,East Austin,Villa,1357515.0100998527,3526,6.0,4.0,1998.0,2025-05-01,Sold,2,4.3
PROP-11249,2 BHK Apartment for sale in River North,chicago,River North,APT,754891.2239284063,2017,2.0,1.0,1956.0,2025-07-31,Pending,2,3.0
PROP-12657,2 BHK Apartment for sale in East Austin,ATX,East Austin,Apartment,705630.8544464317,2146,2.0,1.0,1955.0,2024-09-03,Pending,8,3.5
PROP-12204,Commercial Space / Office in Downtown,Austin,Downtown,COMMERCIAL,7450668.293877712,16882,,5.0,1984.0,2024-07-28,Sold,10,4.5
PROP-10488,4 BHK Apartment for sale in Queens,NEW YORK,Queens,APT,2679195.7467478653,2236,4.0,3.0,1947.0,2025-01-20,Pending,3,4.7
PROP-10194,Residential plot of 1417 sqft in Mission District,SF,Mission District,plot,"$2,076,285",1417,,,,2024-10-29,Pending,7,3.8
PROP-10615,Residential plot of 1741 sqft in Downtown,AUSTIN,Downtown,Plot,683266.9289143513,1741,,,,2024/12/29,Pending,10,4.4
PROP-10643,2 BHK Apartment for sale in Manhattan,NEW YORK,Manhattan,apartment,3416527.084024383,1945,2.0,1.0,1930.0,2024-05-02,Sold,3,3.6
PROP-11082,Commercial Space / Office in Bronx,New York,Bronx,COMMERCIAL,23661335.593758766,23727,,2.0,2011.0,2024-08-18,Pending,2,4.2
PROP-13116,Residential plot of 5246 sqft in Brooklyn,NEW YORK,Brooklyn,plot,6207527.883540652,5246,,,,2025-08-18,Active,2,3.8
PROP-13477,Residential plot of 2557 sqft in South Austin,Austin,South Austin,land,"$982,608",2557 SQFT,,,,2024-10-17,Active,6,4.9
PROP-12776,6 BHK Villa for sale in Queens,NY,Queens,villa,2820111.6105318153,2544 SQFT,6.0,3.0,1994.0,2024-12-21,Active,7,4.0
PROP-13030,Residential plot of 1255 sqft in Downtown,austin,Downtown,Land,546777.4949762664,1255,,,,2024-07-23,Pending,3,4.9
PROP-10224,1 BHK Apartment for sale in Loop,Chicago,Loop,Apartment,597226.5887194317,1935 sqft,1.0,2.0,1984.0,2024-11-04,Pending,8,3.8
PROP-13458,Residential plot of 4504 sqft in East Austin,Austin,East Austin,land,1846778.1580852251,4504,,,,2024-09-03,Sold,4,3.9
PROP-10330,4 BHK Villa for sale in Little Havana,miami,Little Havana,Villa,863386.1434240977,2102,4.0,5.0,2021.0,2025-09-25,Sold,3,3.0
PROP-12207,1 BHK Apartment for sale in SOMA,san francisco,SOMA,Apartment,2844490.360197136,2380 sqft,1.0,2.0,1995.0,2024-10-20,Active,10,4.3
PROP-10456,Commercial Space / Office in SOMA,San Francisco,SOMA,COMMERCIAL,11363531.92499121,7746,,5.0,1978.0,2024-03-12,Pending,10,4.3
PROP-10306,1 BHK Apartment for sale in Bronx,New York,Bronx,Apt,529203.7322541904,610,1.0,2.0,1970.0,02/09/2025,Sold,8,4.2
PROP-12670,3 BHK Villa for sale in Mission District,SAN FRANCISCO,Mission District,VILLA,4814327.772733315,3895 sqft,3.0,5.0,2007.0,08/04/2024,Pending,9,4.2
PROP-10972,Residential plot of 5279 sqft in Coral Gables,Miami,Coral Gables,Land,5433685.1037730295,5279,,,,2025-11-06,Active,10,4.6
PROP-10483,Commercial Space / Office in South Beach,miami,South Beach,Commercial,6459422.9366908455,10874,,10.0,2015.0,2025/04/01,Pending,10,4.2
PROP-12420,5 BHK Villa for sale in SOMA,San Francisco,SOMA,villa,7387597.692832929,5141,5.0,4.0,1988.0,2025-01-30,Sold,3,3.9
PROP-12602,3 BHK Apartment for sale in Brooklyn,new york,Brooklyn,Apt,"$969,523",797,3.0,3.0,,2024-11-09,Sold,3,3.6
PROP-10719,Residential plot of 2481 sqft in Brickell,MIAMI,Brickell,Plot,1550876.357043092,2481,,,,2024-11-16,Sold,3,4.5
PROP-11336,3 BHK Villa for sale in Little Havana,MIA,Little Havana,villa,1518395.0897946688,3224,3.0,4.0,1995.0,2025-04-09,Pending,4,3.6
PROP-12059,4 BHK Apartment for sale in Pacific Heights,San Francisco,Pacific Heights,Apartment,1687341.5181330452,786,4.0,3.0,1946.0,2025-01-15,Active,9,4.8
PROP-12803,Residential plot of 8345 sqft in Marina,SAN FRANCISCO,Marina,Land,8990461.895928975,8345,,,,2025-09-19,Sold,8,3.5
PROP-12566,Commercial Space / Office in East Austin,ATX,East Austin,COMMERCIAL,4303776.399490295,13266,,3.0,2000.0,2025-06-12,Active,8,4.0
PROP-12102,Residential plot of 2687 sqft in Manhattan,N.Y.,Manhattan,Plot,5299367.712066358,2687,,,,2024-11-18,Pending,6,4.6
PROP-10032,1 BHK Apartment for sale in Mission District,san francisco,Mission District,APT,2705445.0867326194,2241,1.0,3.0,2020.0,2025-06-29,Pending,2,4.0
PROP-10664,Residential plot of 4525 sqft in Brickell,Miami,Brickell,land,2927355.662572734,4525,,,,2025-03-23,Sold,3,3.6
PROP-11524,Commercial Space / Office in Queens,N.Y.,Queens,commercial,7089510.76726787,6654,,6.0,1969.0,2024-10-14,Sold,4,3.6
PROP-11759,4 BHK Apartment for sale in Loop,CHICAGO,Loop,Apt,826053.5503781257,2444,4.0,3.0,2004.0,17/01/2024,Sold,7,3.6
PROP-13205,4 BHK Apartment for sale in Manhattan,new york,Manhattan,apartment,2717924.22632226,1532,4.0,1.0,2000.0,09/09/2024,Sold,9,
PROP-11444,3 BHK Villa for sale in Mission District,SF,Mission District,VILLA,3810016 USD,2483,3.0,5.0,1994.0,2024-06-08,Sold,9,4.6
PROP-13421,3 BHK Apartment for sale in Coral Gables,MIA,Coral Gables,Apt,2278186.5244924403,2243 SQFT,3.0,3.0,1935.0,2024-11-01,Active,6,4.5
PROP-12792,6 BHK Villa for sale in Queens,new york,Queens,Villa,3114052.276598724,2537 SQFT,6.0,5.0,2012.0,2024-04-19,Pending,1,
PROP-13399,Commercial Space / Office in Brooklyn,New York,Brooklyn,COMMERCIAL,20861536.30868939,16977,,5.0,2004.0,2025-06-25,Active,6,4.1
PROP-11722,Commercial Space / Office in South Beach,Miami,South Beach,COMMERCIAL,1445941.1418979676,2171,,7.0,2012.0,2024-04-24,Active,5,3.0
PROP-11705,6 BHK Villa for sale in East Austin,ATX,East Austin,Villa,"$1,070,512",2830,6.0,3.0,,2024-05-09,Pending,8,4.8
PROP-13410,Commercial Space / Office in Pacific Heights,SAN FRANCISCO,Pacific Heights,commercial,,16625,,5.0,1975.0,2024-01-11,Sold,1,3.5
PROP-12745,6 BHK Villa for sale in South Beach,miami,South Beach,VILLA,2448057.52227134,3774,6.0,5.0,1980.0,2024-05-23,Sold,8,3.9
PROP-12151,Residential plot of 3730 sqft in Hyde Park,chicago,Hyde Park,plot,"$1,183,842",3730,,,,2025-05-27,Active,8,4.1
PROP-12512,Commercial Space / Office in South Austin,Austin,South Austin,COMMERCIAL,9544180.417818462,18464,,6.0,1990.0,2024-07-13,Active,3,
PROP-12831,Residential plot of 9293 sqft in West Lake Hills,Austin,West Lake Hills,plot,6712564.3050760785,9293,,,,02/06/2025,Active,7,4.0
PROP-13227,Residential plot of 7701 sqft in Bronx,new york,Bronx,plot,7500145.105263219,7701,,,,2024-04-23,Pending,6,4.8
PROP-10118,3 BHK Apartment for sale in Lincoln Park,chicago,Lincoln Park,apartment,822127.6754943135,1531,3.0,1.0,2013.0,2025-08-14,Sold,6,3.5
PROP-12277,5 BHK Villa for sale in Pacific Heights,San Francisco,Pacific Heights,villa,9683586.261164391,5117 sqft,5.0,4.0,1986.0,22/05/2024,Active,3,3.5
PROP-12905,Residential plot of 4553 sqft in Loop,chicago,Loop,land,1737066.7915291137,4553,,,,2024-07-04,Pending,3,4.6
PROP-11459,Residential plot of 3032 sqft in SOMA,san francisco,SOMA,land,4268478.198747325,3032,,,,2024-01-21,Active,10,4.8
PROP-11401,6 BHK Villa for sale in Pacific Heights,san francisco,Pacific Heights,villa,7044665.056928844,3264,6.0,5.0,2007.0,2025-10-24,Pending,2,4.3
PROP-10739,Residential plot of 5202 sqft in Loop,chicago,Loop,plot,2069398.8101625252,5202,,,,2025-02-11,Pending,5,4.7
PROP-12456,1 BHK Apartment for sale in Marina,san francisco,Marina,Apartment,961867.7318733173,946,1.0,3.0,1953.0,2024-03-17,Sold,8,4.4
PROP-10170,4 BHK Villa for sale in Manhattan,New York,Manhattan,VILLA,"$8,670,367",5432,4.0,2.0,2001.0,2025-04-17,Sold,9,4.4
PROP-10540,2 BHK Apartment for sale in Downtown,ATX,Downtown,Apt,447323.5108486987,1142,2.0,2.0,1940.0,2025-08-13,Active,4,3.4
PROP-10883,1 BHK Apartment for sale in Little Havana,Miami,Little Havana,apartment,"$433,455",993,,3.0,2006.0,2024-08-09,Sold,6,5.0
PROP-13253,Commercial Space / Office in Manhattan,N.Y.,Manhattan,COMMERCIAL,25115291.969099186,14495 SQFT,,3.0,1977.0,2025-09-16,Active,10,4.6
PROP-12064,Residential plot of 8087 sqft in East Austin,ATX,East Austin,Land,2694212 USD,8087,,,,2024-11-25,Sold,1,3.1
PROP-12661,5 BHK Villa for sale in South Austin,AUSTIN,South Austin,VILLA,997604.9888758917,2037,5.0,3.0,1991.0,2024/12/18,Sold,3,4.9
PROP-12820,Commercial Space / Office in Manhattan,NEW YORK,Manhattan,Commercial,30201668.49132086,14599,,6.0,2012.0,01/12/2024,Pending,10,4.7
PROP-10386,Commercial Space / Office in Manhattan,new york,Manhattan,commercial,2056207.9863063633,1100,,8.0,1972.0,2024-11-17,Active,5,3.5
PROP-10674,3 BHK Villa for sale in Little Havana,miami,Little Havana,villa,2613906.2094815955,5897,3.0,4.0,1990.0,2024-03-12,Active,7,4.7
PROP-13209,Residential plot of 8915 sqft in South Austin,Austin,South Austin,land,3437914.1468195403,8915,,,,2024-11-09,Sold,1,4.4
PROP-10397,Commercial Space / Office in Queens,New York,Queens,COMMERCIAL,33230916.96329707,24971,,4.0,1973.0,2025-10-21,Active,2,4.1
PROP-12915,2 BHK Apartment for sale in West Lake Hills,ATX,West Lake Hills,Apt,473320.6746590774,755,2.0,3.0,1957.0,2024-12-02,Sold,1,4.2
PROP-13352,Commercial Space / Office in Pacific Heights,SF,Pacific Heights,COMMERCIAL,48604874.96374983,22584,,10.0,1964.0,2024-02-08,Sold,2,
PROP-11815,Residential plot of 1543 sqft in River North,Chicago,River North,Plot,474268.1615055014,1543,,,,2024-03-24,Active,6,3.6
PROP-13173,Commercial Space / Office in Lincoln Park,CHI,Lincoln Park,commercial,"$5,414,050",10508,,6.0,2011.0,2025-11-24,Pending,2,3.9
PROP-10557,Residential plot of 4159 sqft in South Beach,miami,South Beach,Plot,2574836.6477822186,4159,,,,2025-07-02,Sold,5,
PROP-12100,Commercial Space / Office in Brickell,MIAMI,Brickell,commercial,8635534.391162796,13386,,7.0,1981.0,2025-04-21,Pending,5,4.2
PROP-11067,Residential plot of 3102 sqft in SOMA,San Francisco,SOMA,land,4480169.823523224,3102,,,,2025-05-03,Active,10,4.5
PROP-12612,Residential plot of 5717 sqft in West Lake Hills,AUSTIN,West Lake Hills,Plot,4177151.0294140005,5717,,,,2024-05-09,Pending,2,3.8
PROP-11673,Commercial Space / Office in Mission District,san francisco,Mission District,commercial,"$6,238,609",4685 SQFT,,2.0,2014.0,2024-01-26,Active,3,4.8
PROP-12101,Commercial Space / Office in East Austin,austin,East Austin,COMMERCIAL,2617403.6525224084,6822,,7.0,1988.0,2024-10-31,Sold,9,4.9
PROP-10117,4 BHK Apartment for sale in Pacific Heights,san francisco,Pacific Heights,Apartment,5122508.085980085,2157,4.0,3.0,2018.0,2024-01-17,Active,2,
PROP-12096,Commercial Space / Office in Downtown,austin,Downtown,commercial,7796799.212288311,18490,,9.0,1978.0,2025-10-30,Sold,4,4.0
PROP-11548,Commercial Space / Office in Downtown,AUSTIN,Downtown,Commercial,3816364.3918537656,9525 SQFT,,8.0,2002.0,2024/01/29,Pending,10,4.2
PROP-12274,2 BHK Apartment for sale in Coral Gables,miami,Coral Gables,Apt,1364600.9509027782,1716,2.0,2.0,1953.0,2025-10-27,Active,10,4.3
PROP-13397,Residential plot of 1309 sqft in Downtown,ATX,Downtown,Plot,587900.6392544413,1309,,,,2025-10-09,Pending,8,3.2
PROP-13323,3 BHK Apartment for sale in Coral Gables,MIAMI,Coral Gables,Apartment,2150794.854604443,2184,3.0,1.0,1946.0,2024-01-15,Sold,9,4.4
PROP-10355,Commercial Space / Office in SOMA,san francisco,SOMA,COMMERCIAL,"$29,404,738",19149 sqft,,9.0,1962.0,05/11/2024,Pending,10,4.5
PROP-10554,3 BHK Apartment for sale in South Beach,MIA,South Beach,apartment,896631.8939447418,1429,3.0,1.0,1950.0,2024-08-15,Sold,6,4.5
PROP-11461,Commercial Space / Office in West Lake Hills,AUSTIN,West Lake Hills,COMMERCIAL,12539860.757448249,17933,,3.0,1995.0,2025-11-09,Active,7,3.2
PROP-10821,Residential plot of 6084 sqft in Loop,CHICAGO,Loop,plot,2398972.6412133966,6084 SQFT,,,,2024-06-18,Active,3,4.5
PROP-12535,Commercial Space / Office in Downtown,austin,Downtown,Office,5439589.740053414,14186,,5.0,1977.0,2024-04-16,Sold,7,3.5
PROP-10539,5 BHK Villa for sale in Coral Gables,MIA,Coral Gables,villa,4204932.337278788,4182,5.0,5.0,,2025-11-30,Active,10,5.0
PROP-13220,4 BHK Apartment for sale in Bronx,NEW YORK,Bronx,Apt,1964573.328648021,2128,4.0,1.0,1931.0,2025-06-24,Active,8,3.1
PROP-10939,5 BHK Villa for sale in South Beach,Miami,South Beach,VILLA,1790036.8518687307,3171 sqft,5.0,2.0,1985.0,2025-05-04,Sold,10,4.6
PROP-12373,6 BHK Villa for sale in South Austin,austin,South Austin,Villa,1005537.7961880753,2610,6.0,4.0,1994.0,2025-11-05,Active,10,4.5
PROP-11051,Commercial Space / Office in Brickell,Miami,Brickell,Office,16073479.990745066,24181,,6.0,1994.0,2025-02-16,Pending,8,4.5
PROP-13074,4 BHK Villa for sale in Bronx,NEW YORK,Bronx,villa,3050899.6769856117,3577,4.0,3.0,2020.0,02/11/2024,Sold,9,
PROP-12321,4 BHK Apartment for sale in Hyde Park,chicago,Hyde Park,Apt,346045.60413933155,1236,4.0,1.0,2022.0,2024-08-26,Active,8,
PROP-11827,Residential plot of 5365 sqft in West Lake Hills,ATX,West Lake Hills,land,3829593.4948519394,5365,,,,07/02/2025,Sold,1,3.5
PROP-13334,4 BHK Apartment for sale in Bronx,N.Y.,Bronx,APT,963713.7245702196,992,4.0,3.0,1987.0,2025-09-12,Pending,10,4.5
PROP-10775,Commercial Space / Office in Pacific Heights,SAN FRANCISCO,Pacific Heights,Office,"$3,206,980",1630,,10.0,2008.0,2024-01-25,Sold,7,4.1
PROP-11751,Residential plot of 3182 sqft in East Austin,ATX,East Austin,land,1120457.3404266874,3182,,,,2025-02-08,Pending,2,4.5
PROP-10184,Commercial Space / Office in South Beach,MIA,South Beach,Office,11143939.941594545,19766,,5.0,1990.0,2025/02/08,Sold,3,4.0
PROP-11772,3 BHK Apartment for sale in Hyde Park,chicago,Hyde Park,Apt,212447.95803222345,823,3.0,1.0,1939.0,07/06/2025,Sold,10,4.4
PROP-11196,Residential plot of 1539 sqft in Marina,San Francisco,Marina,Plot,1615711.4248183672,1539,,,,2024-07-22,Pending,8,3.4
PROP-11878,3 BHK Apartment for sale in Brickell,Miami,Brickell,Apartment,1276910.7326791382,0,3.0,3.0,1966.0,2025-08-26,Pending,10,4.2
PROP-12668,2 BHK Apartment for sale in Coral Gables,MIAMI,Coral Gables,apartment,1709643.717353117,1896,2.0,3.0,1952.0,2024-04-16,Sold,10,4.3
PROP-13171,1 BHK Apartment for sale in South Beach,Miami,South Beach,Apartment,325333.73887755367,547,1.0,2.0,2009.0,2024/08/30,Active,10,4.2
PROP-12016,Commercial Space / Office in Loop,Chicago,Loop,Commercial,7300393 USD,24446,,10.0,1988.0,2025-05-09,Active,1,4.7
PROP-12005,Residential plot of 3503 sqft in Pacific Heights,san francisco,Pacific Heights,plot,6619630.387488506,3503,,,,2025-10-15,Active,5,
PROP-10951,Commercial Space / Office in Queens,New York,Queens,Commercial,8642310.78014604,7405,,10.0,1962.0,2024-04-14,Pending,4,3.7
PROP-11482,1 BHK Apartment for sale in Downtown,AUSTIN,Downtown,Apt,1056432.8931001925,2432,1.0,3.0,1932.0,2025-11-09,Sold,5,3.4
PROP-13237,Commercial Space / Office in South Austin,austin,South Austin,Office,8608514.529748028,17296,,5.0,1991.0,2025-08-18,Active,9,4.5
PROP-10328,6 BHK Villa for sale in Bronx,NEW YORK,Bronx,Villa,2156830.712218814,2122,6.0,3.0,1999.0,2024-04-19,Pending,8,3.2
PROP-10648,Residential plot of 6715 sqft in Downtown,ATX,Downtown,Land,3268660.707750963,6715,,,,2025-06-19,Sold,5,3.1
PROP-12945,Residential plot of 5153 sqft in Little Havana,Miami,Little Havana,plot,2121841.106545132,5153,,,,2024-03-26,Sold,5,3.3
PROP-13485,Commercial Space / Office in East Austin,ATX,East Austin,commercial,1233178.9096719832,3883,,5.0,2002.0,2024-04-30,Active,3,3.6
PROP-11123,Commercial Space / Office in Lincoln Park,CHICAGO,Lincoln Park,COMMERCIAL,11519133 USD,21811,,7.0,2008.0,2025-06-14,Sold,1,3.4
PROP-10396,1 BHK Apartment for sale in Loop,CHICAGO,Loop,APT,681225.1026049427,1895,1.0,2.0,1967.0,18/04/2024,Active,1,3.2
PROP-12788,3 BHK Villa for sale in Mission District,SF,Mission District,villa,3688402.6900038016,2905,3.0,5.0,1996.0,2025/11/04,Sold,6,3.7
PROP-12257,Commercial Space / Office in West Lake Hills,Austin,West Lake Hills,commercial,2518855.440439251,4232,,9.0,2022.0,2024-04-26,Pending,3,4.4
PROP-10787,Commercial Space / Office in Queens,NEW YORK,Queens,Office,9542740.070123529,8178,,7.0,2007.0,2024-04-18,Sold,8,3.3
PROP-11478,Residential plot of 1135 sqft in South Austin,AUSTIN,South Austin,land,472250.48318586336,1135,,,,13/03/2025,Sold,7,3.6
PROP-10891,Residential plot of 2897 sqft in Brickell,MIAMI,Brickell,Plot,1603715.5256577362,2897,,,,2025-07-21,Sold,8,4.6
PROP-10872,6 BHK Villa for sale in South Beach,Miami,South Beach,villa,1697140.9630609313,2604,6.0,4.0,1983.0,2025-09-11,Active,8,3.6
PROP-11259,Residential plot of 6107 sqft in Brooklyn,New York,Brooklyn,Land,6486871.767175713,6107,,,,2024/10/09,Active,10,4.7
PROP-10226,Commercial Space / Office in Pacific Heights,san francisco,Pacific Heights,commercial,13637401.685297512,6274,,4.0,1974.0,2024-09-15,Active,10,4.9
PROP-11997,Residential plot of 3560 sqft in Marina,San Francisco,Marina,plot,4214492.09594114,3560,,,,2024-01-08,Pending,3,3.3
PROP-11681,1 BHK Apartment for sale in Downtown,ATX,Downtown,Apartment,714517.1298455475,1465,1.0,3.0,1985.0,2025-02-13,Active,8,3.3
PROP-11519,4 BHK Villa for sale in West Lake Hills,austin,West Lake Hills,villa,"$2,510,639",3320,4.0,3.0,2014.0,2024-04-23,Active,4,3.7
PROP-11378,4 BHK Apartment for sale in SOMA,san francisco,SOMA,Apt,2592740.6343850843,1833,,2.0,2020.0,2024-03-18,Pending,7,3.9
PROP-11576,6 BHK Villa for sale in West Lake Hills,austin,West Lake Hills,VILLA,2083692.2917138732,3570,6.0,2.0,2007.0,31/03/2024,Pending,8,5.0
PROP-11023,3 BHK Villa for sale in South Beach,miami,South Beach,villa,1822465.0827734587,3178,3.0,3.0,1984.0,2025-06-21,Sold,10,4.7
PROP-12587,2 BHK Apartment for sale in Marina,SAN FRANCISCO,Marina,Apartment,1396547 USD,1197,2.0,1.0,1994.0,2024-10-01,Pending,6,4.1
PROP-12918,Commercial Space / Office in Lincoln Park,chicago,Lincoln Park,Office,"$10,064,397",17964 sqft,,6.0,1960.0,2024-03-31,Active,8,4.0
PROP-11327,4 BHK Apartment for sale in East Austin,ATX,East Austin,APT,753978.3976287273,1906,4.0,2.0,1994.0,2024-06-01,Active,5,4.4
PROP-11525,1 BHK Apartment for sale in Coral Gables,MIA,Coral Gables,Apartment,2102516.6237527574,2147,1.0,2.0,1921.0,2024/07/20,Sold,1,3.1
PROP-13395,6 BHK Villa for sale in Loop,CHI,Loop,villa,1280679.6172268668,3855,6.0,5.0,2011.0,2025-06-07,Sold,2,4.5
PROP-10912,5 BHK Villa for sale in Queens,New York,Queens,VILLA,5705223.630447966,5348,5.0,4.0,2021.0,2025-09-12,Sold,10,4.6
PROP-12857,Commercial Space / Office in River North,chicago,River North,COMMERCIAL,3703144.5944905276,10606,,9.0,2016.0,2024-08-21,Active,6,4.5
PROP-11316,Commercial Space / Office in Little Havana,MIAMI,Little Havana,commercial,9758013.134524435,20707,,4.0,2002.0,2024-04-16,Sold,4,4.4
PROP-11675,3 BHK Villa for sale in Mission District,SF,Mission District,Villa,4237647.758132251,3100,3.0,2.0,1990.0,2025-08-13,Pending,5,3.8
PROP-11746,Commercial Space / Office in SOMA,SF,SOMA,COMMERCIAL,23047076.04926876,19335,,9.0,1989.0,2025-04-25,Active,5,3.7
PROP-13026,5 BHK Villa for sale in Bronx,NEW YORK,Bronx,VILLA,3275334.248362978,3763,5.0,5.0,1989.0,2024-12-07,Active,2,4.8
PROP-10532,5 BHK Villa for sale in Bronx,N.Y.,Bronx,Villa,2662379.294283829,3003,5.0,3.0,1985.0,2024-01-13,Pending,3,4.5
PROP-11736,Residential plot of 6322 sqft in Marina,san francisco,Marina,Plot,7798047.817754426,6322,,,,2025-10-08,Sold,4,3.5
PROP-11629,5 BHK Villa for sale in West Lake Hills,Austin,West Lake Hills,VILLA,2675503.836136459,3744,5.0,3.0,2010.0,2024-04-11,Pending,7,4.9
PROP-10792,Commercial Space / Office in West Lake Hills,austin,West Lake Hills,Commercial,1000677.8227075889,1337,,4.0,1997.0,2024/01/29,Pending,2,4.0
PROP-10430,Residential plot of 4454 sqft in Loop,chicago,Loop,land,1610551.9578780925,4454,,,,21/11/2024,Pending,5,5.0
PROP-11808,3 BHK Villa for sale in Bronx,NY,Bronx,Villa,3071412.791375806,3066,3.0,3.0,2023.0,2024-05-10,Active,9,5.0
PROP-10522,Residential plot of 3911 sqft in Pacific Heights,San Francisco,Pacific Heights,plot,8995395.806212759,3911,,,,2025-09-14,Active,2,3.9
PROP-13404,3 BHK Villa for sale in Lincoln Park,Chicago,Lincoln Park,VILLA,1860954.9802865572,3349,3.0,3.0,1982.0,2024/12/28,Sold,6,3.9
PROP-11124,3 BHK Villa for sale in Brooklyn,NEW YORK,Brooklyn,VILLA,7445289.361029916,5501,3.0,5.0,1980.0,2025-08-17,Pending,6,4.6
PROP-13084,Residential plot of 2731 sqft in Marina,san francisco,Marina,Plot,2733875.670534726,2731,,,,2025-09-08,Sold,5,4.0
PROP-10234,Residential plot of 8889 sqft in Brooklyn,NY,Brooklyn,Plot,"$11,227,541",8889,,,,2025-05-05,Active,7,3.0
PROP-10022,Residential plot of 5844 sqft in East Austin,ATX,East Austin,land,2138182.544104352,5844,,,,2024-07-15,Pending,3,
PROP-12222,Commercial Space / Office in Brickell,miami,Brickell,Commercial,8973221.694519434,14308,,2.0,2019.0,2024-11-13,Pending,10,4.4
PROP-10905,Commercial Space / Office in Coral Gables,miami,Coral Gables,Office,"$15,073,322",18895,,7.0,1984.0,2024-08-11,Sold,9,4.3
PROP-12998,Residential plot of 3562 sqft in Lincoln Park,Chicago,Lincoln Park,land,1868296.1416744534,3562,,,,2025-03-20,Active,1,3.3
PROP-12679,Residential plot of 3181 sqft in Loop,CHICAGO,Loop,plot,1244134.4583257702,3181,,,,2025-04-30,Sold,3,3.9
PROP-12010,5 BHK Villa for sale in Marina,SF,Marina,villa,4547443.025417497,3852,5.0,2.0,1995.0,2025-10-27,Sold,6,3.2
PROP-10928,Commercial Space / Office in Marina,SF,Marina,COMMERCIAL,26554104.548463665,22074,,8.0,1969.0,2024-05-12,Sold,3,4.8
PROP-11948,Residential plot of 9331 sqft in Brooklyn,N.Y.,Brooklyn,plot,12656492.997960329,9331,,,,2024/09/21,Active,8,4.1
PROP-12265,3 BHK Apartment for sale in Downtown,ATX,Downtown,APT,866887.7266231158,1822,3.0,1.0,1932.0,2024-08-06,Sold,4,4.9
PROP-10470,Commercial Space / Office in SOMA,San Francisco,SOMA,Office,14264848.366484225,11206,,4.0,2006.0,2025-03-10,Active,7,3.6
PROP-12448,Residential plot of 1255 sqft in South Austin,austin,South Austin,land,629238.2462977419,1255,,,,15/08/2025,Sold,7,3.2
PROP-12738,3 BHK Apartment for sale in Hyde Park,Chicago,Hyde Park,Apartment,405095.89278301265,1309,3.0,1.0,1999.0,2024-01-24,Active,5,4.9
PROP-11995,Residential plot of 6941 sqft in Brooklyn,NY,Brooklyn,plot,7867074.914777919,6941,,,,2025/11/14,Pending,3,3.2
PROP-12671,4 BHK Apartment for sale in Loop,chicago,Loop,Apt,714919 USD,2174,4.0,3.0,1992.0,2024/03/31,Sold,1,3.0
PROP-10197,Residential plot of 1885 sqft in Bronx,N.Y.,Bronx,land,2010926.584572119,1885,,,,2024-06-03,Active,6,3.8
PROP-12224,Residential plot of 7576 sqft in South Austin,AUSTIN,South Austin,land,3616153.580861868,7576,,,,2025-11-18,Active,1,3.5
PROP-11106,3 BHK Apartment for sale in Lincoln Park,CHI,Lincoln Park,Apt,775931.7693899587,1319,3.0,3.0,,19/01/2024,Active,5,4.1
PROP-12188,Residential plot of 7324 sqft in Lincoln Park,chicago,Lincoln Park,land,,7324,,,,2025-03-01,Active,3,4.4
PROP-10818,4 BHK Villa for sale in Hyde Park,CHI,Hyde Park,VILLA,1438876.3316431888,5893 sqft,4.0,2.0,1993.0,11/01/2025,Active,10,4.4
PROP-10430,Residential plot of 4454 sqft in Loop,chicago,Loop,land,1610551.9578780925,4454,,,,21/11/2024,Pending,5,5.0
PROP-12659,Residential plot of 7519 sqft in Queens,N.Y.,Queens,plot,"$7,737,209",7519,,,,2025/08/06,Active,7,4.6
PROP-11475,4 BHK Villa for sale in River North,CHI,River North,Villa,1568025.6048351598,4642,4.0,3.0,2014.0,2025-08-05,Active,9,4.2
PROP-10427,Residential plot of 6215 sqft in Little Havana,Miami,Little Havana,Plot,2951718.469313243,6215 sqft,,,,2025-02-20,Active,7,4.3
PROP-11697,Residential plot of 9494 sqft in Loop,CHI,Loop,Land,2854626.2934319465,9494,,,,2024/11/19,Active,7,3.1
PROP-11946,Commercial Space / Office in Coral Gables,MIAMI,Coral Gables,Commercial,16032311.838145047,20097,,3.0,1968.0,2024-09-17,Active,6,
PROP-10136,Residential plot of 7703 sqft in Lincoln Park,CHI,Lincoln Park,Plot,4253935.379883449,7703,,,,2024-05-22,Active,5,4.3
PROP-11642,1 BHK Apartment for sale in SOMA,san francisco,SOMA,Apartment,2565693.1887688385,1612,1.0,2.0,1970.0,2024-02-02,Sold,5,4.2
PROP-12624,Residential plot of 8982 sqft in Manhattan,new york,Manhattan,plot,16348125.871329794,0,,,,2024-12-16,Active,7,3.8
PROP-10632,6 BHK Villa for sale in SOMA,SF,SOMA,Villa,4416792.875893525,2957,6.0,5.0,2013.0,2025-08-03,Active,10,4.3
PROP-10667,Residential plot of 1528 sqft in Brickell,MIA,Brickell,land,960998.5139835945,1528,,,,2025/08/08,Sold,8,4.1
PROP-11180,1 BHK Apartment for sale in Coral Gables,miami,Coral Gables,APT,604247.1144067604,612,1.0,2.0,1958.0,2025-02-01,Pending,1,3.4
PROP-11855,Residential plot of 9515 sqft in Brickell,MIAMI,Brickell,land,5022789.077628651,9515,,,,2025-02-26,Pending,7,3.5
PROP-10888,1 BHK Apartment for sale in East Austin,ATX,East Austin,Apartment,"$407,354",1022,,3.0,2015.0,2024-10-28,Sold,7,4.9
PROP-12987,3 BHK Apartment for sale in West Lake Hills,ATX,West Lake Hills,Apartment,1054745.345105441,1750,3.0,3.0,1927.0,2025-04-17,Sold,1,3.5
PROP-12372,5 BHK Villa for sale in Bronx,New York,Bronx,VILLA,4720978.924223372,4863,5.0,3.0,2015.0,2025-05-25,Sold,9,4.3
PROP-12437,3 BHK Villa for sale in Manhattan,new york,Manhattan,Villa,"$2,883,191",1817,3.0,5.0,2002.0,2025-06-18,Sold,3,
PROP-11960,Commercial Space / Office in River North,CHICAGO,River North,COMMERCIAL,"$4,831,104",12163,,10.0,1981.0,2024-01-06,Sold,2,3.6
PROP-11799,4 BHK Apartment for sale in South Austin,AUSTIN,South Austin,Apartment,1071495.1875873301,2341,4.0,3.0,2006.0,2024-07-10,Pending,1,5.0
PROP-10817,1 BHK Apartment for sale in SOMA,San Francisco,SOMA,Apt,1098641.0936822616,778,1.0,2.0,1978.0,2025-05-16,Pending,10,4.4
PROP-11111,6 BHK Villa for sale in Little Havana,MIAMI,Little Havana,villa,898926.3098810645,2116,6.0,3.0,1988.0,2024-12-18,Pending,8,3.3
PROP-13414,4 BHK Apartment for sale in River North,CHI,River North,Apartment,687653.6152735814,1751,4.0,2.0,2020.0,2025-08-14,Active,3,3.8
PROP-12256,Commercial Space / Office in Downtown,AUSTIN,Downtown,Commercial,6982368.612815396,17330,,7.0,1972.0,22/05/2025,Sold,10,4.5
PROP-12341,4 BHK Apartment for sale in Marina,SAN FRANCISCO,Marina,APT,"$1,256,421",1078,4.0,3.0,,2024-11-18,Active,1,3.5
PROP-13167,4 BHK Villa for sale in Mission District,san francisco,Mission District,VILLA,8943318.957382977,5694,4.0,5.0,2024.0,2025-01-16,Sold,6,4.7
PROP-11809,3 BHK Apartment for sale in SOMA,san francisco,SOMA,APT,3183167.720231524,1978,,3.0,1995.0,2025-03-17,Sold,3,4.8
PROP-13225,2 BHK Apartment for sale in River North,Chicago,River North,Apt,588458.322996633,1594,2.0,2.0,1922.0,2024/11/04,Pending,10,
PROP-11884,2 BHK Apartment for sale in Hyde Park,CHI,Hyde Park,Apt,452678.1458220407,1420,2.0,3.0,1960.0,2025-01-05,Sold,2,5.0
PROP-13065,Residential plot of 6963 sqft in Lincoln Park,chicago,Lincoln Park,land,3215071.048244239,6963,,,,2024-07-28,Pending,2,3.1
PROP-11264,4 BHK Villa for sale in West Lake Hills,austin,West Lake Hills,Villa,2512340.8621769743,4368,4.0,5.0,2023.0,2025/05/03,Pending,5,3.6
PROP-10990,2 BHK Apartment for sale in SOMA,san francisco,SOMA,apartment,1292158.8461634174,843,2.0,1.0,1925.0,2024-01-16,Active,3,3.0
PROP-11464,5 BHK Villa for sale in Marina,San Francisco,Marina,Villa,5449304.529945264,5651,5.0,4.0,2017.0,2024-02-16,Sold,1,3.5
PROP-11739,Commercial Space / Office in West Lake Hills,austin,West Lake Hills,COMMERCIAL,5020191.419992116,6523,,10.0,1960.0,2024-04-24,Sold,2,4.3
PROP-12920,1 BHK Apartment for sale in River North,Chicago,River North,APT,328167.1757412705,994 sqft,1.0,2.0,,23/05/2024,Sold,3,5.0
PROP-13077,4 BHK Apartment for sale in South Austin,austin,South Austin,APT,980349.0895571933,2039,,3.0,1937.0,27/07/2025,Sold,3,3.0
PROP-10353,Residential plot of 2435 sqft in East Austin,AUSTIN,East Austin,land,801833.5120248115,2435,,,,2025-03-30,Pending,8,3.6
PROP-10849,Residential plot of 6215 sqft in Downtown,Austin,Downtown,Land,3122634.3461802974,6215,,,,2024-07-06,Sold,4,3.5
PROP-13361,3 BHK Apartment for sale in West Lake Hills,ATX,West Lake Hills,Apartment,1424038 USD,2071,3.0,2.0,1971.0,19/03/2024,Active,10,
PROP-11647,3 BHK Villa for sale in South Beach,MIA,South Beach,VILLA,1124891.6921929633,2046,3.0,5.0,2005.0,08/03/2025,Pending,10,4.6
PROP-11035,Residential plot of 7230 sqft in Lincoln Park,chicago,Lincoln Park,Plot,3526634.7973239147,7230,,,,2024-07-24,Active,3,4.4
PROP-11489,Residential plot of 6854 sqft in Mission District,SF,Mission District,Land,9483285.664278395,6854,,,,2025-03-14,Pending,3,3.8
PROP-12823,4 BHK Apartment for sale in Manhattan,new york,Manhattan,APT,1896024.3886326936,978,4.0,2.0,1961.0,2025-07-30,Active,10,4.2
PROP-11494,6 BHK Villa for sale in South Austin,AUSTIN,South Austin,Villa,1340500.4412421419,2866,6.0,5.0,1982.0,2025-11-18,Active,5,3.9
PROP-13130,2 BHK Apartment for sale in Downtown,austin,Downtown,APT,609938.1595823759,1554,2.0,1.0,1935.0,2024/09/23,Pending,10,4.9
PROP-11228,6 BHK Villa for sale in Downtown,austin,Downtown,villa,1539586.9063572043,3987,6.0,3.0,1993.0,2025-05-09,Sold,6,3.0
PROP-12307,Commercial Space / Office in Loop,chicago,Loop,Office,7981908.003383379,20992,,10.0,1961.0,2024-07-10,Pending,5,3.5
PROP-10026,Commercial Space / Office in Lincoln Park,CHI,Lincoln Park,COMMERCIAL,5176046.19152898,9101,,6.0,2009.0,2025-05-11,Pending,8,3.2
PROP-11053,4 BHK Villa for sale in Loop,CHI,Loop,VILLA,1381722.5076773916,4565,4.0,4.0,2021.0,2025-02-02,Sold,8,4.7
PROP-11045,1 BHK Apartment for sale in SOMA,SF,SOMA,Apartment,1688995.1686306188,1070,1.0,3.0,1925.0,2025-10-06,Active,10,
PROP-12894,Residential plot of 8327 sqft in Downtown,austin,Downtown,Plot,3637013.446991612,8327,,,,2025-09-06,Active,6,4.1
PROP-12455,3 BHK Apartment for sale in Little Havana,MIA,Little Havana,Apt,238839.33940939463,568,3.0,3.0,2000.0,2024-04-15,Active,3,4.4
PROP-10052,Residential plot of 5949 sqft in East Austin,ATX,East Austin,land,1948389.3281914704,5949,,,,28/01/2025,Active,4,3.8
PROP-11011,1 BHK Apartment for sale in Pacific Heights,SAN FRANCISCO,Pacific Heights,apartment,951805 USD,501,1.0,3.0,1937.0,2024-11-17,Sold,6,4.7
PROP-12459,Residential plot of 9308 sqft in Manhattan,NEW YORK,Manhattan,land,17939607.144777276,9308,,,,2024-04-16,Pending,3,4.0
PROP-13249,4 BHK Apartment for sale in Downtown,Austin,Downtown,Apt,708433.3816489623,1395,4.0,1.0,1954.0,2024-05-12,Pending,10,5.0
PROP-13085,Commercial Space / Office in Little Havana,MIA,Little Havana,Commercial,6510843.680764575,11984,,6.0,2022.0,03/11/2025,Sold,10,4.9
PROP-10159,2 BHK Apartment for sale in Bronx,N.Y.,Bronx,APT,1901047.6987204228,1864,2.0,1.0,1921.0,2024-01-12,Pending,9,4.8
PROP-10659,Residential plot of 6489 sqft in Bronx,N.Y.,Bronx,land,6872632.930971848,6489,,,,2025-01-08,Active,7,4.1
PROP-11587,Commercial Space / Office in Pacific Heights,SF,Pacific Heights,Office,33359889.809504505,16619,,3.0,2022.0,2025-09-01,Active,3,3.9
PROP-11589,2 BHK Apartment for sale in East Austin,AUSTIN,East Austin,APT,320675.3084916088,860,2.0,1.0,1971.0,2025-09-05,Sold,1,4.5
PROP-11479,1 BHK Apartment for sale in River North,CHICAGO,River North,APT,457897.12015210494,1437,1.0,3.0,1986.0,2024-02-08,Sold,6,3.5
PROP-13081,Commercial Space / Office in Manhattan,new york,Manhattan,Commercial,29332600.64704662,17079,,3.0,2010.0,2025-01-23,Active,7,3.8
PROP-13145,Commercial Space / Office in Bronx,new york,Bronx,commercial,4510563.364392966,5310,,5.0,2004.0,2025-06-19,Active,9,4.9
PROP-11469,Commercial Space / Office in Brooklyn,New York,Brooklyn,Office,27396555.382499516,21842,,5.0,1981.0,2024-04-05,Sold,2,3.1
PROP-12591,Residential plot of 5951 sqft in Coral Gables,Miami,Coral Gables,land,5329987.265077634,5951,,,,2024-09-11,Pending,3,4.7
PROP-13094,4 BHK Apartment for sale in Hyde Park,Chicago,Hyde Park,Apartment,363338.60826621496,1269,4.0,1.0,1927.0,2025-03-28,Pending,2,3.0
PROP-10182,2 BHK Apartment for sale in Little Havana,miami,Little Havana,Apartment,506446.6924906543,923,2.0,3.0,1957.0,29/04/2025,Pending,7,3.9
PROP-12384,Commercial Space / Office in Brickell,MIAMI,Brickell,commercial,11982018.865155295,18278,,4.0,1985.0,2025-09-11,Pending,6,3.2
PROP-12078,6 BHK Villa for sale in Manhattan,New York,Manhattan,VILLA,3777393.0101025132,2443,6.0,5.0,2018.0,2024-08-02,Pending,9,4.4
PROP-12773,2 BHK Apartment for sale in SOMA,SF,SOMA,Apartment,1081614.9216087253,893,2.0,1.0,2014.0,2025/06/03,Active,3,3.6
PROP-11304,2 BHK Apartment for sale in Bronx,N.Y.,Bronx,apartment,2336891.1288891397,2310,2.0,1.0,1980.0,2025-08-09,Sold,7,3.6
PROP-13384,Commercial Space / Office in Mission District,SF,Mission District,COMMERCIAL,26596326.970061947,18707,,8.0,1964.0,2025-07-28,Pending,10,4.2
PROP-11076,Residential plot of 8168 sqft in Bronx,NY,Bronx,Plot,8678500.003586752,8168,,,,2024-05-25,Sold,10,4.8
PROP-13474,Commercial Space / Office in West Lake Hills,AUSTIN,West Lake Hills,Office,6019198.325699705,8150,,9.0,1965.0,13/02/2024,Active,1,3.8
PROP-11556,2 BHK Apartment for sale in Mission District,SAN FRANCISCO,Mission District,Apartment,"$1,155,415",808,2.0,1.0,1931.0,2025-01-11,Sold,10,4.6
PROP-12828,Residential plot of 4620 sqft in Manhattan,New York,Manhattan,Land,7106347.584448352,4620,,,,2024-05-22,Active,5,4.5
PROP-10436,4 BHK Apartment for sale in Pacific Heights,San Francisco,Pacific Heights,apartment,3650069.939501046,1912 sqft,4.0,1.0,1951.0,2024-12-03,Sold,2,3.1
PROP-11693,Residential plot of 2286 sqft in Lincoln Park,Chicago,Lincoln Park,land,1185032.1439005537,2286,,,,2025-05-26,Active,5,3.7
PROP-13304,3 BHK Villa for sale in Manhattan,NY,Manhattan,Villa,Contact Agent,3570,3.0,5.0,2012.0,2024-07-28,Pending,9,4.2
PROP-12960,4 BHK Villa for sale in Loop,CHICAGO,Loop,VILLA,"$1,184,405",3356,4.0,4.0,2008.0,2024/02/17,Sold,6,4.6
PROP-12368,Residential plot of 1069 sqft in Lincoln Park,CHI,Lincoln Park,plot,630480.2354943188,1069,,,,2024-11-18,Sold,3,3.7
PROP-11588,1 BHK Apartment for sale in Hyde Park,Chicago,Hyde Park,apartment,235573.62712641218,793,1.0,3.0,1924.0,2025-10-13,Pending,8,3.8
PROP-13302,Commercial Space / Office in Bronx,NY,Bronx,commercial,7236026.523445747,7107,,4.0,1967.0,2025-10-20,Pending,6,4.2
PROP-12780,Residential plot of 3306 sqft in East Austin,AUSTIN,East Austin,land,1137245.7672770426,3306,,,,22/04/2025,Sold,1,3.6
PROP-11050,3 BHK Villa for sale in Bronx,New York,Bronx,villa,5441654.306063333,5878,3.0,3.0,1992.0,2024-04-11,Active,3,3.8
PROP-11590,Commercial Space / Office in Pacific Heights,san francisco,Pacific Heights,Commercial,19342996.095097862,10082,,7.0,2014.0,2025-11-18,Active,6,3.3
PROP-10631,Commercial Space / Office in Hyde Park,Chicago,Hyde Park,commercial,6035944.947053392,19935,,2.0,1985.0,2025-04-02,Sold,2,4.3
PROP-10973,1 BHK Apartment for sale in South Austin,ATX,South Austin,APT,321739.6870858292,732,1.0,2.0,1930.0,2024-03-04,Sold,9,4.6
PROP-11238,Commercial Space / Office in Bronx,new york,Bronx,commercial,19944030.777574852,18324,,4.0,1998.0,2025-07-17,Pending,5,
PROP-12951,Residential plot of 5042 sqft in South Beach,miami,South Beach,Plot,2640461.894679475,5042,,,,2025-01-25,Active,9,4.1
PROP-12342,1 BHK Apartment for sale in Hyde Park,CHICAGO,Hyde Park,apartment,154831.42576255466,508,1.0,2.0,2000.0,01/05/2024,Sold,6,
PROP-13187,Commercial Space / Office in Bronx,NEW YORK,Bronx,commercial,14200126.800937278,14615,,5.0,2019.0,2024-02-17,Pending,7,4.9
PROP-12555,Commercial Space / Office in Queens,NY,Queens,commercial,12437112.041157095,10413,,10.0,1990.0,2025-04-14,Active,9,4.4
PROP-11950,6 BHK Villa for sale in Brooklyn,NY,Brooklyn,VILLA,3453807.3343456835,2694,6.0,4.0,2023.0,05/11/2025,Pending,2,4.1
PROP-12158,Commercial Space / Office in Brooklyn,N.Y.,Brooklyn,Commercial,23665472.753924116,21166,,10.0,1994.0,2025-07-22,Sold,5,3.5
PROP-12231,Commercial Space / Office in Manhattan,new york,Manhattan,Commercial,18452959.01781627,9332,,10.0,1991.0,2024-05-18,Active,10,4.4
PROP-11036,Residential plot of 4684 sqft in Pacific Heights,San Francisco,Pacific Heights,plot,9085457.478591716,4684,,,,2024/07/26,Active,4,3.2
PROP-11497,Residential plot of 9630 sqft in West Lake Hills,AUSTIN,West Lake Hills,Plot,"$6,776,973",9630,,,,2024-03-10,Active,4,4.4
PROP-10449,Residential plot of 3200 sqft in Lincoln Park,CHICAGO,Lincoln Park,Plot,1806817.8669985395,3200,,,,2024-10-29,Pending,4,4.2
PROP-12369,Commercial Space / Office in Lincoln Park,Chicago,Lincoln Park,commercial,3718426.999520593,6172,,3.0,1986.0,17/01/2025,Pending,10,4.0
PROP-13259,6 BHK Villa for sale in Manhattan,new york,Manhattan,Villa,8499573.266958037,4545,6.0,3.0,2011.0,2024-12-21,Active,5,
PROP-13429,Commercial Space / Office in Loop,CHI,Loop,Office,6991951.793307144,17690,,10.0,1979.0,2024/07/19,Pending,6,3.1
PROP-13451,Commercial Space / Office in Little Havana,MIA,Little Havana,COMMERCIAL,2113450.876199507,4874,,8.0,1995.0,2024/07/25,Pending,3,4.3
PROP-10161,1 BHK Apartment for sale in South Beach,miami,South Beach,Apartment,1343323.9997879758,2258,1.0,1.0,1925.0,2025/01/27,Active,3,4.1
PROP-12422,5 BHK Villa for sale in Loop,CHICAGO,Loop,villa,2239565.0688833618,5952,5.0,5.0,1986.0,2024-09-08,Active,1,3.7
PROP-11680,3 BHK Villa for sale in Coral Gables,Miami,Coral Gables,villa,2693947.1656351434,3363 sqft,3.0,3.0,1996.0,2025-01-04,Pending,5,3.2
PROP-12983,3 BHK Villa for sale in Manhattan,New York,Manhattan,Villa,11122504.20956002,5848,3.0,2.0,2013.0,2024-01-19,Sold,10,4.2
PROP-11089,4 BHK Villa for sale in Coral Gables,Miami,Coral Gables,Villa,2244107.1555621307,2676,4.0,2.0,1982.0,01/07/2025,Active,3,3.1
PROP-11551,2 BHK Apartment for sale in Little Havana,miami,Little Havana,apartment,1162148.9998213619,2314,,2.0,1958.0,2025-02-14,Pending,8,3.6
PROP-10357,1 BHK Apartment for sale in Queens,N.Y.,Queens,APT,987917.86509089,833,1.0,1.0,1960.0,2024-05-18,Active,5,3.7
PROP-11146,3 BHK Villa for sale in Bronx,NY,Bronx,Villa,2967281.1117163347,2782,3.0,4.0,2000.0,2024-10-13,Active,8,
PROP-12130,Residential plot of 8227 sqft in Brooklyn,NY,Brooklyn,land,9497646.203832088,8227,,,,2025-03-16,Pending,9,4.2
PROP-12092,2 BHK Apartment for sale in Manhattan,New York,Manhattan,Apartment,2898109.8152764738,1423,2.0,3.0,1984.0,2024-09-20,Sold,6,4.3
PROP-11313,Residential plot of 4251 sqft in Brooklyn,new york,Brooklyn,Plot,4949076.625552898,4251,,,,2025-03-30,Sold,7,4.6
PROP-12015,Residential plot of 5213 sqft in SOMA,SAN FRANCISCO,SOMA,plot,8373635 USD,5213,,,,2025/06/06,Pending,4,3.7
PROP-10187,Residential plot of 8955 sqft in Coral Gables,MIA,Coral Gables,land,8233641.390346952,8955,,,,2025-04-29,Pending,7,
PROP-10909,1 BHK Apartment for sale in River North,CHI,River North,Apt,"$476,644",1479,1.0,2.0,1983.0,2025-02-18,Active,1,3.7
PROP-13426,Commercial Space / Office in South Austin,Austin,South Austin,Office,7107906.660785127,15320,,5.0,1979.0,2025-03-01,Active,6,4.5
PROP-11098,3 BHK Villa for sale in Brickell,miami,Brickell,VILLA,2047000.4384120188,3048,3.0,3.0,2002.0,2025-04-17,Sold,2,4.1
PROP-11381,4 BHK Villa for sale in Lincoln Park,CHICAGO,Lincoln Park,Villa,24205248.032915693,3038,4.0,5.0,1987.0,2025-08-22,Active,7,4.6
PROP-12014,3 BHK Apartment for sale in Downtown,austin,Downtown,Apt,712607.9930773712,1495,3.0,2.0,1993.0,2024-01-15,Active,4,4.3
PROP-10413,Commercial Space / Office in Marina,SF,Marina,Office,17232312.15270402,17913,,7.0,2020.0,2024-05-29,Sold,9,4.1
PROP-13331,3 BHK Apartment for sale in Brooklyn,N.Y.,Brooklyn,Apt,2260853.7217621943,1741,3.0,2.0,2020.0,2024-05-07,Sold,10,4.2
PROP-13455,4 BHK Apartment for sale in Coral Gables,MIA,Coral Gables,Apartment,615804.9667038284,717,4.0,3.0,1957.0,2025-10-02,Sold,5,4.8
PROP-10941,Commercial Space / Office in Manhattan,NY,Manhattan,Commercial,8364245.284619338,5243,,4.0,1962.0,2024-02-02,Sold,8,4.3
PROP-10801,Residential plot of 9379 sqft in East Austin,AUSTIN,East Austin,land,3364069.5784349055,9379,,,,2025-08-26,Sold,10,4.8
PROP-13336,1 BHK Apartment for sale in Lincoln Park,Chicago,Lincoln Park,APT,466535.6420507016,970,1.0,1.0,1994.0,2024/07/26,Pending,8,3.1
PROP-13175,Commercial Space / Office in Mission District,SF,Mission District,Commercial,28932226.985529676,20664,,3.0,1971.0,2024-03-19,Active,3,4.8
PROP-12750,Residential plot of 10000 sqft in Hyde Park,Chicago,Hyde Park,Plot,3098602.8433985105,10000,,,,2025-04-22,Active,3,3.3
PROP-12241,3 BHK Apartment for sale in Coral Gables,miami,Coral Gables,Apartment,1122541.7913803481,1224,3.0,3.0,1950.0,2025/07/11,Pending,8,3.5
PROP-10546,2 BHK Apartment for sale in Hyde Park,CHI,Hyde Park,apartment,211443.38407625162,659,2.0,2.0,2005.0,2024-11-20,Pending,3,4.0
PROP-10256,4 BHK Villa for sale in River North,chicago,River North,Villa,1062452.8267900704,2824,,4.0,2024.0,2024-08-03,Active,2,3.1
PROP-13198,Commercial Space / Office in Marina,SF,Marina,COMMERCIAL,,1115,,4.0,2015.0,2024/10/29,Active,6,3.1
PROP-10200,Residential plot of 2069 sqft in Mission District,SF,Mission District,plot,3178013.8111104686,2069,,,,2024/11/01,Pending,9,4.3
PROP-13199,Commercial Space / Office in Pacific Heights,san francisco,Pacific Heights,COMMERCIAL,42148783.77071474,20185,,4.0,2022.0,2025-08-29,Pending,7,4.8
PROP-12235,4 BHK Villa for sale in Marina,San Francisco,Marina,villa,Contact Agent,3341,4.0,4.0,1982.0,2024-07-07,Active,8,4.1
PROP-10647,Residential plot of 5570 sqft in Downtown,ATX,Downtown,plot,2236118.3861246835,5570,,,,2024-11-19,Active,7,4.8
PROP-11767,Commercial Space / Office in Mission District,SF,Mission District,Commercial,5984118.41065011,4146,,3.0,1962.0,2024-11-05,Pending,7,4.4
PROP-10140,Residential plot of 3692 sqft in Manhattan,New York,Manhattan,Plot,7502727.783115377,3692,,,,2024-09-06,Sold,5,3.7
PROP-11677,Commercial Space / Office in Coral Gables,Miami,Coral Gables,Commercial,20280765.503909383,23835,,6.0,1986.0,2025-04-24,Active,7,3.2
PROP-12958,3 BHK Apartment for sale in Marina,SF,Marina,Apt,747914.9370293096,644,3.0,3.0,1956.0,2025-07-07,Pending,8,3.7
PROP-12048,Commercial Space / Office in Coral Gables,miami,Coral Gables,commercial,19299265.398040116,22734,,4.0,1984.0,2025-11-02,Active,9,4.8
PROP-11572,Residential plot of 7997 sqft in Little Havana,MIAMI,Little Havana,Plot,"$3,272,382",0,,,,2024-07-18,Sold,9,
PROP-10024,3 BHK Villa for sale in Brooklyn,NEW YORK,Brooklyn,Villa,4132270.42338181,3007,3.0,2.0,1995.0,17/09/2025,Active,8,3.8
PROP-13363,Commercial Space / Office in Mission District,San Francisco,Mission District,COMMERCIAL,21186923.56133181,13952,,7.0,2010.0,2024-06-05,Pending,6,4.3
PROP-11088,Commercial Space / Office in Little Havana,miami,Little Havana,commercial,7553458.236167327,16180,,4.0,2001.0,2025-09-29,Sold,3,3.1
PROP-10578,Commercial Space / Office in South Beach,MIA,South Beach,COMMERCIAL,5345177.907068145,10450,,3.0,2022.0,2024-05-30,Active,10,4.6
PROP-12694,2 BHK Apartment for sale in Little Havana,MIA,Little Havana,Apt,657669.0682809317,1424,2.0,2.0,1941.0,2024-02-26,Active,2,4.5
PROP-10541,3 BHK Apartment for sale in Mission District,SF,Mission District,APT,3501315.3699428085,2259,3.0,2.0,1972.0,2025-11-27,Pending,9,5.0
PROP-13398,Commercial Space / Office in SOMA,San Francisco,SOMA,Office,4362466.246511145,3136,,2.0,1967.0,2024-10-05,Pending,5,4.9
PROP-11717,5 BHK Villa for sale in South Beach,MIAMI,South Beach,villa,3206187.142135319,5717,5.0,2.0,1981.0,2025-05-04,Pending,4,
PROP-10112,2 BHK Apartment for sale in South Austin,Austin,South Austin,Apt,507983.817360182,1128,2.0,2.0,2007.0,2024-11-14,Sold,5,3.7
PROP-12841,6 BHK Villa for sale in River North,Chicago,River North,VILLA,1695243.829768279,4370,6.0,4.0,2016.0,2024-10-25,Pending,10,4.1
